X1	X2	X3	X4	X5	X6	X7	X8	X9	X10	X11	X12	X13	X14	X15	X16	X17	X18	X19	X20	X21	X22	X23	X24	X25	X26	X27	X28	X29	X30	X31	X32	X33	X34	X35	X36	X37	X38	X39	X40	X41	X42	X43	X44	X45	X46	X47	X48	X49	X50	X51	X52	X53	X54	X55	X56	X57	X58	X59	X60	X61	X62	X63	X64	X65	X66	X67	X68	X69	X70	X71	X72	X73	X74	X75	X76	X77	X78	Y
Design 1	0.320113314	0.034127495	0.042394015	0.068433386	0.303030303	0.469820555	0.322033898	0.85915493	0.761904762	0.333333333	0	0	0.09232325	0.066473399	0.062749664	0.002596121	0.965355844	2.59111E-05	0.006012775	0.313199533	0.204720053	0.051421758	0.677966102	0.296651351	0.703348649	0.034127495	0.030894783	0.034127495	0.173843954	0.322033898	0.123709243	0.262709717	0.000849791	0.000279423	0.000334738	0.045017198	0.117789961	0.42903752	0.039660057	0.064426698	0.026472984	0.056210401	5.29632E-05	0.001548958	0.192194171	0.081476746	0.007074521	0.030508464	0.01281314	0.000959986	0.0007629	0.00921602	0.000742687	0.001039777	2.77518E-06	0.010746789	0.012984751	0.031873783	0.002162394	0.111442381	0.017297162	0.011950339	0.012921251	0.484513331	0.045237076	0.003545581	0.000702048	0.194300829	0.133483247	0.369290974	0.00025565	0.020812922	0.00254992	0.00150547	0.070964537	0.050780572	0.168071947	0.019671533
Design 1	0.320113314	0.034127495	0.142144638	0.068433386	0.303030303	0.469820555	0.322033898	0.85915493	0.761904762	0.333333333	0	0	0.09232325	0.066473399	0.062749664	9.61214E-05	0.379622013	2.06899E-06	0.006012775	0.313199533	0.204720053	0.051421758	0.677966102	0.296651351	0.703348649	0.034127495	0.030894783	0.034127495	0.173843954	0.322033898	0.123709243	0.262709717	0.000849791	0.000279423	0.000334738	0.045017198	0.117789961	0.42903752	0.039660057	0.064426698	0.008279857	0.171580267	0.001431603	0.013959373	0.192194171	0.081476746	0.002193741	0.030508464	0.01281314	0.010116624	0.013001489	0.04012911	0.000170954	8.74013E-05	2.33275E-07	0.005064572	0.073729567	0.08118706	0.000500367	0.2089557	0.060919028	0.048168278	0.073669974	0.611422404	0.045237076	0.001173738	0.000114994	0.117032717	0.100597855	0.312925978	6.32101E-05	0.010918736	0.000664366	0.000477537	0.034228596	0.018657511	0.132766242	0.153488663
Design 1	0.320113314	0.034127495	0.291770574	0.068433386	0.303030303	0.469820555	0.322033898	0.85915493	0.761904762	0.333333333	0	0	0.09232325	0.066473399	0.062749664	1.19868E-05	0.053365445	3.94543E-07	0.006012775	0.313199533	0.204720053	0.051421758	0.677966102	0.296651351	0.703348649	0.034127495	0.030894783	0.034127495	0.173843954	0.322033898	0.123709243	0.262709717	0.000849791	0.000279423	0.000334738	0.045017198	0.117789961	0.42903752	0.039660057	0.064426698	0.003731576	0.344635066	0.011453253	0.055844523	0.192194171	0.081476746	0.000973546	0.030508464	0.01281314	0.044681707	0.058456952	0.10123493	6.23889E-05	2.82873E-05	7.54992E-08	0.004872015	0.165753669	0.117408767	0.000181079	0.304522635	0.134621008	0.114771342	0.165699997	0.689941771	0.045237076	0.000585897	3.52916E-05	0.083128606	0.083274048	0.281389394	2.62408E-05	0.007139453	0.000253312	0.000209833	0.019530561	0.008744476	0.113602347	0.279549872
Design 1	0.320113314	0.034127495	0.441396509	0.068433386	0.303030303	0.469820555	0.322033898	0.85915493	0.761904762	0.333333333	0	0	0.09232325	0.066473399	0.062749664	3.5288E-06	0.015410849	1.33542E-07	0.006012775	0.313199533	0.204720053	0.051421758	0.677966102	0.296651351	0.703348649	0.034127495	0.030894783	0.034127495	0.173843954	0.322033898	0.123709243	0.262709717	0.000849791	0.000279423	0.000334738	0.045017198	0.117789961	0.42903752	0.039660057	0.064426698	0.002215482	0.517689865	0.038654873	0.125653106	0.192194171	0.081476746	0.000566815	0.030508464	0.01281314	0.106530322	0.131123342	0.173882285	3.1718E-05	1.55406E-05	4.1478E-08	0.004723699	0.24786791	0.146192878	9.40934E-05	0.377853723	0.214022722	0.184060206	0.247819521	0.699467375	0.045237076	0.000402672	1.73935E-05	0.067241608	0.074199385	0.264250101	1.6169E-05	0.005511649	0.000127139	0.000118373	0.01301909	0.004992293	0.103378539	0.393393031
Design 1	0.320113314	0.034127495	0.591022444	0.068433386	0.303030303	0.469820555	0.322033898	0.85915493	0.761904762	0.333333333	0	0	0.09232325	0.066473399	0.062749664	1.46995E-06	0.006144307	5.11414E-08	0.006012775	0.313199533	0.204720053	0.051421758	0.677966102	0.296651351	0.703348649	0.034127495	0.030894783	0.034127495	0.173843954	0.322033898	0.123709243	0.262709717	0.000849791	0.000279423	0.000334738	0.045017198	0.117789961	0.42903752	0.039660057	0.064426698	0.001457435	0.690744664	0.091626451	0.223385122	0.192194171	0.081476746	0.000363449	0.030508464	0.01281314	0.197333488	0.227907328	0.255211946	1.7859E-05	9.94651E-06	2.65474E-08	0.004570385	0.323118959	0.171686697	5.34834E-05	0.43967469	0.297368175	0.256276091	0.323075412	0.701805774	0.045237076	0.000308979	1.00132E-05	0.057434095	0.068192798	0.252640103	1.14669E-05	0.004558126	6.71619E-05	7.1946E-05	0.009137481	0.002963444	0.096533203	0.47545339
Design 1	0.065155807	0.051835158	0.082294264	0.061840088	0.151515152	0.42903752	0.457627119	0.85915493	0.761904762	0.333333333	0	0	0.093559273	0.061820707	0.061339084	0.000623187	0.808047666	6.07287E-07	0.014226222	0.0770361	0.029517631	0.004625032	0.542372881	0.392677134	0.607322866	0.051835158	0.046925095	0.051835158	0.173843954	0.457627119	0.08113481	0.067224435	3.57994E-05	0.000560628	0.000672352	0.00103862	0.197313863	0.42903752	0.218130311	0.243185736	0.038006479	0.083634385	0.000302375	0.001236933	0.013845549	0.005113908	0.000140225	0.01035773	0.004663987	0.003331701	0.003302274	0.005731368	0.000345267	0.000309809	8.26885E-07	0.009068229	0.031211797	0.046393794	0.000358241	0.154974083	0.03340576	0.01977954	0.031149469	0.360237152	0.001038808	2.75339E-05	3.55706E-06	0.025935316	0.009020827	0.067297342	2.1123E-06	0.000369337	0.000316017	8.53843E-05	0.004026792	0.007146946	0.009774926	0.446183414
Design 1	0.107648725	0.051835158	0.082294264	0.061840088	0.151515152	0.42903752	0.457627119	0.85915493	0.761904762	0.333333333	0	0	0.093559273	0.061820707	0.061339084	0.000623187	0.808047666	1.41321E-06	0.014226222	0.126692889	0.056723141	0.010642021	0.542372881	0.392677134	0.607322866	0.051835158	0.046925095	0.051835158	0.173843954	0.457627119	0.08113481	0.110118688	0.000121271	0.000560628	0.000672352	0.003532203	0.197313863	0.42903752	0.138810198	0.166280511	0.027826572	0.083634385	0.000302375	0.001856572	0.032247555	0.01318525	0.000623816	0.016328496	0.007287994	0.003331701	0.003302274	0.008635183	0.000345267	0.000309809	8.26885E-07	0.009068229	0.031211797	0.046393794	0.000562385	0.154974083	0.03340576	0.01977954	0.031149469	0.360237152	0.003538163	0.000129063	2.05093E-05	0.050395434	0.030145725	0.122892016	8.36489E-06	0.002086073	0.000517483	0.000213928	0.014017005	0.012494104	0.035940063	0.412941872
Design 1	0.150141643	0.051835158	0.082294264	0.061840088	0.151515152	0.42903752	0.457627119	0.85915493	0.761904762	0.333333333	0	0	0.093559273	0.061820707	0.061339084	0.000623187	0.808047666	2.54151E-06	0.014226222	0.176349678	0.08893976	0.019065806	0.542372881	0.392677134	0.607322866	0.051835158	0.046925095	0.051835158	0.173843954	0.457627119	0.08113481	0.15301294	0.000287717	0.000560628	0.000672352	0.008388128	0.197313863	0.42903752	0.099150141	0.124285387	0.022267698	0.083634385	0.000302375	0.00247621	0.058010363	0.02448513	0.001300845	0.022299262	0.009912	0.003331701	0.003302274	0.011538998	0.000345267	0.000309809	8.26885E-07	0.009068229	0.031211797	0.046393794	0.000766528	0.154974083	0.03340576	0.01977954	0.031149469	0.360237152	0.008405328	0.000326779	5.35217E-05	0.074855551	0.051270623	0.178486691	2.0541E-05	0.004489504	0.000718948	0.000363859	0.024007218	0.017648385	0.062105201	0.287566961
Design 1	0.192634561	0.051835158	0.082294264	0.061840088	0.151515152	0.42903752	0.457627119	0.85915493	0.761904762	0.333333333	0	0	0.093559273	0.061820707	0.061339084	0.000623187	0.808047666	3.99218E-06	0.014226222	0.226006467	0.12548233	0.029896386	0.542372881	0.392677134	0.607322866	0.051835158	0.046925095	0.051835158	0.173843954	0.457627119	0.08113481	0.195907193	0.000562128	0.000560628	0.000672352	0.016393842	0.197313863	0.42903752	0.075354108	0.097410803	0.018710323	0.083634385	0.000302375	0.003095849	0.091133974	0.039013546	0.00217131	0.028270028	0.012536007	0.003331701	0.003302274	0.014442814	0.000345267	0.000309809	8.26885E-07	0.009068229	0.031211797	0.046393794	0.000970672	0.154974083	0.03340576	0.01977954	0.031149469	0.360237152	0.016429572	0.000652741	0.000107947	0.099315668	0.072395521	0.234081366	4.06151E-05	0.007579629	0.000920413	0.000532011	0.033997431	0.022663836	0.088270338	0.155150583
Design 1	0.235127479	0.051835158	0.082294264	0.061840088	0.151515152	0.42903752	0.457627119	0.85915493	0.761904762	0.333333333	0	0	0.093559273	0.061820707	0.061339084	0.000623187	0.808047666	5.76522E-06	0.014226222	0.275663256	0.165888563	0.043133763	0.542372881	0.392677134	0.607322866	0.051835158	0.046925095	0.051835158	0.173843954	0.457627119	0.08113481	0.238801445	0.000971494	0.000560628	0.000672352	0.028336793	0.197313863	0.42903752	0.059490085	0.078557267	0.016214689	0.083634385	0.000302375	0.003715487	0.131618387	0.056770499	0.003235212	0.034240794	0.015160013	0.003331701	0.003302274	0.017346629	0.000345267	0.000309809	8.26885E-07	0.009068229	0.031211797	0.046393794	0.001174815	0.154974083	0.03340576	0.01977954	0.031149469	0.360237152	0.028400166	0.001139014	0.00018914	0.123775786	0.09352042	0.289676041	7.05618E-05	0.011356449	0.001121879	0.000716269	0.043987643	0.027571357	0.114435475	0.071000918
Design 1	0.277620397	0.051835158	0.082294264	0.061840088	0.151515152	0.42903752	0.457627119	0.85915493	0.761904762	0.333333333	0	0	0.093559273	0.061820707	0.061339084	0.000623187	0.808047666	7.86063E-06	0.014226222	0.325320045	0.209819077	0.058777935	0.542372881	0.392677134	0.607322866	0.051835158	0.046925095	0.051835158	0.173843954	0.457627119	0.08113481	0.281695698	0.001542808	0.000560628	0.000672352	0.045004429	0.197313863	0.42903752	0.04815864	0.06450955	0.0143552	0.083634385	0.000302375	0.004335126	0.179463603	0.07775599	0.00449255	0.04021156	0.01778402	0.003331701	0.003302274	0.020250445	0.000345267	0.000309809	8.26885E-07	0.009068229	0.031211797	0.046393794	0.001378959	0.154974083	0.03340576	0.01977954	0.031149469	0.360237152	0.04510638	0.001817658	0.000302453	0.148235903	0.114645318	0.345270716	0.000112355	0.015819963	0.001323344	0.000915099	0.053977856	0.032390905	0.140600613	0.042499205
Design 1	0.320113314	0.051835158	0.082294264	0.061840088	0.151515152	0.42903752	0.457627119	0.85915493	0.761904762	0.333333333	0	0	0.093559273	0.061820707	0.061339084	0.000623187	0.808047666	1.02784E-05	0.014226222	0.374976834	0.257010921	0.076828902	0.542372881	0.392677134	0.607322866	0.051835158	0.046925095	0.051835158	0.173843954	0.457627119	0.08113481	0.324589951	0.002303059	0.000560628	0.000672352	0.067184195	0.197313863	0.42903752	0.039660057	0.053586817	0.012909363	0.083634385	0.000302375	0.004954764	0.234669621	0.101970017	0.005943325	0.046182326	0.020408026	0.003331701	0.003302274	0.02315426	0.000345267	0.000309809	8.26885E-07	0.009068229	0.031211797	0.046393794	0.001583102	0.154974083	0.03340576	0.01977954	0.031149469	0.360237152	0.067337483	0.002720736	0.000453239	0.17269602	0.135770216	0.400865391	0.000167971	0.020970171	0.001524809	0.001127317	0.063968069	0.0371364	0.16676575	0.033287146
Design 1	0.150141643	0.195106246	0.158603491	0.006378821	0.142424242	0.388254486	0.220338983	0.85915493	0.761904762	0.333333333	0	0	0.009745275	0.006492444	0.006465363	4.91824E-05	0.831579291	1.95037E-05	0.003165424	0.404484614	0.207445509	0.095668548	0.779661017	0.100461851	0.899538149	0.195106246	0.176624891	0.195106246	0.173843954	0.220338983	0.175651466	0.403346611	0.021312103	0.007574487	0.011094061	0.041804965	0.071837533	0.390586114	0.099150141	0.057147657	0.006857573	0.062555743	0.000263393	0.004071869	0.143926614	0.507101737	0.04024511	0.149976144	0.054420243	0.003018894	0.003506007	0.05035933	0.0003671	0.000237061	6.32718E-07	0.000766227	0.017063256	0.070902167	0.003064644	0.06319796	0.015546399	0.012735799	0.017000018	0.646006604	0.050893405	0.050714789	0.011062652	0.219948974	0.470122802	0.487113415	0.003162371	0.125462598	0.004929924	0.004581278	0.188457081	0.092539194	0.499264839	0.014389765
Design 1	0.150141643	0.195106246	0.158603491	0.068433386	0.142424242	0.388254486	0.220338983	0.85915493	0.761904762	0.333333333	0	0	0.053006106	0.068528338	0.068203171	4.91824E-05	0.250402865	3.24708E-06	0.003165424	0.404484614	0.21879283	0.106285528	0.779661017	0.223743584	0.776256416	0.195106246	0.176624891	0.195106246	0.173843954	0.220338983	0.175651466	0.403346611	0.023672618	0.008420431	0.011094061	0.046436469	0.071837533	0.390586114	0.099150141	0.057147657	0.006857573	0.062555743	0.00233988	0.009504153	0.143926614	0.055902711	0.004312324	0.149976144	0.060512428	0.01436977	0.020137108	0.05035933	0.000136008	5.62273E-05	1.50071E-07	0.003568867	0.098029029	0.105750079	0.000546523	0.231440814	0.074296481	0.066679236	0.097971	0.746547102	0.050893405	0.001314315	0.000377481	0.100355859	0.135507811	0.352818997	6.76868E-05	0.013234844	0.000870333	0.00067593	0.052635262	0.022512943	0.139249448	0.088276323
Design 1	0.150141643	0.195106246	0.158603491	0.130487951	0.142424242	0.388254486	0.220338983	0.85915493	0.761904762	0.333333333	0	0	0.096266938	0.130564232	0.129940979	4.91824E-05	0.137512184	1.55457E-06	0.003165424	0.404484614	0.229587158	0.116902508	0.779661017	0.324668706	0.675331294	0.195106246	0.176624891	0.195106246	0.173843954	0.220338983	0.175651466	0.403346611	0.026033133	0.009266376	0.011094061	0.051067972	0.071837533	0.390586114	0.099150141	0.057147657	0.006857573	0.062555743	0.004416368	0.014936436	0.143926614	0.028987224	0.002168816	0.149976144	0.066604613	0.022620751	0.031967579	0.05035933	0.00010047	3.94924E-05	1.05406E-07	0.005562515	0.155623724	0.117376207	0.000322169	0.326096197	0.11700207	0.106896827	0.1555694	0.767180866	0.050893405	0.000449938	0.000140756	0.062930471	0.086321602	0.320564833	2.20271E-05	0.006540095	0.000493617	0.000366825	0.033971668	0.014020072	0.089778891	0.338882031
Design 1	0.150141643	0.195106246	0.158603491	0.192542515	0.142424242	0.388254486	0.220338983	0.85915493	0.761904762	0.333333333	0	0	0.139527769	0.192600126	0.191678787	4.91824E-05	0.09413223	9.52288E-07	0.003165424	0.404484614	0.239902233	0.127519487	0.779661017	0.408813054	0.591186946	0.195106246	0.176624891	0.195106246	0.173843954	0.220338983	0.175651466	0.403346611	0.028393649	0.010112321	0.011094061	0.055699476	0.071837533	0.390586114	0.099150141	0.057147657	0.006857573	0.062555743	0.006492855	0.02036872	0.143926614	0.019287319	0.001396331	0.149976144	0.072696798	0.029789289	0.041961237	0.05035933	8.31788E-05	3.21679E-05	8.58564E-08	0.007246626	0.204276198	0.125158132	0.000230653	0.400018795	0.154105129	0.141762821	0.204225005	0.775209033	0.050893405	0.00023174	7.6831E-05	0.044051701	0.063314965	0.302288336	1.10454E-05	0.004127415	0.000341305	0.000245302	0.025221633	0.010197145	0.066585657	0.512114094
Design 1	0.150141643	0.195106246	0.158603491	0.234817187	0.142424242	0.388254486	0.220338983	0.85915493	0.761904762	0.333333333	0	0	0.168999211	0.234862079	0.233737669	4.91824E-05	0.077368571	7.32281E-07	0.003165424	0.404484614	0.246685439	0.134752305	0.779661017	0.458553737	0.541446263	0.195106246	0.176624891	0.195106246	0.173843954	0.220338983	0.175651466	0.403346611	0.03000175	0.010688621	0.011094061	0.058854688	0.071837533	0.390586114	0.099150141	0.057147657	0.006857573	0.062555743	0.007907462	0.024069463	0.143926614	0.015596653	0.001102412	0.149976144	0.076847099	0.034292978	0.048119127	0.05035933	7.53793E-05	2.90202E-05	7.74553E-08	0.008284342	0.23425487	0.129387207	0.000193139	0.44370325	0.177415409	0.16363824	0.234205605	0.77832633	0.050893405	0.00016358	5.60895E-05	0.035671578	0.053224085	0.293298014	7.70717E-06	0.003209428	0.0002797	0.000196731	0.021357297	0.008547355	0.056342675	0.546478234
Design 1	0.073654391	0.356084997	0.197007481	0.079680776	0	0.143556281	0.288135593	0.85915493	0.761904762	0.333333333	0	0	0.060495638	0.081594648	0.085291952	3.38692E-05	0.057957625	9.77536E-07	0.004891294	0.340065594	0.180852505	0.090823735	0.711864407	0.316635128	0.683364872	0.356084997	0.322354999	0.356084997	0.173843954	0.288135593	0.138249677	0.368187388	0.051524435	0.039891129	0.051648433	0.021825227	0.101351761	0.171460462	0.196497553	0.051363652	0.005080178	0.045827113	0.010550873	0.012781843	0.072128623	0.021826978	0.002251168	0.320881749	0.138193679	0.042137804	0.056388861	0.071586	6.50913E-05	2.7901E-05	7.4468E-08	0.005610186	0.160094653	0.105271671	0.000277582	0.291807321	0.127114986	0.111325867	0.160040617	0.719327516	0.02351324	0.000247726	0.000119567	0.047591145	0.088621714	0.25840138	1.12717E-05	0.005803499	0.000404473	0.000325378	0.034815603	0.011865648	0.07448925	0.489208643
Design 1	0.073654391	0.356084997	0.197007481	0.079680776	0	0.256117455	0.288135593	0.85915493	0.761904762	0.333333333	0	0	0.060495638	0.081594648	0.085291952	3.38692E-05	0.085191504	1.15965E-06	0.004891294	0.340065594	0.163981193	0.090823735	0.711864407	0.316635128	0.683364872	0.356084997	0.322354999	0.356084997	0.173843954	0.288135593	0.138249677	0.368187388	0.051524435	0.039891129	0.051648433	0.021825227	0.101351761	0.289945909	0.196497553	0.067126257	0.005996197	0.045827113	0.007178959	0.010542988	0.072128623	0.021826978	0.002251168	0.264409356	0.113889969	0.032005309	0.043234114	0.059036009	7.91216E-05	3.39368E-05	9.05778E-08	0.005275599	0.148806873	0.108492195	0.000307776	0.291807321	0.117041029	0.101928302	0.148752111	0.71308796	0.02351324	0.000262254	0.000120264	0.050361684	0.086298213	0.25840138	1.23585E-05	0.005803499	0.000446737	0.000342393	0.034815603	0.012751536	0.07448925	0.456551996
Design 1	0.073654391	0.356084997	0.197007481	0.079680776	0	0.36867863	0.288135593	0.85915493	0.761904762	0.333333333	0	0	0.060495638	0.081594648	0.085291952	3.38692E-05	0.117237639	1.33723E-06	0.004891294	0.340065594	0.151038485	0.090823735	0.711864407	0.316635128	0.683364872	0.356084997	0.322354999	0.356084997	0.173843954	0.288135593	0.138249677	0.368187388	0.051524435	0.039891129	0.051648433	0.021825227	0.101351761	0.408431356	0.196497553	0.082209787	0.006872753	0.045827113	0.005198649	0.008971438	0.072128623	0.021826978	0.002251168	0.224768907	0.09683013	0.025415447	0.034458546	0.050226621	9.28033E-05	4.01463E-05	1.07151E-07	0.005004863	0.139372945	0.111324086	0.000335954	0.291807321	0.109214327	0.094484188	0.139317575	0.70579083	0.02351324	0.000275602	0.00012109	0.052767579	0.08438481	0.25840138	1.33727E-05	0.005803499	0.000484951	0.000357211	0.034815603	0.01352958	0.07448925	0.432227013
Design 1	0.073654391	0.356084997	0.197007481	0.079680776	0	0.481239804	0.288135593	0.85915493	0.761904762	0.333333333	0	0	0.060495638	0.081594648	0.085291952	3.38692E-05	0.153692526	1.51106E-06	0.004891294	0.340065594	0.140703613	0.090823735	0.711864407	0.316635128	0.683364872	0.356084997	0.322354999	0.356084997	0.173843954	0.288135593	0.138249677	0.368187388	0.051524435	0.039891129	0.051648433	0.021825227	0.101351761	0.526916803	0.196497553	0.096739412	0.007717119	0.045827113	0.003937564	0.007807545	0.072128623	0.021826978	0.002251168	0.195411131	0.084195587	0.020840482	0.028249921	0.043702375	0.000106196	4.65659E-05	1.24285E-07	0.004780642	0.131289489	0.113843606	0.00036274	0.291807321	0.102897128	0.088350233	0.1312336	0.697548511	0.02351324	0.000288163	0.000122035	0.054901742	0.082762257	0.25840138	1.43367E-05	0.005803499	0.000520032	0.000370388	0.034815603	0.014226406	0.07448925	0.409288681
Design 1	0.073654391	0.356084997	0.197007481	0.079680776	0	0.593800979	0.288135593	0.85915493	0.761904762	0.333333333	0	0	0.060495638	0.081594648	0.085291952	3.38692E-05	0.19397399	1.68169E-06	0.004891294	0.340065594	0.13220408	0.090823735	0.711864407	0.316635128	0.683364872	0.356084997	0.322354999	0.356084997	0.173843954	0.288135593	0.138249677	0.368187388	0.051524435	0.039891129	0.051648433	0.021825227	0.101351761	0.64540225	0.196497553	0.110804025	0.008534462	0.045827113	0.003085319	0.006910902	0.072128623	0.021826978	0.002251168	0.172794408	0.074462154	0.01750826	0.023663296	0.038676208	0.000119342	5.32201E-05	1.42045E-07	0.004591936	0.124237179	0.116100836	0.000388535	0.291807321	0.097653088	0.083151478	0.124180836	0.688513151	0.02351324	0.000300177	0.000123088	0.056824777	0.081356318	0.25840138	1.52651E-05	0.005803499	0.000552597	0.000382287	0.034815603	0.014859557	0.07448925	0.38748514
Design 1	0.036260623	0.517063748	0.241895262	0.042060196	0.606060606	0.445350734	0.016944068	0.85915493	0.761904762	0.333333333	0	0	0.067100078	0.036230901	0.0310813	2.04416E-06	0.142291746	1.49035E-06	0.000166585	0.267110205	0.093215824	0.064990716	0.983055932	0.013100545	0.986899455	0.517063748	0.468085106	0.517063748	0.173843954	0.016944068	0.673718428	0.306307154	0.060751682	0.11121223	0.141861219	0.00937175	0.004469978	0.336832399	0.340715941	0.10271971	0.00646601	0.039728991	0.004263847	0.004985206	0.035918302	0.029843974	0.003613014	0.290951355	0.104973961	0.022059933	0.035076306	0.054006982	0.000102194	2.96031E-05	7.90111E-08	0.000245633	0.105855849	0.269913929	0.000350364	0.190131505	0.070702779	0.076502076	0.105798324	0.979898167	0.009946751	0.003575706	0.001720389	0.056417008	0.172138547	0.215301039	0.00017409	0.008881609	0.000951582	0.000522959	0.047155902	0.017921262	0.152361086	0.121750595
Design 1	0.036260623	0.517063748	0.241895262	0.042060196	0.606060606	0.445350734	0.06779661	0.85915493	0.761904762	0.333333333	0	0	0.072720685	0.036230901	0.0310813	5.15986E-06	0.142291746	1.49035E-06	0.000723654	0.267110205	0.093817466	0.06580856	0.93220339	0.049313805	0.950686195	0.517063748	0.468085106	0.517063748	0.173843954	0.06779661	0.3820292	0.306307154	0.061513973	0.112608473	0.141861219	0.009489485	0.018818576	0.336832399	0.340715941	0.10271971	0.00646601	0.039728991	0.004263847	0.004985206	0.035918302	0.029843974	0.003613014	0.290951355	0.106298463	0.022059933	0.034084203	0.054006982	0.000102194	3.19677E-05	8.53221E-08	0.000836837	0.102861617	0.171776313	0.000367299	0.190131505	0.070702779	0.073396003	0.102803899	0.924343046	0.009946751	0.001481678	0.000715065	0.056417008	0.148711378	0.215301039	7.22668E-05	0.008881609	0.00083644	0.000522959	0.047155902	0.017921262	0.126705169	0.114601176
Design 1	0.036260623	0.517063748	0.241895262	0.042060196	0.606060606	0.445350734	0.237288136	0.85915493	0.761904762	0.333333333	0	0	0.09145417	0.036230901	0.0310813	1.55445E-05	0.142291746	1.49035E-06	0.003545165	0.267110205	0.09579628	0.068534437	0.762711864	0.163788734	0.836211266	0.517063748	0.468085106	0.517063748	0.173843954	0.237288136	0.164978545	0.306307154	0.06405469	0.117262149	0.141861219	0.009881896	0.078824681	0.336832399	0.340715941	0.10271971	0.00646601	0.039728991	0.004263847	0.004985206	0.035918302	0.029843974	0.003613014	0.290951355	0.110713026	0.022059933	0.030858001	0.054006982	0.000102194	4.12968E-05	1.10222E-07	0.002677964	0.093124731	0.101404984	0.000431371	0.190131505	0.070702779	0.063621875	0.093066387	0.749523333	0.009946751	0.000560351	0.000272744	0.056417008	0.123421277	0.215301039	2.74668E-05	0.008881609	0.000717774	0.000522959	0.047155902	0.017921262	0.100360039	0.285233783
Design 1	0.036260623	0.517063748	0.241895262	0.042060196	0.606060606	0.445350734	0.406779661	0.85915493	0.761904762	0.333333333	0	0	0.110187655	0.036230901	0.0310813	2.59291E-05	0.142291746	1.49035E-06	0.01012214	0.267110205	0.097736223	0.071260313	0.593220339	0.269528899	0.730471101	0.517063748	0.468085106	0.517063748	0.173843954	0.406779661	0.094868808	0.306307154	0.066595407	0.121915825	0.141861219	0.010274307	0.16463329	0.336832399	0.340715941	0.10271971	0.00646601	0.039728991	0.004263847	0.004985206	0.035918302	0.029843974	0.003613014	0.290951355	0.115127589	0.022059933	0.027758422	0.054006982	0.000102194	5.3494E-05	1.42776E-07	0.004359083	0.083770001	0.080160996	0.000509706	0.190131505	0.070702779	0.054712179	0.083711054	0.590164812	0.009946751	0.000386317	0.000189191	0.056417008	0.112301311	0.215301039	1.90043E-05	0.008881609	0.00066989	0.000522959	0.047155902	0.017921262	0.089548139	0.319119299
Design 1	0.036260623	0.517063748	0.241895262	0.042060196	0.606060606	0.445350734	0.576271186	0.85915493	0.761904762	0.333333333	0	0	0.128921141	0.036230901	0.0310813	3.63137E-05	0.142291746	1.49035E-06	0.042699388	0.267110205	0.099639501	0.07398619	0.423728814	0.367497293	0.632502707	0.517063748	0.468085106	0.517063748	0.173843954	0.576271186	0.05563253	0.306307154	0.069136124	0.126569501	0.141861219	0.010666718	0.290424773	0.336832399	0.340715941	0.10271971	0.00646601	0.039728991	0.004263847	0.004985206	0.035918302	0.029843974	0.003613014	0.290951355	0.119542152	0.022059933	0.024789414	0.054006982	0.000102194	6.97234E-05	1.86093E-07	0.005937623	0.07480934	0.068877007	0.000606587	0.190131505	0.070702779	0.046633331	0.074749817	0.445666815	0.009946751	0.000321234	0.000157946	0.056417008	0.105011337	0.215301039	1.58396E-05	0.008881609	0.000641034	0.000522959	0.047155902	0.017921262	0.082877292	0.282343602
Design 1	0.036260623	0.517063748	0.241895262	0.042060196	0.606060606	0.445350734	0.745762712	0.85915493	0.761904762	0.333333333	0	0	0.147654626	0.036230901	0.0310813	4.66983E-05	0.142291746	1.49035E-06	0.963313387	0.267110205	0.101508116	0.076712066	0.254237288	0.458520366	0.541479634	0.517063748	0.468085106	0.517063748	0.173843954	0.745762712	0.028903029	0.306307154	0.071676841	0.131223177	0.141861219	0.011059129	0.480927593	0.336832399	0.340715941	0.10271971	0.00646601	0.039728991	0.004263847	0.004985206	0.035918302	0.029843974	0.003613014	0.290951355	0.123956715	0.022059933	0.021955304	0.054006982	0.000102194	9.17523E-05	0.002041784	0.001882616	0.000756595	0.119700676	0.000727964	0.190131505	0.070702779	0.039351193	0.066195742	0.31541873	0.009946751	0.000294839	0.000145274	0.056417008	0.09948484	0.215301039	1.45562E-05	0.008881609	0.000620949	0.000522959	0.047155902	0.017921262	0.078115486	0.260931728
Design 1	0.036260623	0.517063748	0.241895262	0.042060196	0.606060606	0.445350734	0.830508475	0.85915493	0.761904762	0.333333333	0	0	0.157021368	0.036230901	0.0310813	5.18906E-05	0.142291746	1.49035E-06	0.987689056	0.267110205	0.102430002	0.078075004	0.169491525	0.50165419	0.49834581	0.517063748	0.468085106	0.517063748	0.173843954	0.830508475	0.018168424	0.306307154	0.072947199	0.133550015	0.141861219	0.011255334	0.613457935	0.336832399	0.340715941	0.10271971	0.00646601	0.039728991	0.004263847	0.004985206	0.035918302	0.029843974	0.003613014	0.290951355	0.126163996	0.022059933	0.020590307	0.054006982	0.000102194	0.000105749	0.002585878	0.002426796	0.000671272	0.106259631	0.000800346	0.190131505	0.070702779	0.035998058	0.062075827	0.255444676	0.009946751	0.000289795	0.000142852	0.056417008	0.097122636	0.215301039	1.43109E-05	0.008881609	0.000612916	0.000522959	0.047155902	0.017921262	0.076173338	0.244873542
Design 1	0.039660057	0.678042498	0.12967581	0.103339079	0	0.408646003	0.491525424	0.85915493	0.761904762	0.333333333	0	0	0.145433645	0.105245833	0.10999398	0.000187218	0.31236116	3.48536E-06	0.018323719	0.357742953	0.146790956	0.142207534	0.508474576	0.537694476	0.462305524	0.678042498	0.613815214	0.678042498	0.173843954	0.491525424	0.073043801	0.424442145	0.299181985	0.277795652	0.301595785	0.021730072	0.221317371	0.450502275	0.320113314	0.093771279	0.011649287	0.016151419	0.001818273	0.002919306	0.052338925	0.01179979	0.003555671	0.441659755	0.226884387	0.012000735	0.013908016	0.026336757	0.000153028	9.81554E-05	2.61978E-07	0.009930106	0.088306061	0.073625449	0.000716597	0.269354825	0.080934884	0.054473233	0.088247406	0.462743066	0.01963017	0.000163766	0.000176989	0.047408233	0.074348089	0.261040297	8.87077E-06	0.005641839	0.000739552	0.000523358	0.046685338	0.019138674	0.053531881	0.256069597
Design 1	0.039660057	0.678042498	0.12967581	0.103339079	0.227272727	0.408646003	0.491525424	0.85915493	0.761904762	0.333333333	0	0	0.170057556	0.1023379	0.099030665	0.000187218	0.299726488	3.68556E-06	0.018323719	0.357742953	0.150254751	0.148870103	0.508474576	0.513144791	0.486855209	0.678042498	0.613815214	0.678042498	0.173843954	0.491525424	0.073043801	0.424442145	0.313180417	0.29079639	0.301595785	0.022747329	0.221317371	0.389249194	0.320113314	0.085800935	0.010958721	0.016151419	0.00190832	0.002919306	0.052338925	0.013234977	0.003970877	0.476652667	0.237527405	0.012422322	0.014432407	0.028421996	0.000149622	9.54021E-05	2.54629E-07	0.010215075	0.084929989	0.068880541	0.000745453	0.254653645	0.077644437	0.052495652	0.084871117	0.46659626	0.01963017	0.000191673	0.00020641	0.050691849	0.081471145	0.265288538	1.02883E-05	0.006367558	0.000779675	0.000566815	0.050016779	0.020124896	0.058642261	0.236313798
Design 1	0.039660057	0.678042498	0.12967581	0.103339079	0.454545455	0.408646003	0.491525424	0.85915493	0.761904762	0.333333333	0	0	0.194681467	0.099429968	0.089562348	0.000187218	0.288989263	3.88639E-06	0.018323719	0.357742953	0.153641962	0.155532673	0.508474576	0.490695834	0.509304166	0.678042498	0.613815214	0.678042498	0.173843954	0.491525424	0.073043801	0.424442145	0.327178849	0.303797128	0.301595785	0.023764586	0.221317371	0.336348806	0.320113314	0.07879005	0.010351285	0.016151419	0.001990537	0.002919306	0.052338925	0.014752964	0.004410038	0.51164558	0.248170422	0.012802308	0.014904668	0.030507234	0.000146707	9.3077E-05	2.48424E-07	0.010471716	0.081728426	0.064699534	0.000775153	0.241296833	0.074560152	0.050604715	0.081669348	0.469884486	0.01963017	0.000222639	0.000239116	0.053880652	0.088663351	0.269404267	1.18594E-05	0.007135146	0.000820627	0.000611599	0.053366411	0.021118876	0.063780545	0.213125035
Design 1	0.039660057	0.678042498	0.12967581	0.103339079	0.681818182	0.408646003	0.491525424	0.85915493	0.761904762	0.333333333	0	0	0.219305378	0.096522035	0.081302751	0.000187218	0.279873221	4.08854E-06	0.018323719	0.357742953	0.156957454	0.162195242	0.508474576	0.470089028	0.529910972	0.678042498	0.613815214	0.678042498	0.173843954	0.491525424	0.073043801	0.424442145	0.341177281	0.316797866	0.301595785	0.024781844	0.221317371	0.290201659	0.320113314	0.072568793	0.009812264	0.016151419	0.002064923	0.002919306	0.052338925	0.016361128	0.004875287	0.546638492	0.25881344	0.013142256	0.015326837	0.032592473	0.000144214	9.11115E-05	2.43178E-07	0.010701135	0.078678412	0.060982573	0.000805826	0.229064958	0.071651081	0.048789534	0.078619138	0.472686146	0.01963017	0.000257018	0.000275471	0.056983585	0.095945133	0.273412623	1.36024E-05	0.007948333	0.000862588	0.000657903	0.056746868	0.022125213	0.068966114	0.188932632
Design 1	0.039660057	0.678042498	0.12967581	0.103339079	0.909090909	0.408646003	0.491525424	0.85915493	0.761904762	0.333333333	0	0	0.243929289	0.093614103	0.074034307	0.000187218	0.272160482	4.29263E-06	0.018323719	0.357742953	0.160205598	0.168857812	0.508474576	0.451106561	0.548893439	0.678042498	0.613815214	0.678042498	0.173843954	0.491525424	0.073043801	0.424442145	0.355175713	0.329798605	0.301595785	0.025799101	0.221317371	0.24959217	0.320113314	0.06700585	0.00933028	0.016151419	0.002131479	0.002919306	0.052338925	0.018067751	0.005369022	0.581631404	0.269456457	0.013443464	0.015700619	0.034677711	0.00014209	8.94533E-05	2.38752E-07	0.01090426	0.075760904	0.057652189	0.000837609	0.217784806	0.068892344	0.047041044	0.075701443	0.475063659	0.01963017	0.000295222	0.000315896	0.060008233	0.103336655	0.277335008	1.55388E-05	0.008811308	0.000905739	0.000705934	0.060170284	0.023148311	0.074217582	0.166242742
Design 1	0.051558074	0.034127495	0.067331671	0.037018263	0.606060606	0.437194127	0.084745763	0.85915493	0.761904762	0.333333333	0	0	0.07308763	0.031190484	0.026732476	0.000230737	0.933704273	8.51932E-07	0.000931159	0.048172695	0.016979958	0.001994928	0.915254237	0.056951805	0.943048195	0.034127495	0.030894783	0.034127495	0.173843954	0.084745763	0.337888429	0.040503425	7.36277E-06	0.000265492	0.000334738	0.000388746	0.023932463	0.329739698	0.26345609	0.28485045	0.052389282	0.085052867	0.000101619	0.000539235	0.007638341	0.006990588	0.00024448	0.006089745	0.002221898	0.001528929	0.001669367	0.003738842	0.000558662	0.000410669	1.09608E-06	0.000781421	0.016628678	0.089646556	0.000304422	0.08623943	0.016118536	0.015677327	0.016565412	0.839311375	0.000405515	0.000187592	2.5484E-05	0.030445618	0.025987866	0.047874081	1.3246E-05	0.000752457	0.000635373	0.000139846	0.006558564	0.010653887	0.032604117	0.536988132
Design 1	0.051558074	0.195106246	0.067331671	0.037018263	0.606060606	0.437194127	0.084745763	0.85915493	0.761904762	0.333333333	0	0	0.07308763	0.031190484	0.026732476	0.000230737	0.933704273	7.96703E-06	0.000931159	0.156962601	0.056902694	0.019462833	0.915254237	0.056951805	0.943048195	0.195106246	0.176624891	0.195106246	0.173843954	0.084745763	0.337888429	0.158638416	0.001834863	0.008813116	0.011094061	0.003589197	0.023932463	0.329739698	0.26345609	0.143280236	0.029901786	0.027367934	0.000101619	0.000539235	0.024667135	0.023658095	0.004173508	0.067478118	0.024669286	0.001528929	0.001669367	0.007859476	0.000558662	0.000410669	1.09608E-06	0.000781421	0.016628678	0.089646556	0.001013359	0.08623943	0.016118536	0.015677327	0.016565412	0.839311375	0.003758043	0.001810053	0.000781169	0.080306035	0.117431133	0.165289439	0.000123377	0.008638415	0.002079946	0.000880543	0.05158296	0.034060749	0.113839902	0.149522485
Design 1	0.051558074	0.356084997	0.067331671	0.037018263	0.606060606	0.437194127	0.084745763	0.85915493	0.761904762	0.333333333	0	0	0.07308763	0.031190484	0.026732476	0.000230737	0.933704273	2.21972E-05	0.000931159	0.254420868	0.096825431	0.054398642	0.915254237	0.056951805	0.943048195	0.356084997	0.322354999	0.356084997	0.173843954	0.084745763	0.337888429	0.276773407	0.023598735	0.041031085	0.051648433	0.009990098	0.023932463	0.329739698	0.26345609	0.099689821	0.022977735	0.015830948	0.000101619	0.000539235	0.041695929	0.040325602	0.012031564	0.190254864	0.069564064	0.001528929	0.001669367	0.011079173	0.000558662	0.000410669	1.09608E-06	0.000781421	0.016628678	0.089646556	0.001722296	0.08623943	0.016118536	0.015677327	0.016565412	0.839311375	0.0104631	0.005054974	0.003629518	0.117351871	0.1993496	0.262946403	0.00034364	0.020279972	0.003524519	0.001838614	0.096607355	0.054691066	0.177330195	0.037577264
Design 1	0.051558074	0.517063748	0.067331671	0.037018263	0.606060606	0.437194127	0.084745763	0.85915493	0.761904762	0.333333333	0	0	0.07308763	0.031190484	0.026732476	0.000230737	0.933704273	4.35425E-05	0.000931159	0.346034118	0.136748168	0.106802355	0.915254237	0.056951805	0.943048195	0.517063748	0.468085106	0.517063748	0.173843954	0.084745763	0.337888429	0.394908397	0.126920487	0.112699627	0.141861219	0.019591449	0.023932463	0.329739698	0.26345609	0.076494224	0.019293267	0.010886525	0.000101619	0.000539235	0.058724723	0.05699311	0.023818647	0.374419982	0.13690623	0.001528929	0.001669367	0.013884374	0.000558662	0.000410669	1.09608E-06	0.000781421	0.016628678	0.089646556	0.002431232	0.08623943	0.016118536	0.015677327	0.016565412	0.839311375	0.020520686	0.009922356	0.009965643	0.148745947	0.276355044	0.351024922	0.000674033	0.034851151	0.004969092	0.002948765	0.141631751	0.073908527	0.232654567	0.022432201
Design 1	0.051558074	0.678042498	0.067331671	0.037018263	0.606060606	0.437194127	0.084745763	0.85915493	0.761904762	0.333333333	0	0	0.07308763	0.031190484	0.026732476	0.000230737	0.933704273	7.20029E-05	0.000931159	0.433747039	0.176670904	0.176673973	0.915254237	0.056951805	0.943048195	0.678042498	0.613815214	0.678042498	0.173843954	0.084745763	0.337888429	0.513043388	0.445917523	0.239598973	0.301595785	0.032393252	0.023932463	0.329739698	0.26345609	0.061544634	0.016918624	0.008139623	0.000101619	0.000539235	0.075753517	0.073660617	0.039534759	0.619973473	0.226695784	0.001528929	0.001669367	0.016430739	0.000558662	0.000410669	1.09608E-06	0.000781421	0.016628678	0.089646556	0.003140169	0.08623943	0.016118536	0.015677327	0.016565412	0.839311375	0.0339308	0.016412199	0.021184654	0.176695299	0.350082068	0.432938577	0.001114558	0.051928899	0.006413664	0.004180635	0.186656147	0.092190651	0.282879037	0.018235321
Design 1	0.150141643	0.051835158	0.082294264	0.061840088	0.151515152	0.42903752	0.457627119	0.85915493	0.761904762	0.333333333	0	0	0.093559273	0.061820707	0.061339084	0.000623187	0.808047666	2.54151E-06	0.014226222	0.176349678	0.08893976	0.019065806	0.542372881	0.392677134	0.607322866	0.051835158	0.046925095	0.051835158	0.173843954	0.457627119	0.08113481	0.15301294	0.000287717	0.000560628	0.000672352	0.008388128	0.197313863	0.42903752	0.099150141	0.124285387	0.022267698	0.083634385	0.000302375	0.00247621	0.058010363	0.02448513	0.001300845	0.022299262	0.009912	0.003331701	0.003302274	0.011538998	0.000345267	0.000309809	8.26885E-07	0.009068229	0.031211797	0.046393794	0.000766528	0.154974083	0.03340576	0.01977954	0.031149469	0.360237152	0.008405328	0.000326779	5.35217E-05	0.074855551	0.051270623	0.178486691	2.0541E-05	0.004489504	0.000718948	0.000363859	0.024007218	0.017648385	0.062105201	0.287705618
Design 1	0.192634561	0.051835158	0.082294264	0.061840088	0.151515152	0.42903752	0.457627119	0.85915493	0.761904762	0.333333333	0	0	0.093559273	0.061820707	0.061339084	0.000623187	0.808047666	3.99218E-06	0.014226222	0.226006467	0.12548233	0.029896386	0.542372881	0.392677134	0.607322866	0.051835158	0.046925095	0.051835158	0.173843954	0.457627119	0.08113481	0.195907193	0.000562128	0.000560628	0.000672352	0.016393842	0.197313863	0.42903752	0.075354108	0.097410803	0.018710323	0.083634385	0.000302375	0.003095849	0.091133974	0.039013546	0.00217131	0.028270028	0.012536007	0.003331701	0.003302274	0.014442814	0.000345267	0.000309809	8.26885E-07	0.009068229	0.031211797	0.046393794	0.000970672	0.154974083	0.03340576	0.01977954	0.031149469	0.360237152	0.016429572	0.000652741	0.000107947	0.099315668	0.072395521	0.234081366	4.06151E-05	0.007579629	0.000920413	0.000532011	0.033997431	0.022663836	0.088270338	0.155201974
Design 1	0.235127479	0.051835158	0.082294264	0.061840088	0.151515152	0.42903752	0.457627119	0.85915493	0.761904762	0.333333333	0	0	0.093559273	0.061820707	0.061339084	0.000623187	0.808047666	5.76522E-06	0.014226222	0.275663256	0.165888563	0.043133763	0.542372881	0.392677134	0.607322866	0.051835158	0.046925095	0.051835158	0.173843954	0.457627119	0.08113481	0.238801445	0.000971494	0.000560628	0.000672352	0.028336793	0.197313863	0.42903752	0.059490085	0.078557267	0.016214689	0.083634385	0.000302375	0.003715487	0.131618387	0.056770499	0.003235212	0.034240794	0.015160013	0.003331701	0.003302274	0.017346629	0.000345267	0.000309809	8.26885E-07	0.009068229	0.031211797	0.046393794	0.001174815	0.154974083	0.03340576	0.01977954	0.031149469	0.360237152	0.028400166	0.001139014	0.00018914	0.123775786	0.09352042	0.289676041	7.05618E-05	0.011356449	0.001121879	0.000716269	0.043987643	0.027571357	0.114435475	0.071045804
Design 1	0.192634561	0.051835158	0.05286783	0.179588625	0.727272727	0.42903752	0.457627119	0.85915493	0.761904762	0.333333333	0	0	0.320848592	0.172167053	0.143332701	0.002051613	0.809379112	3.28421E-06	0.014226222	0.226006467	0.153254353	0.044310314	0.542372881	0.577218639	0.422781361	0.051835158	0.046925095	0.051835158	0.173843954	0.457627119	0.08113481	0.195907193	0.000831538	0.000859539	0.000672352	0.024253676	0.197313863	0.298805982	0.075354108	0.079367336	0.024678767	0.055737573	0.000300146	0.00301382	0.091133974	0.016145644	0.001312116	0.033942256	0.018821914	0.003314142	0.003281216	0.010098004	0.000346405	0.000311542	8.31509E-07	0.020204571	0.038770954	0.038743769	0.000771159	0.198358271	0.041560408	0.024595691	0.038709113	0.359906483	0.016429572	0.000217514	5.41721E-05	0.063133276	0.040712175	0.218257454	1.38215E-05	0.00362387	0.00068451	0.000350202	0.024152478	0.017170548	0.049472786	0.223410323
Design 1	0.192634561	0.051835158	0.056359102	0.153758412	0.727272727	0.42903752	0.457627119	0.85915493	0.761904762	0.333333333	0	0	0.28483395	0.146344612	0.121802224	0.001733087	0.808007444	3.5092E-06	0.014226222	0.226006467	0.149192101	0.042026386	0.542372881	0.536122821	0.463877179	0.051835158	0.046925095	0.051835158	0.173843954	0.457627119	0.08113481	0.195907193	0.000788849	0.000812176	0.000672352	0.023008263	0.197313863	0.298805982	0.075354108	0.079367336	0.023284483	0.059047365	0.000302442	0.002976156	0.091133974	0.019202743	0.001484447	0.033942256	0.017825894	0.003332231	0.00330291	0.010890267	0.000345233	0.000309757	8.26746E-07	0.018090243	0.036892476	0.038838342	0.000813559	0.187114533	0.039497816	0.023385958	0.036830513	0.360247143	0.016429572	0.000272509	6.39788E-05	0.070076641	0.046670777	0.221953072	1.71985E-05	0.004267246	0.000732379	0.000385946	0.02631136	0.018298693	0.056259967	0.206721825
Design 1	0.192634561	0.051835158	0.059351621	0.134366361	0.727272727	0.42903752	0.457627119	0.85915493	0.761904762	0.333333333	0	0	0.25779593	0.126958396	0.105638202	0.001510549	0.808594069	3.73208E-06	0.014226222	0.226006467	0.146069621	0.040311725	0.542372881	0.502224019	0.497775981	0.051835158	0.046925095	0.051835158	0.173843954	0.457627119	0.08113481	0.195907193	0.0007568	0.000776618	0.000672352	0.022073268	0.197313863	0.298805982	0.075354108	0.079367336	0.022205326	0.061884329	0.00030146	0.002935507	0.091133974	0.022306355	0.001656721	0.033942256	0.017078131	0.003324497	0.003293633	0.011580976	0.000345732	0.000310518	8.28775E-07	0.016472198	0.035141173	0.038797963	0.00085632	0.177437591	0.037637785	0.022280583	0.035079098	0.360101433	0.016429572	0.000332269	7.43259E-05	0.076422407	0.052279385	0.225341503	2.08849E-05	0.00491255	0.000779949	0.000421175	0.028364543	0.019393337	0.062653027	0.189406702
Design 1	0.192634561	0.051835158	0.074314214	0.076190207	0.727272727	0.42903752	0.457627119	0.85915493	0.761904762	0.333333333	0	0	0.176681871	0.068799745	0.057146137	0.000823967	0.808150774	4.57766E-06	0.014226222	0.226006467	0.136282751	0.035167743	0.542372881	0.380799892	0.619200108	0.051835158	0.046925095	0.051835158	0.173843954	0.457627119	0.08113481	0.195907193	0.000660654	0.000669944	0.000672352	0.019268284	0.197313863	0.298805982	0.075354108	0.079367336	0.017993979	0.076069148	0.000302202	0.002931362	0.091133974	0.041905406	0.002597377	0.033942256	0.014834843	0.003330342	0.003300643	0.01518467	0.000345355	0.000309943	8.27241E-07	0.010954211	0.028772334	0.038828486	0.001057128	0.141198607	0.030791721	0.018231572	0.028709849	0.360211539	0.016429572	0.000761197	0.000138694	0.103837425	0.080355732	0.240169834	4.72967E-05	0.008677953	0.001009943	0.000602055	0.038219888	0.024574664	0.094998455	0.10777886
Design 1	0.073654391	0.356084997	0.042394015	0.336043696	0	0.143556281	0.118644068	0.85915493	0.761904762	0.333333333	0	0	0.121292556	0.337880435	0.352964749	0.001038429	0.635849704	4.41076E-06	0.001385057	0.340065594	0.193106223	0.103361224	0.881355932	0.390888174	0.609111826	0.356084997	0.322354999	0.356084997	0.173843954	0.118644068	0.275552038	0.368187388	0.058622261	0.045395086	0.051648433	0.024833341	0.034697236	0.171460462	0.196497553	0.051363652	0.023360515	0.010062454	0.00062588	0.002385021	0.072128623	0.004323589	0.00225802	0.320881749	0.15731114	0.00560217	0.007743818	0.010844309	0.000249285	0.000110132	2.93944E-07	0.006302296	0.090145442	0.099284965	0.000502861	0.291378164	0.069260769	0.065948851	0.090086905	0.81568873	0.02351324	0.000174537	0.000252392	0.02671096	0.049448123	0.25851194	1.04305E-05	0.002613608	0.000790852	0.000401201	0.034885182	0.017440892	0.040453664	0.368511215
Design 1	0.073654391	0.356084997	0.092269327	0.1715991	0.075757576	0.143556281	0.118644068	0.85915493	0.761904762	0.333333333	0	0	0.065053475	0.172516005	0.175596088	0.000129775	0.224762358	2.153E-06	0.001385057	0.340065594	0.181799323	0.091763648	0.881355932	0.24355003	0.75644997	0.356084997	0.322354999	0.356084997	0.173843954	0.118644068	0.275552038	0.368187388	0.052056547	0.040303751	0.051648433	0.02205074	0.034697236	0.157150625	0.196497553	0.049405947	0.011038678	0.021599441	0.002634201	0.005372917	0.072128623	0.010003312	0.002260885	0.329367684	0.139626881	0.015638851	0.023382073	0.028166014	0.000128625	4.52284E-05	1.20715E-07	0.004312305	0.132599938	0.119470883	0.000341825	0.291199175	0.094214706	0.093068156	0.132544133	0.860954528	0.02351324	0.000290931	0.000243547	0.037596613	0.073407581	0.258558108	1.50202E-05	0.003943471	0.000597983	0.000360763	0.034914258	0.014398434	0.062065093	0.451241337
Design 1	0.073654391	0.356084997	0.142144638	0.133590679	0.454545455	0.143556281	0.118644068	0.85915493	0.761904762	0.333333333	0	0	0.096263075	0.129672466	0.116841338	3.84291E-05	0.080924087	1.24057E-06	0.001385057	0.340065594	0.188156648	0.098199666	0.881355932	0.184072019	0.815927981	0.356084997	0.322354999	0.356084997	0.173843954	0.118644068	0.275552038	0.368187388	0.055700157	0.043129162	0.051648433	0.023594931	0.034697236	0.095358149	0.196497553	0.04079805	0.00640323	0.033136428	0.007559126	0.009921215	0.072128623	0.015642982	0.002255939	0.371797362	0.149440673	0.033206993	0.049435354	0.054634923	7.71044E-05	2.53007E-05	6.75278E-08	0.003942938	0.165659533	0.124899071	0.000258277	0.291508274	0.118230355	0.118299039	0.165605855	0.877191288	0.02351324	0.000380974	0.000239657	0.041888725	0.091154084	0.258478401	1.77844E-05	0.004922082	0.000478129	0.000328508	0.034864067	0.012293577	0.077070827	0.476110655
Design 1	0.073654391	0.356084997	0.19201995	0.087825437	0.151515152	0.143556281	0.118644068	0.85915493	0.761904762	0.333333333	0	0	0.040951012	0.087798238	0.087114233	1.61935E-05	0.055153486	9.66531E-07	0.001385057	0.340065594	0.176735874	0.086793259	0.881355932	0.151443666	0.848556334	0.356084997	0.322354999	0.356084997	0.173843954	0.118644068	0.275552038	0.368187388	0.049242669	0.03812175	0.051648433	0.020858197	0.034697236	0.143556281	0.196497553	0.047534163	0.004999491	0.044673414	0.011084277	0.012992793	0.072128623	0.02134979	0.002260885	0.33785362	0.132047913	0.043648709	0.064214444	0.072914587	6.34558E-05	2.06216E-05	5.50392E-08	0.002822973	0.177527394	0.146502064	0.000233621	0.291199175	0.128217074	0.128585259	0.177474479	0.880122524	0.02351324	0.000488685	0.000239815	0.046752914	0.10295336	0.258558108	2.19787E-05	0.005754464	0.000446655	0.00032344	0.034914258	0.011757953	0.089227696	0.447326209
Design 1	0.073654391	0.356084997	0.241895262	0.079680776	0.409090909	0.143556281	0.118644068	0.85915493	0.761904762	0.333333333	0	0	0.069225056	0.07636037	0.069722789	8.27524E-06	0.029626	6.77978E-07	0.001385057	0.340065594	0.18266167	0.092623908	0.881355932	0.131484057	0.868515943	0.356084997	0.322354999	0.356084997	0.173843954	0.118644068	0.275552038	0.368187388	0.052543564	0.040681405	0.051648433	0.022257142	0.034697236	0.102021485	0.196497553	0.041739007	0.003560095	0.056210401	0.020476455	0.019010427	0.072128623	0.026901359	0.00225013	0.366705801	0.140938626	0.067665112	0.096769256	0.106561619	4.57481E-05	1.48289E-05	3.95785E-08	0.002700672	0.197256194	0.149945408	0.000197562	0.291872533	0.14656549	0.147317767	0.197204549	0.883032796	0.02351324	0.000563069	0.000237698	0.047615399	0.114467204	0.258384597	2.3923E-05	0.006436309	0.000387892	0.000304659	0.034805047	0.01063784	0.099088319	0.418663835
Design 1	0.034263456	0.758531874	0.017456359	0.006378821	0.151515152	0.42903752	0.322033898	0.85915493	0.761904762	0.333333333	0	0	0.013140478	0.006376127	0.006326453	0.020769199	0.999519427	0.029830452	0.006012775	0.355643658	0.120293266	0.108623606	0.677966102	0.147085693	0.852914307	0.758531874	0.686680268	0.758531874	0.173843954	0.322033898	0.123709243	0.429012844	0.285159368	0.285275299	0.413741037	0.015095295	0.117789961	0.42903752	0.354027536	0.093650481	0.067688689	0.001409714	7.33962E-07	2.54273E-05	0.048010803	0.173412133	0.308716065	0.50908437	0.185798299	1.07447E-05	1.18513E-05	0.002647405	0.077193944	0.057017918	0.000152182	0.032946404	0.000422669	0.003669487	0.146368627	0.010865302	0.000337721	0.000244441	0.00035836	0.477629095	0.018218681	0.083147683	0.194981057	0.321057225	0.588158731	0.494374862	0.035772072	0.238138359	0.188655549	0.148856714	0.548688615	0.421295862	0.462029789	0.000537823
Design 1	0.034263456	0.758531874	0.017456359	0.058349519	0.151515152	0.42903752	0.322033898	0.85915493	0.761904762	0.333333333	0	0	0.064898972	0.058331188	0.057876751	0.020769199	0.996030253	0.001830241	0.006012775	0.355643658	0.128140929	0.122918537	0.677966102	0.285234215	0.714765785	0.758531874	0.686680268	0.758531874	0.173843954	0.322033898	0.123709243	0.429012844	0.322621506	0.322760953	0.413741037	0.017079889	0.117789961	0.42903752	0.354027536	0.093650481	0.067688689	0.001409714	6.06293E-06	5.64379E-05	0.048010803	0.021352327	0.039878379	0.50908437	0.21028382	8.87574E-05	9.68985E-05	0.002647405	0.010013783	0.007395846	1.97396E-05	0.033902349	0.003316587	0.011677879	0.01895001	0.06877738	0.003159936	0.002178484	0.003252465	0.478329697	0.018218681	0.002998008	0.00911471	0.165853201	0.191731912	0.365982717	0.000602342	0.030053404	0.022508111	0.013596212	0.187529308	0.125928146	0.139284513	0.003837425
Design 1	0.034263456	0.758531874	0.017456359	0.110320217	0.151515152	0.42903752	0.322033898	0.85915493	0.761904762	0.333333333	0	0	0.116657467	0.110286249	0.109427049	0.020769199	0.99254132	0.000174139	0.006012775	0.355643658	0.135544725	0.137213469	0.677966102	0.394637548	0.605362452	0.758531874	0.686680268	0.758531874	0.173843954	0.322033898	0.123709243	0.429012844	0.360083644	0.360246607	0.413741037	0.019064482	0.117789961	0.42903752	0.354027536	0.093650481	0.067688689	0.001409714	1.13919E-05	8.74486E-05	0.048010803	0.010792619	0.021209095	0.50908437	0.234769341	0.000320675	0.000181946	0.002647405	0.00144449	0.003949869	1.05422E-05	0.034858295	0.006210506	0.016079709	0.005242977	0.102053513	0.011549884	0.007933801	0.006146569	0.479030817	0.018218681	0.001073436	0.00355892	0.111567423	0.127407803	0.333120933	8.92835E-05	0.01560306	0.005960854	0.00299304	0.132842664	0.086140361	0.09041451	0.006298144
Design 1	0.034263456	0.758531874	0.017456359	0.162290915	0.151515152	0.42903752	0.322033898	0.85915493	0.761904762	0.333333333	0	0	0.168415962	0.16224131	0.160977347	0.020769199	0.989052836	0.000109874	0.006012775	0.355643658	0.142572402	0.1515084	0.677966102	0.483421968	0.516578032	0.758531874	0.686680268	0.758531874	0.173843954	0.322033898	0.123709243	0.429012844	0.397545781	0.397732261	0.413741037	0.021049075	0.117789961	0.42903752	0.354027536	0.093650481	0.067688689	0.001409714	1.67209E-05	0.000118459	0.048010803	0.006939076	0.014396134	0.50908437	0.259254862	0.000421571	0.000266993	0.002647405	0.001224347	0.002692332	7.18587E-06	0.035814241	0.009104424	0.019387429	0.003975629	0.128115289	0.015199914	0.010445328	0.009040674	0.479732414	0.018218681	0.000569464	0.002003312	0.083140701	0.096917366	0.314374279	4.6093E-05	0.010329712	0.004399711	0.00215459	0.106969081	0.068057049	0.067292923	0.00831146
Design 1	0.034263456	0.758531874	0.017456359	0.214261613	0.151515152	0.42903752	0.322033898	0.85915493	0.761904762	0.333333333	0	0	0.220174457	0.214196372	0.212527645	0.020769199	0.985565011	7.76736E-05	0.006012775	0.355643658	0.14927605	0.165803332	0.677966102	0.556914471	0.443085529	0.758531874	0.686680268	0.758531874	0.173843954	0.322033898	0.123709243	0.429012844	0.435007919	0.435217915	0.413741037	0.023033668	0.117789961	0.42903752	0.354027536	0.093650481	0.067688689	0.001409714	2.20499E-05	0.00014947	0.048010803	0.004942996	0.010867118	0.50908437	0.283740383	0.000513547	0.00035204	0.002647405	0.001086411	0.002040947	5.44731E-06	0.036770187	0.011998343	0.022089257	0.003253219	0.150273265	0.018527295	0.012739288	0.011934779	0.480434444	0.018218681	0.000357995	0.001322378	0.065411276	0.078364443	0.301424762	2.851E-05	0.007598193	0.003531841	0.001695771	0.091136873	0.05727466	0.053144677	0.010324776
Design 1	0.034263456	0.758531874	0.017456359	0.266232311	0.151515152	0.42903752	0.322033898	0.85915493	0.761904762	0.333333333	0	0	0.271932952	0.266151433	0.264077943	0.020769199	0.982078054	5.87887E-05	0.006012775	0.355643658	0.155696743	0.180098263	0.677966102	0.618752541	0.381247459	0.758531874	0.686680268	0.758531874	0.173843954	0.322033898	0.123709243	0.429012844	0.472470057	0.47270357	0.413741037	0.025018262	0.117789961	0.42903752	0.354027536	0.093650481	0.067688689	0.001409714	2.73788E-05	0.000180481	0.048010803	0.003722205	0.008708792	0.50908437	0.308225904	0.000599337	0.000437087	0.002647405	0.000989229	0.001642563	4.38402E-06	0.037726132	0.014892261	0.024389426	0.002778812	0.169886297	0.021630837	0.014883073	0.014828883	0.481136867	0.018218681	0.000247339	0.000954755	0.053197537	0.065614072	0.291612841	1.95126E-05	0.005927612	0.00297327	0.001403487	0.080177446	0.049953352	0.04335093	0.012449943
Design 1	0.034263456	0.758531874	0.112219451	0.006378821	0.151515152	0.42903752	0.322033898	0.85915493	0.761904762	0.333333333	0	0	0.013140478	0.006376127	0.006326453	0.000187768	0.942602244	4.89358E-05	0.006012775	0.355643658	0.120293266	0.108623606	0.677966102	0.147085693	0.852914307	0.758531874	0.686680268	0.758531874	0.173843954	0.322033898	0.123709243	0.429012844	0.285159368	0.285275299	0.413741037	0.015095295	0.117789961	0.42903752	0.354027536	0.093650481	0.013455252	0.012369852	8.79E-05	0.000637494	0.048010803	0.173412133	0.064120583	0.50908437	0.185798299	0.001378476	0.001220762	0.021977151	0.000595304	0.00067053	1.78965E-06	0.001867141	0.008650697	0.039911925	0.005804892	0.049722374	0.010312486	0.007168153	0.008586918	0.489128671	0.018218681	0.020787497	0.018294897	0.160717616	0.420832244	0.392676038	0.001429941	0.099915177	0.007560578	0.006275974	0.241769113	0.12071927	0.345744452	0.010380702
Design 1	0.034263456	0.758531874	0.112219451	0.058349519	0.151515152	0.42903752	0.322033898	0.85915493	0.761904762	0.333333333	0	0	0.064898972	0.058331188	0.057876751	0.000187768	0.612632829	9.60932E-06	0.006012775	0.355643658	0.128140929	0.122918537	0.677966102	0.285234215	0.714765785	0.758531874	0.686680268	0.758531874	0.173843954	0.322033898	0.123709243	0.429012844	0.322621506	0.322760953	0.413741037	0.017079889	0.117789961	0.42903752	0.354027536	0.093650481	0.013455252	0.012369852	0.000677242	0.001351979	0.048010803	0.021352327	0.008112732	0.50908437	0.21028382	0.005926851	0.007186524	0.021977151	0.000240565	0.00014104	3.76438E-07	0.004777567	0.050941983	0.071693024	0.001212168	0.176601379	0.044592419	0.033410307	0.050880925	0.558866301	0.018218681	0.000683646	0.000789829	0.077845872	0.131154733	0.28854199	3.9529E-05	0.012102342	0.00155347	0.001078817	0.076923197	0.033551217	0.097378186	0.105957289
Design 1	0.034263456	0.758531874	0.112219451	0.110320217	0.151515152	0.42903752	0.322033898	0.85915493	0.761904762	0.333333333	0	0	0.116657467	0.110286249	0.109427049	0.000187768	0.416637563	4.79166E-06	0.006012775	0.355643658	0.135544725	0.137213469	0.677966102	0.394637548	0.605362452	0.758531874	0.686680268	0.758531874	0.173843954	0.322033898	0.123709243	0.429012844	0.360083644	0.360246607	0.413741037	0.019064482	0.117789961	0.42903752	0.354027536	0.093650481	0.013455252	0.012369852	0.001266583	0.002066465	0.048010803	0.010792619	0.004223298	0.50908437	0.234769341	0.009269192	0.011824398	0.021977151	0.000180873	9.42142E-05	2.51459E-07	0.007040177	0.083819873	0.081312949	0.000721265	0.249505734	0.069782782	0.054702345	0.08376093	0.602882863	0.018218681	0.00022627	0.000292889	0.048859786	0.084151738	0.261889031	1.25661E-05	0.006004228	0.000920096	0.000608998	0.051962273	0.021809163	0.059770633	0.296159729
Design 1	0.034263456	0.758531874	0.206982544	0.058349519	0.151515152	0.42903752	0.322033898	0.85915493	0.761904762	0.333333333	0	0	0.064898972	0.058331188	0.057876751	3.26207E-05	0.155298624	2.50649E-06	0.006012775	0.355643658	0.128140929	0.122918537	0.677966102	0.285234215	0.714765785	0.758531874	0.686680268	0.758531874	0.173843954	0.322033898	0.123709243	0.429012844	0.322621506	0.322760953	0.413741037	0.017079889	0.117789961	0.42903752	0.354027536	0.093650481	0.007149038	0.023329989	0.003895363	0.004345127	0.048010803	0.021352327	0.004419052	0.50908437	0.21028382	0.02068069	0.027444773	0.047913888	0.000106748	4.9312E-05	1.31614E-07	0.004457256	0.108583472	0.099599386	0.000533005	0.243754074	0.086914714	0.072379228	0.108526121	0.664769706	0.018218681	0.000362184	0.000294012	0.056867907	0.113058563	0.263643733	1.79796E-05	0.008506194	0.000755467	0.000585496	0.053433473	0.01944537	0.084393232	0.364612475
Design 1	0.034263456	0.758531874	0.301745636	0.006378821	0.151515152	0.42903752	0.322033898	0.85915493	0.761904762	0.333333333	0	0	0.013140478	0.006376127	0.006326453	1.08607E-05	0.362766562	5.55796E-06	0.006012775	0.355643658	0.120293266	0.108623606	0.677966102	0.147085693	0.852914307	0.758531874	0.686680268	0.758531874	0.173843954	0.322033898	0.123709243	0.429012844	0.285159368	0.285275299	0.413741037	0.015095295	0.117789961	0.42903752	0.354027536	0.093650481	0.004707923	0.034290126	0.001516408	0.004267684	0.048010803	0.173412133	0.024669699	0.50908437	0.185798299	0.010541175	0.013590637	0.078095474	0.00016647	8.44073E-05	2.25284E-07	0.001048425	0.037287515	0.084113953	0.001680371	0.09313384	0.030672453	0.024358505	0.037225578	0.6153353	0.018218681	0.007912609	0.00384975	0.102688367	0.342330153	0.340722671	0.00042225	0.058874967	0.002498057	0.002485789	0.14439399	0.055014265	0.288829794	0.038095601
Design 1	0.034263456	0.758531874	0.301745636	0.058349519	0.151515152	0.42903752	0.322033898	0.85915493	0.761904762	0.333333333	0	0	0.064898972	0.058331188	0.057876751	1.08607E-05	0.05233693	1.06473E-06	0.006012775	0.355643658	0.128140929	0.122918537	0.677966102	0.285234215	0.714765785	0.758531874	0.686680268	0.758531874	0.173843954	0.322033898	0.123709243	0.429012844	0.322621506	0.322760953	0.413741037	0.017079889	0.117789961	0.42903752	0.354027536	0.093650481	0.004707923	0.034290126	0.011676755	0.00903588	0.048010803	0.021352327	0.002989241	0.50908437	0.21028382	0.045302804	0.059231657	0.078095474	6.17661E-05	2.8017E-05	7.47778E-08	0.004384879	0.16253237	0.120743692	0.000324691	0.297063308	0.132087719	0.112638928	0.162478491	0.690198799	0.018218681	0.000252325	0.000164255	0.045994733	0.102734635	0.248980997	1.13698E-05	0.006772444	0.000467562	0.00039047	0.041831639	0.01335794	0.076867567	0.525062579
Design 1	0.034263456	0.758531874	0.396508728	0.000553449	0.151515152	0.42903752	0.322033898	0.85915493	0.761904762	0.333333333	0	0	0.007338891	0.000552507	0.000548203	4.85267E-06	0.545585925	6.26228E-06	0.006012775	0.355643658	0.11938226	0.107021293	0.677966102	0.129304546	0.870695454	0.758531874	0.686680268	0.758531874	0.173843954	0.322033898	0.123709243	0.429012844	0.280960254	0.281073548	0.413741037	0.014872843	0.117789961	0.42903752	0.354027536	0.093650481	0.003412022	0.045250263	0.00084194	0.006373573	0.048010803	0.700485342	0.076346815	0.50908437	0.183053727	0.006923966	0.008566207	0.111569146	0.000217971	0.000122106	3.25902E-07	0.000333004	0.017985353	0.075030956	0.003540357	0.043769026	0.015380471	0.011716965	0.017922174	0.573699433	0.018218681	0.062665316	0.021662556	0.102694852	0.643975244	0.402930233	0.003522359	0.206594346	0.005134353	0.006260951	0.26518219	0.103977166	0.592550004	0.022516524
Design 1	0.034263456	0.758531874	0.396508728	0.003720171	0.151515152	0.42903752	0.322033898	0.85915493	0.761904762	0.333333333	0	0	0.010492683	0.003718276	0.003689309	4.85267E-06	0.26224142	3.81855E-06	0.006012775	0.355643658	0.119878329	0.107892324	0.677966102	0.139035929	0.860964071	0.758531874	0.686680268	0.758531874	0.173843954	0.322033898	0.123709243	0.429012844	0.283242928	0.283357656	0.413741037	0.01499377	0.117789961	0.42903752	0.354027536	0.093650481	0.003412022	0.045250263	0.002222452	0.006869471	0.048010803	0.264545459	0.028770883	0.50908437	0.1845457	0.013850863	0.018163046	0.111569146	0.000139335	6.7392E-05	1.7987E-07	0.000744032	0.038142982	0.090188653	0.00163091	0.084705212	0.030848987	0.025076531	0.0380811	0.638991447	0.018218681	0.012108937	0.00472784	0.095385271	0.400084158	0.348626701	0.000624335	0.077644866	0.002500765	0.002740618	0.157087984	0.057132138	0.348357684	0.044159671
Design 1	0.034263456	0.758531874	0.396508728	0.006378821	0.151515152	0.42903752	0.322033898	0.85915493	0.761904762	0.333333333	0	0	0.013140478	0.006376127	0.006326453	4.85267E-06	0.177847753	2.99977E-06	0.006012775	0.355643658	0.120293266	0.108623606	0.677966102	0.147085693	0.852914307	0.758531874	0.686680268	0.758531874	0.173843954	0.322033898	0.123709243	0.429012844	0.285159368	0.285275299	0.413741037	0.015095295	0.117789961	0.42903752	0.354027536	0.093650481	0.003412022	0.045250263	0.003381472	0.007285806	0.048010803	0.173412133	0.018825124	0.50908437	0.185798299	0.018692895	0.02476635	0.111569146	0.00011424	5.32543E-05	1.42136E-07	0.001026848	0.052012856	0.097157531	0.001171409	0.109564261	0.041661772	0.034526657	0.051951866	0.659281069	0.018218681	0.005996204	0.002468718	0.089944122	0.322778943	0.327239132	0.000297902	0.050687949	0.001817572	0.001907805	0.124332861	0.043722009	0.274361586	0.055736238
Design 1	0.034263456	0.758531874	0.396508728	0.028094041	0.151515152	0.42903752	0.322033898	0.85915493	0.761904762	0.333333333	0	0	0.034767031	0.028084812	0.027866014	4.85267E-06	0.047528326	1.13128E-06	0.006012775	0.355643658	0.123631474	0.11459654	0.677966102	0.208994079	0.791005921	0.758531874	0.686680268	0.758531874	0.173843954	0.322033898	0.123709243	0.429012844	0.300812391	0.300938148	0.413741037	0.015924529	0.117789961	0.42903752	0.354027536	0.093650481	0.003412022	0.045250263	0.012848076	0.010686335	0.048010803	0.044651122	0.004772899	0.50908437	0.196029226	0.048504243	0.063206096	0.111569146	5.87607E-05	2.67208E-05	7.13181E-08	0.002673204	0.132753409	0.122806592	0.000406708	0.234224394	0.108233755	0.092405052	0.132697614	0.691401292	0.018218681	0.00065131	0.000320316	0.060145553	0.152535594	0.266659695	2.885E-05	0.012600897	0.000616296	0.000575148	0.056016554	0.017456823	0.120030305	0.296830835
Design 1	0.034263456	0.758531874	0.396508728	0.058349519	0.151515152	0.42903752	0.322033898	0.85915493	0.761904762	0.333333333	0	0	0.064898972	0.058331188	0.057876751	4.85267E-06	0.023172764	5.60818E-07	0.006012775	0.355643658	0.128140929	0.122918537	0.677966102	0.285234215	0.714765785	0.758531874	0.686680268	0.758531874	0.173843954	0.322033898	0.123709243	0.429012844	0.322621506	0.322760953	0.413741037	0.017079889	0.117789961	0.42903752	0.354027536	0.093650481	0.003412022	0.045250263	0.026037748	0.01542424	0.048010803	0.021352327	0.002230205	0.50908437	0.21028382	0.080334161	0.101287036	0.111569146	3.99892E-05	1.88882E-05	5.04129E-08	0.004304192	0.212740313	0.139396725	0.000224185	0.342655876	0.179313424	0.153937626	0.212689664	0.697512523	0.018218681	0.000195102	0.000108057	0.038999661	0.095656513	0.23871367	8.18082E-06	0.005709195	0.000321598	0.0002855	0.034602109	0.009887464	0.071653587	0.567789619
Design 1	0.034263456	0.758531874	0.49127182	7.75682E-07	0.151515152	0.42903752	0.322033898	0.85915493	0.761904762	0.333333333	0	0	0.006788474	0	0	2.5637E-06	0.451934016	4.52102E-06	0.006012775	0.355643658	0.119295477	0.106869276	0.677966102	0.127589942	0.872410058	0.758531874	0.686680268	0.758531874	0.173843954	0.322033898	0.123709243	0.429012844	0.280561869	0.280674914	0.413741037	0.014851738	0.117789961	0.42903752	0.354027536	0.093650481	0.002608564	0.056210401	0.001130953	0.009583649	0.048010803	0.981809005	0.086662694	0.50908437	0.18279334	0.008548798	0.010823089	0.14778719	0.00019052	0.000101097	2.69829E-07	0.000227044	0.018406146	0.079563462	0.00346314	0.039756967	0.015381342	0.011975461	0.018342994	0.594807809	0.018218681	0.088195792	0.025622136	0.093805653	0.723714858	0.410531262	0.004828349	0.257984457	0.005142379	0.006788669	0.283516536	0.107399723	0.683145516	0.023690958
Design 1	0.034263456	0.758531874	0.49127182	0.002500411	0.151515152	0.42903752	0.322033898	0.85915493	0.761904762	0.333333333	0	0	0.009277903	0.002498883	0.002479415	2.5637E-06	0.188440202	2.71741E-06	0.006012775	0.355643658	0.11968749	0.10755682	0.677966102	0.135306219	0.864693781	0.758531874	0.686680268	0.758531874	0.173843954	0.322033898	0.123709243	0.429012844	0.282363686	0.282477862	0.413741037	0.014947191	0.117789961	0.42903752	0.354027536	0.093650481	0.002608564	0.056210401	0.003181415	0.010180256	0.048010803	0.348167431	0.030649623	0.50908437	0.183971021	0.017896073	0.023687352	0.14778719	0.000117612	5.50694E-05	1.46981E-07	0.000588535	0.040292889	0.096120625	0.00152893	0.081417379	0.032288863	0.026698977	0.040231146	0.656712659	0.018218681	0.015442322	0.005106627	0.088298509	0.438326368	0.351927915	0.000771021	0.091066363	0.002393743	0.002817203	0.162601923	0.056766945	0.390135234	0.046564465
Design 1	0.034263456	0.758531874	0.49127182	0.006378821	0.151515152	0.42903752	0.322033898	0.85915493	0.761904762	0.333333333	0	0	0.013140478	0.006376127	0.006326453	2.5637E-06	0.096038276	1.83883E-06	0.006012775	0.355643658	0.120293266	0.108623606	0.677966102	0.147085693	0.852914307	0.758531874	0.686680268	0.758531874	0.173843954	0.322033898	0.123709243	0.429012844	0.285159368	0.285275299	0.413741037	0.015095295	0.117789961	0.42903752	0.354027536	0.093650481	0.002608564	0.056210401	0.006362891	0.011105947	0.048010803	0.173412133	0.015201487	0.50908437	0.185798299	0.029362139	0.038928462	0.14778719	8.40168E-05	3.80733E-05	1.01618E-07	0.001016817	0.066223505	0.108521517	0.000891978	0.124156212	0.053028891	0.044781256	0.06616343	0.679331511	0.018218681	0.004890187	0.001764906	0.080815629	0.308087036	0.316944229	0.000229632	0.045031156	0.001409974	0.00154573	0.110304211	0.036335999	0.263403096	0.071786841
Design 1	0.034263456	0.758531874	0.49127182	0.008230762	0.151515152	0.42903752	0.322033898	0.85915493	0.761904762	0.333333333	0	0	0.014984857	0.00822751	0.008163413	2.5637E-06	0.077617533	1.60882E-06	0.006012775	0.355643658	0.120581477	0.109132996	0.677966102	0.152629295	0.847370705	0.758531874	0.686680268	0.758531874	0.173843954	0.322033898	0.123709243	0.429012844	0.286494306	0.286611075	0.413741037	0.015166015	0.117789961	0.42903752	0.354027536	0.093650481	0.002608564	0.056210401	0.007882046	0.011547965	0.048010803	0.139730738	0.012224097	0.50908437	0.186670824	0.034214207	0.045206983	0.14778719	7.55015E-05	3.41231E-05	9.10751E-08	0.001193246	0.07690553	0.112667891	0.000754948	0.14064387	0.0618054	0.052411617	0.076846142	0.683898825	0.018218681	0.003434028	0.001273663	0.077625413	0.275168624	0.306776549	0.000158248	0.036158578	0.001191975	0.001280278	0.09748645	0.031509949	0.232342038	0.088452624
Design 1	0.034263456	0.758531874	0.49127182	0.011754298	0.151515152	0.42903752	0.322033898	0.85915493	0.761904762	0.333333333	0	0	0.018494005	0.011749986	0.011658446	2.5637E-06	0.056759508	1.3048E-06	0.006012775	0.355643658	0.121127983	0.110102171	0.677966102	0.163035254	0.836964746	0.758531874	0.686680268	0.758531874	0.173843954	0.322033898	0.123709243	0.429012844	0.289034183	0.289152546	0.413741037	0.015300567	0.117789961	0.42903752	0.354027536	0.093650481	0.002608564	0.056210401	0.010772417	0.012388955	0.048010803	0.101879101	0.008878062	0.50908437	0.188330905	0.042767933	0.056062177	0.14778719	6.4398E-05	2.91634E-05	7.78373E-08	0.001498282	0.095374123	0.119035111	0.000590848	0.168100356	0.077277534	0.065842872	0.095315924	0.689094021	0.018218681	0.002050913	0.000791967	0.072124601	0.232286591	0.292452578	9.19671E-05	0.026187447	0.000928057	0.000968976	0.081081698	0.025457789	0.192588686	0.105112814
Design 1	0.034263456	0.758531874	0.49127182	0.015574532	0.151515152	0.42903752	0.322033898	0.85915493	0.761904762	0.333333333	0	0	0.022298641	0.015569071	0.015447778	2.5637E-06	0.043877233	1.0832E-06	0.006012775	0.355643658	0.121717801	0.111152955	0.677966102	0.174112762	0.825887238	0.758531874	0.686680268	0.758531874	0.173843954	0.322033898	0.123709243	0.429012844	0.29178793	0.291908021	0.413741037	0.01544645	0.117789961	0.42903752	0.354027536	0.093650481	0.002608564	0.056210401	0.013906171	0.01330076	0.048010803	0.078618078	0.006821819	0.50908437	0.190130774	0.051325085	0.066682917	0.14778719	5.6364E-05	2.56965E-05	6.85843E-08	0.00179673	0.113443826	0.124545357	0.000482406	0.193955881	0.092755865	0.079261658	0.113386788	0.69231522	0.018218681	0.001345162	0.000537211	0.06687273	0.201290575	0.281180403	5.90025E-05	0.020059873	0.000752103	0.000768457	0.069451301	0.021261457	0.164404949	0.14499325
Design 1	0.034263456	0.758531874	0.49127182	0.019662377	0.151515152	0.42903752	0.322033898	0.85915493	0.761904762	0.333333333	0	0	0.026369794	0.019655685	0.019502555	2.5637E-06	0.035252553	9.14301E-07	0.006012775	0.355643658	0.122345863	0.112277348	0.677966102	0.185737003	0.814262997	0.758531874	0.686680268	0.758531874	0.173843954	0.322033898	0.123709243	0.429012844	0.294734578	0.29485652	0.413741037	0.015602551	0.117789961	0.42903752	0.354027536	0.093650481	0.002608564	0.056210401	0.017259447	0.014276439	0.048010803	0.063082751	0.005448517	0.50908437	0.192056725	0.059888618	0.077104371	0.14778719	5.0221E-05	2.31063E-05	6.16709E-08	0.002089577	0.131174473	0.129440055	0.000405361	0.218561301	0.108245739	0.092678462	0.131118576	0.694477188	0.018218681	0.000940517	0.000386752	0.061926189	0.177616638	0.271939377	4.04985E-05	0.015967453	0.000626478	0.000629217	0.060707193	0.018164188	0.143215503	0.210258245
Design 1	0.034263456	0.758531874	0.49127182	0.023986804	0.151515152	0.42903752	0.322033898	0.85915493	0.761904762	0.333333333	0	0	0.030676565	0.023978812	0.023792001	2.5637E-06	0.029146511	7.81811E-07	0.006012775	0.355643658	0.123006865	0.113466814	0.677966102	0.197783644	0.802216356	0.758531874	0.686680268	0.758531874	0.173843954	0.322033898	0.123709243	0.429012844	0.297851764	0.297975662	0.413741037	0.015767687	0.117789961	0.42903752	0.354027536	0.093650481	0.002608564	0.056210401	0.020806792	0.015308584	0.048010803	0.052098821	0.004477552	0.50908437	0.194094139	0.068443056	0.087333053	0.14778719	4.53458E-05	2.10832E-05	5.62712E-08	0.002377008	0.148577144	0.133858476	0.000347879	0.242105007	0.123719162	0.106072579	0.148522367	0.696010416	0.018218681	0.000689166	0.000290898	0.05731521	0.158856322	0.264155727	2.92105E-05	0.013073993	0.000532524	0.000527443	0.053867114	0.015779224	0.126640058	0.403928063
Design 1	0.034263456	0.758531874	0.49127182	0.058349519	0.151515152	0.42903752	0.322033898	0.85915493	0.761904762	0.333333333	0	0	0.064898972	0.058331188	0.057876751	2.5637E-06	0.012028767	3.32137E-07	0.006012775	0.355643658	0.128140929	0.122918537	0.677966102	0.285234215	0.714765785	0.758531874	0.686680268	0.758531874	0.173843954	0.322033898	0.123709243	0.429012844	0.322621506	0.322760953	0.413741037	0.017079889	0.117789961	0.42903752	0.354027536	0.093650481	0.002608564	0.056210401	0.048994671	0.023510205	0.048010803	0.021352327	0.001759603	0.50908437	0.21028382	0.126184368	0.152837144	0.14778719	2.7388E-05	1.37984E-05	3.68282E-08	0.004217702	0.26002319	0.156523228	0.000164938	0.383146895	0.228162694	0.196372542	0.259975582	0.700320257	0.018218681	0.000159238	7.75934E-05	0.033989207	0.090337605	0.230874398	6.30096E-06	0.004974547	0.000234168	0.000219743	0.029546535	0.007617504	0.067704421	0.588314258
Design 1	0.034263456	0.758531874	0.49127182	0.110320217	0.151515152	0.42903752	0.322033898	0.85915493	0.761904762	0.333333333	0	0	0.116657467	0.110286249	0.109427049	2.5637E-06	0.006144307	1.47561E-07	0.006012775	0.355643658	0.135544725	0.137213469	0.677966102	0.394637548	0.605362452	0.758531874	0.686680268	0.758531874	0.173843954	0.322033898	0.123709243	0.429012844	0.360083644	0.360246607	0.413741037	0.019064482	0.117789961	0.42903752	0.354027536	0.093650481	0.002608564	0.056210401	0.091626451	0.035914463	0.048010803	0.010792619	0.000826139	0.50908437	0.234769341	0.197333488	0.227907328	0.14778719	1.7859E-05	9.94651E-06	2.65474E-08	0.006327207	0.387744603	0.175949838	8.72383E-05	0.531962287	0.356858511	0.3075401	0.387705213	0.701805774	0.018218681	4.77782E-05	2.81163E-05	0.017610709	0.055005641	0.208844949	1.80885E-06	0.002192838	0.000110194	9.98746E-05	0.01731823	0.003748952	0.038071781	0.648490038
Design 1	0.034263456	0.758531874	0.49127182	0.162290915	0.151515152	0.42903752	0.322033898	0.85915493	0.761904762	0.333333333	0	0	0.168415962	0.16224131	0.160977347	2.5637E-06	0.003996557	7.92966E-08	0.006012775	0.355643658	0.142572402	0.1515084	0.677966102	0.483421968	0.516578032	0.758531874	0.686680268	0.758531874	0.173843954	0.322033898	0.123709243	0.429012844	0.397545781	0.397732261	0.413741037	0.021049075	0.117789961	0.42903752	0.354027536	0.093650481	0.002608564	0.056210401	0.134258231	0.048318721	0.048010803	0.006939076	0.000485491	0.50908437	0.259254862	0.259248065	0.289934636	0.14778719	1.31821E-05	8.01846E-06	2.14014E-08	0.008070202	0.493275389	0.189160772	5.43997E-05	0.648514094	0.468850721	0.404247027	0.493242788	0.702348473	0.018218681	1.86269E-05	1.42809E-05	0.009034117	0.038257845	0.196277815	6.89E-07	0.001177712	5.93139E-05	5.2209E-05	0.011532721	0.001990718	0.024051857	0.719794981
Design 1	0.034263456	0.758531874	0.49127182	0.214261613	0.151515152	0.42903752	0.322033898	0.85915493	0.761904762	0.333333333	0	0	0.220174457	0.214196372	0.212527645	2.5637E-06	0.002884009	4.50925E-08	0.006012775	0.355643658	0.14927605	0.165803332	0.677966102	0.556914471	0.443085529	0.758531874	0.686680268	0.758531874	0.173843954	0.322033898	0.123709243	0.429012844	0.435007919	0.435217915	0.413741037	0.023033668	0.117789961	0.42903752	0.354027536	0.093650481	0.002608564	0.056210401	0.176890011	0.060722979	0.048010803	0.004942996	0.00030904	0.50908437	0.283740383	0.315689634	0.344519814	0.14778719	1.02517E-05	6.78431E-06	1.81074E-08	0.00960407	0.586144432	0.199393421	3.57041E-05	0.747607575	0.570943254	0.492392799	0.586117806	0.7026297	0.018218681	6.39858E-06	8.227E-06	0.003684993	0.028067091	0.187596889	2.33226E-07	0.000651891	3.10285E-05	2.61252E-05	0.007992531	0.00094235	0.015472978	0.773818961
Design 1	0.034263456	0.758531874	0.49127182	0.266232311	0.151515152	0.42903752	0.322033898	0.85915493	0.761904762	0.333333333	0	0	0.271932952	0.266151433	0.264077943	2.5637E-06	0.002203571	2.50325E-08	0.006012775	0.355643658	0.155696743	0.180098263	0.677966102	0.618752541	0.381247459	0.758531874	0.686680268	0.758531874	0.173843954	0.322033898	0.123709243	0.429012844	0.472470057	0.47270357	0.413741037	0.025018262	0.117789961	0.42903752	0.354027536	0.093650481	0.002608564	0.056210401	0.219521791	0.073127237	0.048010803	0.003722205	0.000201123	0.50908437	0.308225904	0.368334281	0.394082239	0.14778719	8.18714E-06	5.89731E-06	1.574E-08	0.010996796	0.670467964	0.20783828	2.34366E-05	0.835319719	0.666167846	0.574602228	0.670446763	0.702801736	0.018218681	0	4.95884E-06	0	0.021063563	0.181019303	0	0.000330302	1.28236E-05	9.50895E-06	0.005541929	0.000230502	0.009534476	0.798873561
Design 1	0.205382436	0.034127495	0.030922693	0.239083439	0.509090909	0.461663948	0.830508475	0.85915493	0.761904762	0.333333333	0	0	0.638298119	0.234435582	0.207913953	0.01421665	0.940427634	4.81442E-06	0.987689056	0.199976042	0.162179347	0.048601271	0.169491525	0.908312461	0.091687539	0.034127495	0.030894783	0.034127495	0.173843954	0.830508475	0.018168424	0.167779814	0.000532149	0.000674841	0.000334738	0.028189801	0.613457935	0.372130961	0.069966326	0.097629773	0.04489865	0.042942866	9.12494E-05	0.001579611	0.083863673	0.009793384	0.001031866	0.021271909	0.018716795	0.001415792	0.000807302	0.00459432	0.000585637	0.001604808	0.108458904	0.108316708	9.54649E-05	0.015552713	0.001797299	0.189413415	0.030874345	0.00947269	0.016538096	0	0.013144217	0.000152655	4.26594E-05	0.054819018	0.019981888	0.198152587	1.09845E-05	0.002383146	0.000763888	0.000333778	0.020368652	0.018372595	0.027508807	0.022867076
Design 1	0.406515581	0.038956858	0.285785536	0.03841449	0.460606061	0.494290375	0.627118644	0.85915493	0.761904762	0.333333333	0	0	0.11262494	0.034447369	0.030888842	2.4231E-05	0.108082059	1.49268E-06	0.111688521	0.419830145	0.308393548	0.094938482	0.372881356	0.394727225	0.605272775	0.038956858	0.035266686	0.038956858	0.173843954	0.627118644	0.04668228	0.355365991	0.002339989	0.000362393	0.000413784	0.104078991	0.339240717	0.412753913	0.027603926	0.042350975	0.002929861	0.318513587	0.005646274	0.047318575	0.321031877	0.273136079	0.004127402	0.044561257	0.018558122	0.026960058	0.02932617	0.131126365	8.91199E-05	6.54114E-05	1.74584E-07	0.005764079	0.0831535	0.075645396	0.000630872	0.207340457	0.081198618	0.051765902	0.083094514	0.417808363	0.100286718	0.002884796	0.000182101	0.163342267	0.167174033	0.424485518	0.000137002	0.027175233	0.000636217	0.000696777	0.051229804	0.021648622	0.218368656	0.078738832
Design 1	0.290368272	0.04378622	0.935162095	0.006378821	0.012121212	0.363784666	0.423728814	0.85915493	0.761904762	0.333333333	0	0	0	0.008159659	0.008552411	4.67454E-07	0.009786283	1.12361E-07	0.011295331	0.314800948	0.191363706	0.043199512	0.576271186	0.201790104	0.798209896	0.04378622	0.039638589	0.04378622	0.173843954	0.423728814	0.090050803	0.268897741	0.000915883	0.000324247	0.000502305	0.034531227	0.175110411	0.399967852	0.045364585	0.062698203	0.000605403	0.971958713	0.059555443	0.247328043	0.179176411	0.497863701	0.002368416	0.036507853	0.013502871	0.145063369	0.163549855	0.477317715	2.41382E-05	1.52893E-05	4.08073E-08	0.001416352	0.141970451	0.146692113	0.000205354	0.206020392	0.133801827	0.106144378	0.141915249	0.61496401	0.043114444	0.003553069	9.72402E-05	0.095626578	0.196240135	0.31180306	0.000136593	0.026790279	0.000280062	0.000382442	0.035993499	0.011622093	0.267251174	0.150798121
Design 1	0.38101983	0.048615583	0.030922693	0.022978417	0.457575758	0.543230016	0.220338983	0.85915493	0.761904762	0.333333333	0	0	0.058676365	0.019054713	0.017046444	0.003980639	0.995794321	0.001474212	0.003165424	0.433064473	0.287292948	0.092625791	0.779661017	0.123493785	0.876506215	0.048615583	0.044010493	0.048615583	0.173843954	0.220338983	0.175651466	0.372804966	0.002961288	0.000459743	0.000600837	0.095475051	0.071837533	0.457930133	0.030620927	0.045534874	0.028778653	0.036167331	6.42328E-06	0.000578466	0.315896611	0.471800045	0.063849158	0.04930498	0.018235158	9.40326E-05	0.000112044	0.008263539	0.009456601	0.005868467	1.5663E-05	0.007781045	0.002573393	0.01714229	0.020026028	0.040877229	0.002225541	0.001795227	0.002509222	0.619246454	0.10328975	0.096861924	0.022620369	0.484057362	0.43985214	0.630816693	0.018970773	0.156618216	0.030657198	0.023846194	0.241225154	0.183801679	0.528606015	0.003795624
Design 1	0.216713881	0.053444945	0.071321696	0.095039281	0.321212121	0.526916803	0.593220339	0.85915493	0.761904762	0.333333333	0	0	0.195994742	0.092838654	0.087157949	0.001184731	0.835703875	4.98668E-06	0.0546981	0.257992401	0.156836244	0.0466529	0.406779661	0.554992943	0.445007057	0.053444945	0.048382396	0.053444945	0.173843954	0.593220339	0.052541909	0.22412833	0.001023276	0.000733266	0.000709917	0.028425879	0.306021615	0.478471501	0.065664704	0.090987475	0.020460633	0.072027237	0.000256643	0.003142915	0.115041029	0.034670995	0.002251876	0.030790087	0.015798198	0.002963429	0.002563702	0.012872575	0.000371352	0.000440494	1.17568E-06	0.018807799	0.029279672	0.035811408	0.001277039	0.174979154	0.035909508	0.017209429	0.02921722	0.21769907	0.023427855	0.0005788	0.000108934	0.099218029	0.064059343	0.260540273	3.66009E-05	0.007299303	0.000928132	0.00054902	0.034822794	0.023420784	0.079286826	0.091880534
Design 1	0.297450425	0.058274308	0.695760599	0.066416613	0.421212121	0.502446982	0.237288136	0.85915493	0.761904762	0.333333333	0	0	0.08785232	0.062945108	0.057238757	6.62147E-07	0.003950381	6.17054E-08	0.003545165	0.369059954	0.234843805	0.075073074	0.762711864	0.217473635	0.782526365	0.058274308	0.052754299	0.058274308	0.173843954	0.237288136	0.164978545	0.322714792	0.002541442	0.000682504	0.000830081	0.061274713	0.078824681	0.42978652	0.043909348	0.055753171	0.000972166	0.624185126	0.135614797	0.272137925	0.21776525	0.101264997	0.000589632	0.048989958	0.019579945	0.261116441	0.305352151	0.351496298	1.30691E-05	6.37033E-06	1.70025E-08	0.003393501	0.368779713	0.205474842	5.42254E-05	0.456445054	0.335198404	0.308744652	0.368739103	0.776836354	0.062162286	0.00054338	2.36356E-05	0.063116442	0.091924328	0.289862009	1.94235E-05	0.006281123	8.54654E-05	0.000100372	0.01342261	0.003658285	0.122028699	0.274913114
Design 1	0.352691218	0.06310367	0.448877805	0.218954489	0.827272727	0.787928222	0.288135593	0.85915493	0.761904762	0.333333333	0	0	0.281288107	0.210241583	0.170317814	3.01762E-06	0.007279683	9.71864E-08	0.004891294	0.45515872	0.324339585	0.160222326	0.711864407	0.461413192	0.538586808	0.06310367	0.057126202	0.06310367	0.173843954	0.288135593	0.138249677	0.400627631	0.007282087	0.001143004	0.000961864	0.153354786	0.101351761	0.57376227	0.034457502	0.053540055	0.001882287	0.386626304	0.078456082	0.247621951	0.314437926	0.049169974	0.000417045	0.053660395	0.027123167	0.176628933	0.210424213	0.203090018	1.99884E-05	1.00373E-05	2.67897E-08	0.009107236	0.460680576	0.175285867	5.86738E-05	0.637581266	0.411041506	0.363721245	0.460645878	0.731032508	0.110124134	0.000212326	1.311E-05	0.045779035	0.055780302	0.328144587	8.0105E-06	0.00365963	7.0224E-05	7.53656E-05	0.0102164	0.003135136	0.079046388	0.555019017
Design 1	0.354107649	0.067933033	0.730673317	0.028408192	0.124242424	0.510603589	0.152542373	0.85915493	0.761904762	0.333333333	0	0	0.016945113	0.028747821	0.028795324	3.67968E-07	0.008822829	2.64787E-07	0.001899438	0.474887516	0.301832076	0.105672559	0.847457627	0.104195377	0.895804623	0.067933033	0.061498106	0.067933033	0.173843954	0.152542373	0.232646815	0.420785586	0.005490998	0.000761633	0.001105804	0.101585527	0.046226489	0.518751965	0.034251867	0.046661271	0.000741187	0.599748714	0.065633069	0.225283171	0.330857208	0.301146028	0.002318912	0.062544645	0.023262043	0.155489712	0.20197798	0.422661067	2.26189E-05	8.15377E-06	2.17625E-08	0.001275422	0.257717426	0.237791341	0.000150151	0.329718541	0.210855255	0.207003029	0.257669671	0.853520599	0.121431368	0.004429747	0.000202247	0.118400347	0.199299342	0.412400003	0.000168805	0.020948462	0.000298537	0.000351465	0.035499454	0.010770494	0.26024702	0.187352167
Design 1	0.19121813	0.072762395	0.143142145	0.082007822	0.372727273	0.584013051	0.016949153	0.85915493	0.761904762	0.333333333	0	0	0.041634688	0.079151985	0.073099258	9.39316E-06	0.390777003	1.59319E-06	0.000166637	0.268365777	0.130487446	0.038715949	0.983050847	0.027287423	0.972712577	0.072762395	0.065870009	0.072762395	0.173843954	0.016949153	0.673659193	0.239879662	0.001289343	0.000928645	0.001262436	0.021061671	0.004471341	0.517977222	0.075992927	0.095366073	0.0106606	0.116233912	0.001379026	0.008716926	0.10925938	0.039334733	0.001515567	0.03776682	0.013769006	0.009849811	0.015330813	0.029413228	0.000173929	5.73477E-05	1.53062E-07	0.000412381	0.095781931	0.26746091	0.000296445	0.227707785	0.065350381	0.070326592	0.095723757	0.972399041	0.023704178	0.003648662	0.000531124	0.080709716	0.111274662	0.247217849	0.000196528	0.006234612	0.000755521	0.000347151	0.026689571	0.015041335	0.1442542	0.179407605
Design 1	0.281869688	0.077591758	0.417955112	0.086041369	0.375757576	0.151712887	0.796610169	0.85915493	0.761904762	0.333333333	0	0	0.236088263	0.083145546	0.076719352	1.00066E-05	0.005219855	1.54954E-07	0.981557974	0.407480293	0.382183849	0.125512204	0.203389831	0.647742287	0.352257713	0.077591758	0.070241912	0.077591758	0.173843954	0.796610169	0.022301272	0.365866879	0.006710089	0.001568593	0.001432298	0.097321059	0.556694677	0.114620832	0.047201053	0.019949482	0.00114019	0.318040064	0.106132505	0.185209013	0.233316319	0.081144449	0.001069807	0.10833463	0.057907278	0.219175531	0.188223283	0.311834474	1.59687E-05	2.41761E-05	0.000647296	0.000487906	0.002746694	0.433201338	0.000171461	0.407574347	0.285530418	0.163693708	0.230648979	0.336621472	0.075005425	0.00027644	2.34055E-05	0.063848065	0.08152879	0.326994957	1.01232E-05	0.007471401	0.000111754	0.000159859	0.020903657	0.005514349	0.095462923	0.125841171
Design 1	0.196883853	0.08242112	0.053366584	0.123855869	0.615151515	0.608482871	0.745762712	0.85915493	0.761904762	0.333333333	0	0	0.331841478	0.117885646	0.101264523	0.003216837	0.910500299	1.06517E-05	0.963313387	0.296615487	0.189609802	0.080687633	0.254237288	0.683808254	0.316191746	0.08242112	0.074613815	0.08242112	0.173843954	0.745762712	0.028903029	0.268335193	0.003477838	0.002050908	0.001615925	0.044972052	0.480927593	0.476434976	0.073487752	0.082300228	0.02504258	0.042510229	0.000137597	0.001911054	0.124667859	0.032300774	0.003653784	0.047914467	0.02775901	0.001898513	0.001279983	0.009907598	0.000489044	0.000958998	0.039758653	0.0396055	0.000143207	0.023073573	0.002459851	0.164384021	0.029714335	0.010740307	0.018827405	0.06901116	0.029999154	0.000778957	0.000228958	0.109936166	0.070538845	0.298803498	5.19487E-05	0.009284037	0.001324406	0.000803864	0.047488342	0.031456529	0.081418628	0.017410216
Design 1	0.235127479	0.087250483	0.710723192	0.048731062	0.13030303	0.779771615	0.196610169	0.85915493	0.761904762	0.333333333	0	0	0.034321676	0.048987031	0.048957668	5.15299E-07	0.009722264	1.21148E-07	0.002680315	0.364816043	0.176768809	0.070002493	0.803389831	0.169596745	0.830403255	0.087250483	0.078985718	0.087250483	0.173843954	0.196610169	0.192586011	0.331621795	0.003965689	0.001312131	0.001813853	0.045918436	0.062462103	0.787993935	0.059490085	0.094895136	0.001582548	0.498924887	0.059924169	0.145005802	0.179403268	0.0971836	0.000757379	0.044472708	0.017254138	0.14570433	0.186217319	0.237618138	2.40398E-05	9.53115E-06	2.54388E-08	0.002135601	0.316832612	0.239568643	8.20056E-05	0.42606295	0.263485499	0.250147143	0.31678866	0.812617369	0.052591152	0.000736578	3.77729E-05	0.068774872	0.098735238	0.283966209	2.83519E-05	0.006905904	0.000145055	0.000139125	0.0162343	0.005338476	0.129408617	0.273099494
Design 1	0.089235128	0.092079845	0.800498753	0.024335861	0.766666667	0.722675367	0.633898305	0.85915493	0.761904762	0.333333333	0	0	0.117939842	0.016456959	0.013342579	1.13998E-06	0.014692652	1.72646E-08	0.137771762	0.148386329	0.055586714	0.016378681	0.366101695	0.321854621	0.678145379	0.092079845	0.083357622	0.092079845	0.173843954	0.633898305	0.045557961	0.136652182	0.000445249	0.001774881	0.00202662	0.004626155	0.346227887	0.535487003	0.165593613	0.174496633	0.002486721	0.541837047	0.040468648	0.059892637	0.033306357	0.062568292	0.000353195	0.025360285	0.009764953	0.110077342	0.112147666	0.155103213	3.08457E-05	2.67398E-05	7.13688E-08	0.003151403	0.133142836	0.113886592	0.000109252	0.235040808	0.138865248	0.091882961	0.133087066	0.448423314	0.004407443	0.000171169	5.40971E-06	0.03193756	0.058626172	0.123198619	6.89294E-06	0.003899896	9.32492E-05	7.99317E-05	0.00892573	0.003679307	0.0725121	0.527771761
Design 1	0.337110482	0.096909208	0.516209476	0.063236316	0.9	0.592169657	0.210169492	0.85915493	0.761904762	0.333333333	0	0	0.137543565	0.053639723	0.042409008	1.47013E-06	0.013073179	5.59424E-07	0.002951272	0.5527771	0.386482804	0.197324215	0.789830508	0.167913822	0.832086178	0.096909208	0.087729525	0.096909208	0.173843954	0.210169492	0.182596433	0.507136639	0.019262484	0.002054105	0.002254761	0.180929075	0.067762679	0.398294896	0.036827195	0.030303979	0.001008002	0.338801758	0.045256643	0.149612393	0.378014611	0.236705731	0.003320676	0.109363025	0.042141787	0.119230255	0.154426347	0.342320252	2.8789E-05	1.14914E-05	3.06707E-08	0.003043887	0.240784651	0.1611906	0.000217186	0.334893881	0.197572559	0.185551199	0.240735806	0.799623669	0.165957562	0.003355607	0.000259686	0.126102094	0.19858749	0.470084518	0.00013222	0.022622634	0.000378009	0.000459464	0.04471883	0.013522107	0.239832733	0.166968578
Design 1	0.328611898	0.101738571	0.926184539	0.230822425	0.515151515	0.804241436	0.128813559	0.85915493	0.761904762	0.333333333	0	0	0.149211629	0.226099509	0.200155298	1.37717E-07	0.000343531	0	0.001532495	0.555129169	0.352989804	0.20546057	0.871186441	0.283658652	0.716341348	0.101738571	0.092101428	0.101738571	0.173843954	0.128813559	0.261158866	0.511918293	0.021625815	0.002328162	0.002498812	0.183897172	0.038072981	0.6766488	0.038209079	0.051011812	0.000470334	0.585406961	0.643390373	1	0.372357653	0.049595903	0.000195949	0.08384908	0.036871495	0.793984239	0.844069798	0.545260115	3.24316E-07	0	0	0.004095594	1	0.402075743	0	1	1	1	1	0.876829464	0.164966657	0.000251553	1.32528E-05	0.030160672	0.060341154	0.344464595	7.7681E-06	0.00274216	0	1.79348E-05	0.005417358	0.00023771	0.085137957	0.675103909
Design 1	0.320113314	0.106567933	0.254862843	0.232141084	0.021212121	0.567699837	0.074576271	0.85915493	0.761904762	0.333333333	0	0	0.052047415	0.233737678	0.242398662	4.78411E-06	0.030930759	4.75843E-07	0.000805217	0.556622223	0.354601655	0.170265705	0.925423729	0.216525065	0.783474935	0.106567933	0.096473331	0.106567933	0.173843954	0.074576271	0.36292706	0.515856126	0.019254688	0.002087147	0.00275931	0.1487051	0.020843368	0.610579554	0.039660057	0.046500541	0.003559437	0.158221651	0.019628357	0.096583211	0.365957375	0.040046304	0.001074962	0.093178075	0.03912486	0.065651197	0.096345159	0.106582996	4.68248E-05	1.39963E-05	3.73562E-08	0.002955162	0.380984718	0.27368052	0.000125825	0.573919207	0.275930853	0.286640948	0.380944894	0.925825441	0.163341214	0.000873135	0.000129597	0.053175487	0.083229906	0.404364113	3.71712E-05	0.005223566	0.000241159	0.000189633	0.020975749	0.007614276	0.111121842	0.513173728
Design 1	0.202549575	0.111397296	0.54713217	0.037444888	0.342424242	0.275693312	0.288135593	0.85915493	0.761904762	0.333333333	0	0	0.062357399	0.034990183	0.032578953	1.6668E-06	0.008748256	2.18555E-07	0.004891294	0.366560643	0.234067543	0.079283017	0.711864407	0.200082948	0.799917052	0.111397296	0.100845235	0.111397296	0.173843954	0.288135593	0.138249677	0.342075804	0.006446556	0.002353594	0.003036791	0.045346414	0.101351761	0.236440313	0.071110229	0.041790738	0.001152389	0.32579917	0.066155609	0.115959903	0.161061731	0.129860761	0.001797648	0.103995349	0.040194646	0.156372955	0.188783167	0.309260715	2.24977E-05	1.10121E-05	2.93916E-08	0.003019045	0.220628288	0.146558918	0.000147924	0.301447254	0.194218383	0.171822881	0.220578146	0.730691582	0.048649796	0.001044722	8.66744E-05	0.078696093	0.140177924	0.309484618	3.9828E-05	0.01230018	0.000230657	0.000266023	0.029975923	0.008676424	0.159083683	0.17980516
Design 1	0.23796034	0.116226658	0.080299252	0.123429244	0.421212121	0.265905383	0.569491525	0.85915493	0.761904762	0.333333333	0	0	0.24887995	0.119940585	0.10916846	0.000823799	0.516322521	6.96226E-06	0.039116534	0.440179753	0.363202102	0.160985645	0.430508475	0.591966932	0.408033068	0.116226658	0.105217138	0.116226658	0.173843954	0.569491525	0.056901253	0.412300493	0.016591166	0.003695859	0.003331792	0.106625391	0.284364469	0.212576604	0.058618435	0.028580703	0.009836044	0.048785607	0.000923403	0.007202585	0.223402096	0.054462397	0.005415248	0.133592684	0.071828066	0.007396162	0.007704408	0.032495275	0.000209004	0.000169263	4.51766E-07	0.016446665	0.054709017	0.045383194	0.001231856	0.210266376	0.055763969	0.031666529	0.054648201	0.329685832	0.080507194	0.001021896	0.00033356	0.116787536	0.112127167	0.413895086	5.72905E-05	0.014853953	0.001064989	0.000874948	0.060482954	0.028762577	0.120044441	0.041472389
Design 1	0.277620397	0.121056021	0.448379052	0.036824342	0.654545455	0.608482871	0.020338983	0.85915493	0.761904762	0.333333333	0	0	0.073013855	0.030376263	0.02565402	3.41559E-07	0.039095188	1.25196E-06	0.000201022	0.524769536	0.318297529	0.163788999	0.979661017	0.013511748	0.986488252	0.121056021	0.109589041	0.121056021	0.173843954	0.020338983	0.636893489	0.493354223	0.02126428	0.002894691	0.003644849	0.125171152	0.005383617	0.466812544	0.04815864	0.04070438	0.001550634	0.252006375	0.015585773	0.069185326	0.30658828	0.311608742	0.006049	0.114527319	0.041283975	0.055680369	0.085097695	0.241900141	5.30508E-05	1.44314E-05	3.85176E-08	0.000225949	0.165733063	0.341666152	0.000337415	0.239671941	0.115213787	0.124605275	0.16567939	0.97957328	0.131138605	0.035567039	0.003261632	0.152951801	0.33348149	0.479117189	0.001540599	0.035517715	0.000915599	0.000806425	0.064647392	0.022011993	0.406655421	0.130714333
Design 1	0.178470255	0.125885383	0.041461347	0.142472238	0.042424242	0.339314845	0.505084746	0.85915493	0.761904762	0.333333333	0	0	0.214276306	0.143824404	0.148084185	0.004230994	0.910910637	1.49382E-05	0.020458498	0.351343511	0.238244188	0.100966619	0.494915254	0.623095957	0.376904043	0.125885383	0.113960944	0.125885383	0.173843954	0.505084746	0.070008106	0.332559375	0.009523787	0.004160778	0.003976497	0.051470752	0.231461998	0.366424563	0.082152974	0.060370377	0.026008128	0.024976975	0.000136958	0.001726623	0.13971661	0.024530388	0.004741206	0.091276853	0.052522392	0.001892209	0.001575175	0.009431343	0.000490047	0.000626881	1.67315E-06	0.025360283	0.025217908	0.031502909	0.001881951	0.179695691	0.03213323	0.017102338	0.025155194	0.284628273	0.041120599	0.000671372	0.000330518	0.099260287	0.078049642	0.337963697	4.48597E-05	0.009461266	0.001529741	0.000926908	0.055788985	0.034414135	0.082916218	0.021116552
Design 1	0.137393768	0.130714746	0.204987531	0.147824445	0.675757576	0.388254486	0.033898305	0.85915493	0.761904762	0.333333333	0	0	0.09352451	0.141071562	0.119126961	5.00479E-06	0.052031577	3.64713E-07	0.000342277	0.280995545	0.148309654	0.053379578	0.966101695	0.068279163	0.931720837	0.130714746	0.118332848	0.130714746	0.173843954	0.033898305	0.528480382	0.267632009	0.004344497	0.003594921	0.004327274	0.02160439	0.009094275	0.273971593	0.108797182	0.067438893	0.005757799	0.110224474	0.011744787	0.024909618	0.089981586	0.019395868	0.000700128	0.087117885	0.032646476	0.045491183	0.069917076	0.0619111	6.158E-05	1.73234E-05	4.62363E-08	0.001392103	0.226142891	0.245241042	0.000111288	0.355134603	0.1563561	0.16731725	0.226093105	0.965269106	0.021653768	0.000686841	0.000137538	0.038018313	0.072841353	0.217605171	3.06647E-05	0.00279439	0.000268396	0.000137249	0.015303129	0.006357733	0.083859085	0.421409098
Design 1	0.209631728	0.135544108	0.199002494	0.179006863	0.7	0.46411093	0.762711864	0.85915493	0.761904762	0.333333333	0	0	0.472439181	0.171934419	0.144239966	8.41182E-05	0.055807753	7.90157E-07	0.971390468	0.430577046	0.347767067	0.216402361	0.237288136	0.781765002	0.218234998	0.135544108	0.122704751	0.135544108	0.173843954	0.762711864	0.026644749	0.410519093	0.027793193	0.007070209	0.004697716	0.127542971	0.505026811	0.333727466	0.068303431	0.043095151	0.004547334	0.104196097	0.010955093	0.036462389	0.19793077	0.036209595	0.001565508	0.123697603	0.083268829	0.043284729	0.042634123	0.081231349	6.38415E-05	5.91942E-05	0.003227408	0.003068429	0.001164914	0.184023299	0.000371693	0.386675822	0.166938118	0.095943426	0.154674088	0.338415669	0.07106733	0.000200166	4.17861E-05	0.059824833	0.063404072	0.337265165	9.10642E-06	0.006087007	0.000283263	0.000265855	0.027289602	0.010300515	0.070205717	0.262371437
Design 1	0.201133144	0.140373471	0.329177057	0.110359001	0.063636364	0.327895595	0.830508475	0.85915493	0.761904762	0.333333333	0	0	0.27521614	0.111449422	0.113924635	2.10713E-05	0.016579002	3.19054E-07	0.987689056	0.42362605	0.322558998	0.162541837	0.169491525	0.758690036	0.241309964	0.140373471	0.127076654	0.140373471	0.173843954	0.830508475	0.018168424	0.405596801	0.021752756	0.005869948	0.005088359	0.092274103	0.613457935	0.349235497	0.071693179	0.046046923	0.002577432	0.166358786	0.036028257	0.076326383	0.18837138	0.043803372	0.001125036	0.122869042	0.077312288	0.101308014	0.091231607	0.149598276	3.30904E-05	3.95748E-05	0.001312337	0.001153053	0.002082894	0.328632845	0.000246332	0.44231057	0.244836162	0.134976931	0.207396073	0.308771768	0.066873284	0.000170969	2.50728E-05	0.054277502	0.063289643	0.31788468	6.96226E-06	0.005605706	0.00016359	0.000180817	0.021668856	0.006867615	0.070429315	0.206407993
Design 1	0.206798867	0.145202833	0.089376559	0.066726885	0.227272727	0.600326264	0.66440678	0.85915493	0.761904762	0.333333333	0	0	0.149462697	0.065736723	0.063600391	0.000712458	0.820094507	1.62538E-05	0.586245624	0.445093691	0.262380082	0.145431282	0.33559322	0.532496256	0.467503744	0.145202833	0.131448557	0.145202833	0.173843954	0.66440678	0.040677487	0.427723673	0.021554027	0.005114473	0.005499739	0.084688086	0.37919303	0.576254327	0.069405099	0.063854814	0.013165493	0.045594434	0.000282314	0.003329071	0.203349339	0.085114748	0.00911987	0.101076261	0.048619036	0.003172264	0.002624286	0.022588609	0.000355965	0.000462956	0.012078892	0.011921324	0.000268411	0.042796932	0.00273845	0.165093788	0.034806378	0.015055519	0.027077479	0.15872684	0.07593242	0.002691062	0.00080649	0.168939164	0.145391978	0.438320419	0.000167168	0.024466876	0.001848843	0.001472524	0.082359024	0.044265715	0.157388562	0.020256731
Design 1	0.082152975	0.150032196	0.600498753	0.036436501	0.078787879	0.251223491	0.294915254	0.85915493	0.761904762	0.333333333	0	0	0.031645298	0.037355301	0.038009326	1.28613E-06	0.006125327	2.4055E-08	0.005098997	0.192537902	0.08711374	0.023919178	0.705084746	0.217872664	0.782127336	0.150032196	0.135820461	0.150032196	0.173843954	0.294915254	0.135164076	0.187328342	0.001730102	0.004276476	0.005932393	0.006298681	0.104544087	0.266908245	0.178470255	0.103078038	0.002177466	0.286713719	0.091884296	0.06549393	0.041522166	0.028271046	0.000277352	0.069955442	0.02742475	0.197729984	0.231726033	0.176833407	1.78217E-05	9.33584E-06	2.49175E-08	0.003029519	0.259125621	0.165113663	4.38161E-05	0.342703556	0.23500026	0.20690698	0.259077956	0.725365694	0.00726036	9.9051E-05	7.93201E-06	0.025859782	0.05324022	0.141073573	3.70364E-06	0.002216441	6.13739E-05	4.60919E-05	0.00729976	0.002018049	0.054967306	0.709614063
Design 1	0.039660057	0.154861558	0.42713217	0.010722641	0.024242424	0.414355628	0.633898305	0.85915493	0.761904762	0.333333333	0	0	0.015445662	0.012347082	0.012847944	7.50074E-06	0.082621493	9.62013E-08	0.137771762	0.105645871	0.032991403	0.008084961	0.366101695	0.319515033	0.680484967	0.154861558	0.140192364	0.154861558	0.173843954	0.633898305	0.045557961	0.104493212	0.000372392	0.004421238	0.006386857	0.001251911	0.346227887	0.449471609	0.320113314	0.222631865	0.006640772	0.19959207	0.007403269	0.01032582	0.013905883	0.02725656	0.000478672	0.03265925	0.01253817	0.032716477	0.035410943	0.052323732	7.79135E-05	5.77732E-05	1.54197E-07	0.002748887	0.070862381	0.087390025	0.000210183	0.163387681	0.069531329	0.044569695	0.070802604	0.422184403	0.001502168	0.000101862	8.76001E-06	0.024484706	0.046797962	0.087767917	4.89889E-06	0.002787081	0.000198441	0.000119399	0.01140443	0.006126999	0.048318613	0.503421539
Design 1	0.178470255	0.159690921	0.148129676	0.054626245	0.772727273	0.665579119	0.362711864	0.85915493	0.761904762	0.333333333	0	0	0.138198271	0.046660685	0.038188221	9.57056E-05	0.536380233	7.32558E-06	0.007694433	0.412816957	0.220864214	0.126063439	0.637288136	0.263118251	0.736881749	0.159690921	0.144564267	0.159690921	0.173843954	0.362711864	0.108746888	0.401471452	0.020348996	0.006243471	0.006863667	0.064243564	0.139182962	0.486573751	0.082152974	0.062762768	0.00780292	0.06882898	0.000866843	0.006256082	0.167309564	0.115599451	0.008235461	0.113018789	0.045145579	0.007069647	0.008522247	0.043122303	0.000215103	0.000127437	3.40131E-07	0.004783631	0.049746269	0.066686831	0.001193109	0.163043433	0.043799454	0.031833059	0.049685133	0.530492198	0.058851146	0.003221978	0.000742817	0.155349172	0.183434621	0.403072578	0.000180949	0.026625861	0.001496205	0.001249832	0.077602504	0.036685274	0.195405963	0.047516829
Design 1	0.218130312	0.164520283	0.499750623	0.016617825	0.436363636	0.218597064	0.823728814	0.85915493	0.761904762	0.333333333	0	0	0.077166508	0.01296744	0.011643381	6.0885E-06	0.024558053	1.19349E-06	0.986665862	0.510219199	0.370020416	0.167844953	0.176271186	0.401313614	0.598686386	0.164520283	0.14893617	0.164520283	0.173843954	0.823728814	0.018979213	0.497292056	0.034839148	0.005902431	0.00736336	0.102611751	0.601668337	0.166594594	0.065155807	0.018995836	0.000802281	0.222439883	0.024603771	0.083098359	0.246987501	0.522614844	0.011685607	0.225776383	0.087593853	0.07714849	0.071066836	0.401525876	4.1294E-05	4.58466E-05	0.000496841	0.000337427	0.001392792	0.219920866	0.000897123	0.169596646	0.092982918	0.05133887	0.080568525	0.309813421	0.106528562	0.006712937	0.000736401	0.149207875	0.303455894	0.496812234	0.000279246	0.064458876	0.000782545	0.001244917	0.095010239	0.028587255	0.324713141	0.058367386
Design 1	0.222379603	0.169349646	0.379551122	0.03736732	0.903030303	0.796084829	0.73220339	0.85915493	0.761904762	0.333333333	0	0	0.165314701	0.027739738	0.021782418	1.22458E-05	0.092239195	2.5259E-06	0.95415747	0.530260594	0.303084182	0.217021671	0.26779661	0.40973413	0.59026587	0.169349646	0.153308073	0.169349646	0.173843954	0.73220339	0.030754255	0.518528227	0.049061398	0.007550602	0.007886472	0.135014305	0.462422878	0.561059522	0.063664828	0.050851211	0.002283181	0.165553483	0.006627173	0.03440734	0.261799608	0.310734504	0.009280907	0.139768021	0.05672105	0.030228189	0.030545354	0.168835296	8.23376E-05	7.16231E-05	0.001181675	0.001022369	0.001050047	0.16592823	0.001016954	0.20120437	0.081784018	0.047445973	0.07774314	0.345230101	0.117543531	0.004490822	0.000560322	0.167947379	0.235382917	0.49350516	0.000210128	0.04480725	0.000939472	0.001181035	0.083200558	0.030458189	0.260438498	0.055266239
Design 1	0.164305949	0.174179008	0.463840399	0.014756188	0.427272727	0.486133768	0.359322034	0.85915493	0.761904762	0.333333333	0	0	0.054498991	0.011222681	0.010092388	3.38229E-06	0.073581696	1.3865E-06	0.007537005	0.405761041	0.212594093	0.104408292	0.640677966	0.176490292	0.823509708	0.174179008	0.157679977	0.174179008	0.173843954	0.359322034	0.10990661	0.398893109	0.019194208	0.006422556	0.008433539	0.049419957	0.137326403	0.413337361	0.089997821	0.05789403	0.001906382	0.197475328	0.008314984	0.037237066	0.154337658	0.371168337	0.00930117	0.131484491	0.048605021	0.03554629	0.045866953	0.200696578	7.3494E-05	3.52276E-05	9.40229E-08	0.001677851	0.080980726	0.102970232	0.000667913	0.151355237	0.066647457	0.054812698	0.0809216	0.651589218	0.053977535	0.007337942	0.000791196	0.132517431	0.286012615	0.400531778	0.000336332	0.048663729	0.001000015	0.001173036	0.083305943	0.029830157	0.314918772	0.087566391
Design 1	0.14305949	0.179008371	0.040458853	0.135064475	0.054545455	0.535073409	0.115254237	0.85915493	0.761904762	0.333333333	0	0	0.046532432	0.13626378	0.139716902	0.001140096	0.950355734	2.37527E-05	0.001337131	0.363408358	0.173736581	0.083722943	0.884745763	0.203181114	0.796818886	0.179008371	0.16205188	0.179008371	0.173843954	0.115254237	0.280706368	0.358811595	0.014536124	0.006731373	0.009005097	0.035068652	0.033587348	0.565542718	0.104323192	0.083365661	0.032269211	0.018327881	7.59742E-05	0.001027354	0.123245307	0.022853847	0.005984265	0.101692327	0.041655803	0.001242142	0.001252656	0.007111542	0.000634505	0.000548632	1.4643E-06	0.002956363	0.025891304	0.088349689	0.001352636	0.171959948	0.027223218	0.025338374	0.025828634	0.787654628	0.039016621	0.001731307	0.001051086	0.106329235	0.108151434	0.343872087	0.000121149	0.010472485	0.002273167	0.001146313	0.064231933	0.041202781	0.11478847	0.034299443
Design 1	0.192634561	0.183837733	0.642892768	0.020884076	0.157575758	0.27324633	0.155932203	0.85915493	0.761904762	0.333333333	0	0	0.017455746	0.020799472	0.020593509	5.64677E-07	0.009412114	4.86156E-07	0.001954671	0.489939429	0.303810226	0.138622369	0.844067797	0.093421464	0.906578536	0.183837733	0.166423783	0.183837733	0.173843954	0.155932203	0.229047686	0.484212825	0.033424998	0.006684961	0.009601683	0.075681512	0.047423841	0.271929225	0.075354108	0.031956293	0.000682767	0.261536491	0.061777128	0.120284737	0.214819588	0.268792094	0.004990748	0.20161992	0.074243401	0.14890848	0.193996251	0.444762328	2.35581E-05	8.53101E-06	2.27694E-08	0.001172882	0.204350164	0.197489303	0.000240487	0.259751547	0.166687353	0.163222332	0.204298975	0.850273739	0.090350715	0.005602102	0.00058654	0.110644286	0.263442822	0.421188018	0.000214624	0.029887496	0.000478136	0.000591679	0.05756172	0.015767643	0.284961668	0.168738583
Design 1	0.090651558	0.188667096	0.163740648	0.067386215	0.687878788	0.348287113	0.216949153	0.85915493	0.761904762	0.333333333	0	0	0.116319106	0.060502444	0.05079781	4.42425E-05	0.200503694	1.33332E-06	0.003092951	0.248817548	0.121361736	0.048648922	0.783050847	0.188895031	0.811104969	0.188667096	0.170795686	0.188667096	0.173843954	0.216949153	0.177918112	0.248364754	0.006507956	0.008901302	0.010223834	0.013836708	0.070469623	0.237769594	0.163216387	0.077328689	0.008027974	0.066344774	0.002978523	0.006855438	0.058671629	0.030053004	0.002114001	0.114588103	0.044874024	0.01707319	0.024103997	0.041662967	0.000121356	4.87905E-05	1.30222E-07	0.003703526	0.091438907	0.091212981	0.000353137	0.200856338	0.068782831	0.062417175	0.091380454	0.759122275	0.013231096	0.000495618	0.000138885	0.062857257	0.093848368	0.217631689	2.51276E-05	0.006562123	0.000580966	0.000380897	0.033401923	0.01490996	0.091093202	0.366629715
Design 1	0.109065156	0.193496458	0.218004988	0.067580136	0.151515152	0.437194127	0.562711864	0.85915493	0.761904762	0.333333333	0	0	0.122852264	0.067559027	0.067032699	4.80098E-05	0.118913039	9.54362E-07	0.036018843	0.299515631	0.149042566	0.069954309	0.437288136	0.479638103	0.520361897	0.193496458	0.17516759	0.193496458	0.173843954	0.562711864	0.058189349	0.29925187	0.011591175	0.00959056	0.010872085	0.023192788	0.278403099	0.437194127	0.137066899	0.088231926	0.006474081	0.086040093	0.005124081	0.012398111	0.081840391	0.0319173	0.001691361	0.105405827	0.049338631	0.025154509	0.028584537	0.053927173	9.34611E-05	6.20149E-05	1.65519E-07	0.007920627	0.108640072	0.082789916	0.000387214	0.27077416	0.101567843	0.068529016	0.108582725	0.464883939	0.021891667	0.00023336	5.39118E-05	0.061145067	0.072094903	0.244120856	1.137E-05	0.005962663	0.000392564	0.000306637	0.028766	0.012235568	0.072075098	0.38104395
Design 1	0.087818697	0.198325821	0.097755611	0.0481493	0.715151515	0.153344209	0.352542373	0.85915493	0.761904762	0.333333333	0	0	0.123192557	0.040922365	0.034021228	0.000301205	0.53076624	4.7061E-06	0.007232511	0.251065336	0.143272017	0.050760465	0.647457627	0.244910284	0.755089716	0.198325821	0.179539493	0.198325821	0.173843954	0.352542373	0.112270327	0.252208829	0.007464832	0.01019242	0.011546972	0.014065013	0.133654611	0.068661299	0.168033398	0.050383274	0.010530987	0.038563365	0.000882347	0.002818636	0.05798033	0.044399528	0.005579192	0.166674535	0.065659161	0.007159737	0.008706058	0.029863186	0.000213376	0.00012404	3.31064E-07	0.005276517	0.039178522	0.049220458	0.000962564	0.121987287	0.034180438	0.025183869	0.039116707	0.542987442	0.01326586	0.001046269	0.000427127	0.092135333	0.133781729	0.251273608	5.88898E-05	0.013726079	0.001231841	0.000878835	0.061581694	0.028904561	0.121628025	0.091028216
Design 1	0.168555241	0.203155184	0.979052369	0.058000462	0.775757576	0.233278956	0.793220339	0.85915493	0.761904762	0.333333333	0	0	0.207302428	0.049995115	0.040898748	7.69317E-07	0.000290127	4.78586E-08	0.98077344	0.464085606	0.345103556	0.189138134	0.206779661	0.524113634	0.475886366	0.203155184	0.183911396	0.203155184	0.173843954	0.793220339	0.022725762	0.464640857	0.051476356	0.012626473	0.012249033	0.09152708	0.551308355	0.127391861	0.087520501	0.021526959	4.61951E-05	0.366592557	0.681151145	0.420045832	0.182929146	0.118264065	0.001410413	0.269621314	0.121940646	0.826997115	0.602668539	0.929259655	0	1.12329E-05	0.000232154	7.26977E-05	0.005146173	0.811191641	0.000115789	0.459237477	0.476500394	0.274853609	0.326622017	0.341084578	0.073992834	0.000360131	3.4455E-05	0.056468121	0.118257665	0.335788883	1.10824E-05	0.010365456	6.68327E-05	0.000155139	0.025397709	0.004182699	0.119864957	0.263105027
Design 1	0.148725212	0.207984546	0.798004988	0.093100075	0.148484848	0.445350734	0.66440678	0.85915493	0.761904762	0.333333333	0	0	0.19423225	0.093110061	0.09247852	1.20637E-06	0.001356626	3.64965E-08	0.586245624	0.420038374	0.253337303	0.153801684	0.33559322	0.613926157	0.386073843	0.207984546	0.188283299	0.207984546	0.173843954	0.66440678	0.040677487	0.422145076	0.03967895	0.013078956	0.012978803	0.066604904	0.37919303	0.446183541	0.100149975	0.060648117	0.000817312	0.293339287	0.313593344	0.253429587	0.149117924	0.042616258	0.000513699	0.154039841	0.082405446	0.475201164	0.404296386	0.396607924	5.16891E-06	1.17315E-05	0.000277071	0.000117621	0.006344726	1	6.80195E-05	0.625870685	0.543336192	0.352121141	0.434824093	0.431286872	0.05506797	9.37517E-05	8.93122E-06	0.034864898	0.058932039	0.274429521	3.08958E-06	0.003717065	3.36117E-05	6.42374E-05	0.012057228	0.002057112	0.062390196	0.434603583
Design 1	0.093484419	0.212813909	0.320199501	0.020728939	0.009090909	0.641109299	0.454237288	0.85915493	0.761904762	0.333333333	0	0	0.020387826	0.022544232	0.023539219	1.26923E-05	0.179865947	1.20985E-06	0.013890052	0.279870019	0.105215065	0.050229503	0.545762712	0.271726959	0.728273041	0.212813909	0.192655203	0.212813909	0.173843954	0.454237288	0.081986846	0.283336462	0.009240505	0.00963836	0.013736819	0.014651456	0.195015282	0.69179495	0.158640226	0.129286321	0.005689151	0.116224229	0.003341595	0.010427221	0.068200181	0.074935768	0.003058118	0.082306783	0.032135165	0.018535163	0.02253046	0.062784735	0.000114889	6.56139E-05	1.75124E-07	0.002895243	0.077133435	0.098120555	0.000527177	0.191039421	0.067388662	0.049300367	0.077074062	0.536719682	0.01736336	0.000875918	0.000141697	0.083965496	0.122287454	0.248247799	4.37646E-05	0.012570458	0.000650176	0.000530879	0.042443395	0.018625975	0.128015107	0.286151109
Design 1	0.128895184	0.217643271	0.134663342	0.286632749	0.018181818	0.363784666	0.061016949	0.85915493	0.761904762	0.333333333	0	0	0.05478289	0.28825172	0.299232458	2.57618E-05	0.098319713	6.98939E-07	0.000643932	0.380563451	0.199102226	0.09765679	0.938983051	0.220151305	0.779848695	0.217643271	0.197027106	0.217643271	0.173843954	0.061016949	0.40353604	0.385063815	0.024877604	0.011069879	0.014523617	0.037336855	0.016820975	0.398322264	0.116147309	0.064117761	0.008732796	0.048648047	0.006213865	0.018931073	0.120335846	0.009747325	0.000881654	0.155378798	0.065674229	0.028869258	0.044575136	0.037606805	8.50083E-05	2.56961E-05	6.85831E-08	0.003149136	0.256074594	0.216855781	0.00015649	0.465150557	0.176247681	0.184331612	0.256026733	0.934639242	0.040753234	0.000280913	0.000118923	0.025645251	0.051942634	0.267798598	1.34029E-05	0.002152235	0.000300148	0.000164337	0.018168255	0.007705457	0.056392967	0.633990992
Design 1	0.109065156	0.227301996	0.317206983	0.275889552	0.1	0.298531811	0.050847458	0.85915493	0.761904762	0.333333333	0	0	0.054207367	0.2764649	0.279078648	1.84954E-06	0.006452924	5.15382E-08	0.000527671	0.337679001	0.173777599	0.078675727	0.949152542	0.183564508	0.816435492	0.227301996	0.205770912	0.227301996	0.173843954	0.050847458	0.441579031	0.344044721	0.019355977	0.012320677	0.016185704	0.026077937	0.013874647	0.31038088	0.137066899	0.064145451	0.003364965	0.108975148	0.087628036	0.090684594	0.093498414	0.007912325	0.000180661	0.163028615	0.066905539	0.191143468	0.255514859	0.113247436	1.84568E-05	5.07303E-06	1.354E-08	0.002692762	0.57062601	0.341497005	2.11778E-05	0.689041716	0.453754839	0.48027583	0.570598386	0.95075529	0.028501417	0.000108913	2.88584E-05	0.008754272	0.035939893	0.206956748	4.08768E-06	0.00070165	5.12423E-05	2.08928E-05	0.005045041	0.00104717	0.038387284	0.797375182
Design 1	0.16713881	0.232131359	0.2319202	0.11299632	0.324242424	0.681892333	0.288135593	0.85915493	0.761904762	0.333333333	0	0	0.127967085	0.110751518	0.103889062	2.10951E-05	0.097489862	1.76991E-06	0.004891294	0.507678918	0.269156907	0.200792959	0.711864407	0.352250228	0.647749772	0.232131359	0.210142816	0.232131359	0.173843954	0.288135593	0.138249677	0.516699947	0.075408114	0.015200678	0.017062065	0.096431495	0.101351761	0.624271346	0.088333762	0.063138354	0.004804695	0.078550808	0.006267276	0.022219935	0.201200897	0.05146021	0.00311802	0.168914066	0.07544647	0.029046292	0.039316928	0.076306352	8.46491E-05	3.64049E-05	9.71653E-08	0.005869544	0.172709772	0.122960208	0.000378605	0.352158358	0.135577212	0.117765798	0.172656548	0.710281805	0.090115515	0.000733157	0.000190534	0.084124491	0.113203726	0.393758393	3.46394E-05	0.010613928	0.00054226	0.000477869	0.042970265	0.016372432	0.119283653	0.321370104
Design 1	0.080736544	0.236960721	0.799002494	0.058000462	0.554545455	0.347471452	0.322033898	0.85915493	0.761904762	0.333333333	0	0	0.110786354	0.052825502	0.046100674	5.81593E-07	0.001736529	1.67069E-08	0.006012775	0.266971035	0.12653903	0.05796016	0.677966102	0.256580193	0.743419807	0.236960721	0.214514719	0.236960721	0.173843954	0.322033898	0.123709243	0.274335701	0.012356079	0.015465914	0.017969355	0.014997224	0.117789961	0.261297944	0.181263216	0.077945063	0.001070162	0.263515629	0.263033272	0.126542473	0.058601372	0.033119045	0.000416516	0.146504315	0.05894328	0.419118944	0.440854481	0.327363993	6.59921E-06	5.20247E-06	1.38855E-08	0.004132987	0.368454609	0.180051353	3.59724E-05	0.439121081	0.372338818	0.321207494	0.368413978	0.702919834	0.014502592	0.000107934	1.18092E-05	0.026451574	0.065532501	0.181617593	3.62398E-06	0.002920688	4.35736E-05	5.22199E-05	0.010205965	0.001743775	0.062770965	0.665646897
Design 1	0.093484419	0.241790084	0.131670823	0.034264591	0.736363636	0.290375204	0.389830508	0.85915493	0.761904762	0.333333333	0	0	0.113613759	0.026770427	0.022043518	0.000143417	0.53573117	6.58647E-06	0.009095243	0.308352389	0.161551811	0.07661382	0.610169492	0.231010574	0.768989426	0.241790084	0.218886622	0.241790084	0.173843954	0.389830508	0.099959617	0.317089316	0.019345071	0.016367588	0.018908107	0.02232464	0.154547848	0.180852417	0.158640226	0.055006988	0.008160105	0.043481044	0.000868623	0.003487546	0.07592299	0.088882034	0.009987516	0.195480303	0.075078969	0.007080013	0.008373721	0.040845828	0.000214902	0.000132664	3.54082E-07	0.004145669	0.035520465	0.051776604	0.001359554	0.112682909	0.031855218	0.022421324	0.035458414	0.501343272	0.021466084	0.002628476	0.000949911	0.120932384	0.193840058	0.313675912	0.000147652	0.026256897	0.001679594	0.001380218	0.086811676	0.039042978	0.180288088	0.038859055
Design 1	0.145892351	0.246619446	0.079301746	0.1145089	0.187878788	0.27406199	0.596610169	0.85915493	0.761904762	0.333333333	0	0	0.218110297	0.114008403	0.111762641	0.00089196	0.5738128	1.00612E-05	0.05782911	0.468148606	0.326662227	0.205527368	0.403389831	0.616113606	0.383886394	0.246619446	0.223258525	0.246619446	0.173843954	0.596610169	0.051937186	0.480556266	0.079655858	0.020857615	0.01987886	0.08748577	0.309219534	0.266227779	0.102200915	0.036964992	0.011106583	0.026100133	0.000769281	0.004225032	0.166142964	0.039262041	0.007262308	0.25740039	0.141411274	0.006491663	0.006502515	0.02795176	0.000227084	0.000199721	5.33057E-07	0.016627211	0.05088738	0.045405337	0.001579384	0.211635807	0.053937948	0.02885528	0.050826318	0.288099264	0.06944908	0.000886767	0.000518797	0.105965622	0.116945003	0.413099541	5.05845E-05	0.01504854	0.001285555	0.001048785	0.072072196	0.032763691	0.109705357	0.030312869
Design 1	0.152974504	0.251448809	0.056359102	0.209762657	0.087878788	0.698205546	0.342372881	0.85915493	0.761904762	0.333333333	0	0	0.221058987	0.21051299	0.213382716	0.001312187	0.869753859	1.63471E-05	0.006800022	0.496263185	0.27613739	0.232058037	0.657627119	0.579497022	0.420502978	0.251448809	0.227630428	0.251448809	0.173843954	0.342372881	0.115931749	0.510465045	0.098485966	0.022017483	0.020882148	0.102991475	0.128248433	0.721475621	0.097199647	0.074351074	0.022350733	0.018481336	0.000201742	0.002345126	0.183716511	0.022298329	0.005794401	0.162809252	0.093045929	0.0024953	0.002537498	0.011483524	0.000413118	0.000351411	9.3792E-07	0.013545014	0.045826562	0.059674262	0.001469335	0.254044839	0.04783829	0.03280561	0.045765174	0.478675207	0.08135823	0.000726783	0.000498739	0.09023097	0.088509327	0.417476329	4.68557E-05	0.010161499	0.001565823	0.001000272	0.063000804	0.03506391	0.09060449	0.02827585
Design 1	0.150141643	0.256278171	0.103241895	0.180480659	0.687878788	0.27406199	0.416949153	0.85915493	0.761904762	0.333333333	0	0	0.296860461	0.173562861	0.146107584	0.000303693	0.211193883	4.11527E-06	0.010806556	0.494784302	0.373243585	0.261074754	0.583050847	0.548069405	0.451930595	0.256278171	0.232002332	0.256278171	0.173843954	0.416949153	0.091946971	0.51023065	0.114362414	0.02602746	0.021918509	0.113961027	0.170871413	0.174706619	0.099150141	0.024949919	0.007239037	0.032584125	0.002817433	0.010065917	0.180609957	0.032503722	0.004820917	0.328054382	0.175244403	0.016408394	0.020363574	0.047200355	0.000124599	6.80565E-05	1.81644E-07	0.014169343	0.107395562	0.063754478	0.000672281	0.27923993	0.091927625	0.069022991	0.107338136	0.561165577	0.079953358	0.000514004	0.000288278	0.077820037	0.106318327	0.404824847	2.6183E-05	0.010909402	0.000779627	0.000673588	0.056359969	0.022026803	0.098995255	0.07535896
Design 1	0.128895184	0.261107534	0.978553616	0.03756124	0.266666667	0.331158238	0.281355932	0.85915493	0.761904762	0.333333333	0	0	0.052928082	0.036075811	0.034434285	2.63208E-07	0.001327307	8.42066E-08	0.004691001	0.43628095	0.237148744	0.131961127	0.718644068	0.200195228	0.799804772	0.261107534	0.236374235	0.261107534	0.173843954	0.281355932	0.141433977	0.451514747	0.053076808	0.017448636	0.022988479	0.050431029	0.098205479	0.304881077	0.116147309	0.046138654	0.000343248	0.297067647	0.318315456	0.226531982	0.140291464	0.107105252	0.001605712	0.240084583	0.092971856	0.480301402	0.50690299	0.626344728	5.05222E-06	3.87896E-06	1.0353E-08	0.002676877	0.369819314	0.212871481	8.36213E-05	0.420816483	0.372469627	0.331745478	0.369778771	0.738348562	0.055281403	0.000680869	7.54954E-05	0.057685889	0.142867423	0.314563966	2.25094E-05	0.010562773	0.000128958	0.000190573	0.027766668	0.0055462	0.144246003	0.484334593
Design 1	0.145892351	0.265936896	0.218453865	0.043805481	0.154545455	0.437194127	0.644067797	0.85915493	0.761904762	0.333333333	0	0	0.093474297	0.043752753	0.043367156	5.44266E-05	0.178021719	4.22194E-06	0.204781716	0.495501425	0.277042282	0.184910594	0.355932203	0.452015642	0.547984358	0.265936896	0.240746138	0.265936896	0.173843954	0.644067797	0.043899302	0.513465299	0.086805121	0.020002088	0.024092595	0.078716845	0.356934547	0.436371133	0.102200915	0.05022772	0.004460682	0.065874114	0.003378	0.012472501	0.177155207	0.108114347	0.008040876	0.231843231	0.10188064	0.018679184	0.019909153	0.083016239	0.000114296	8.80175E-05	2.3492E-07	0.006934395	0.075440263	0.071398418	0.00104958	0.215050448	0.075176248	0.045602521	0.075380781	0.378700782	0.078910963	0.001722928	0.000492294	0.131682559	0.174266849	0.433661197	8.57734E-05	0.025475387	0.001005398	0.00104486	0.076523156	0.029359424	0.170342477	0.131590341
Design 1	0.04674221	0.270766259	0.765087282	0.017548643	0.736363636	0.592169657	0.349152542	0.85915493	0.761904762	0.333333333	0	0	0.092269174	0.010059508	0.008145169	7.21945E-07	0.020819017	1.05793E-07	0.007085219	0.18845	0.063353922	0.030533659	0.650847458	0.165362503	0.834637497	0.270766259	0.245118041	0.270766259	0.173843954	0.349152542	0.113474999	0.198462096	0.006060192	0.020894041	0.025231391	0.005237855	0.131839136	0.433823459	0.283949129	0.146762226	0.00221153	0.225312172	0.028898943	0.033892897	0.02829719	0.083004175	0.001649891	0.095408805	0.035048811	0.086545074	0.106795838	0.174185036	3.7669E-05	1.88395E-05	5.02829E-08	0.001509945	0.117980245	0.126217744	0.000189667	0.180173215	0.101572059	0.085371581	0.117923499	0.674616212	0.00526211	0.000623346	6.71694E-05	0.036541284	0.122623369	0.158599312	2.56532E-05	0.009460624	0.000286975	0.000266091	0.028284958	0.009418718	0.124571025	0.457783516
Design 1	0.14164306	0.275595621	0.57755611	0.09872377	0.857575758	0.665579119	0.047457627	0.85915493	0.761904762	0.333333333	0	0	0.112645025	0.089659314	0.071891448	2.73174E-07	0.006318073	2.66251E-07	0.000489773	0.495457333	0.247612898	0.194126577	0.952542373	0.060261965	0.939738035	0.275595621	0.249489945	0.275595621	0.173843954	0.047457627	0.456198008	0.515856126	0.097286243	0.022810586	0.026405405	0.080517496	0.012905688	0.466744462	0.105412256	0.053431661	0.001286445	0.167686534	0.089331403	0.105541236	0.173369824	0.0640746	0.001725336	0.231540384	0.085850847	0.193790142	0.259073715	0.283254294	1.81974E-05	4.94314E-06	1.31933E-08	0.001139874	0.393132906	0.347133389	0.000101953	0.46589415	0.312565622	0.331665925	0.393093862	0.954066565	0.077579962	0.001959057	0.000334106	0.060480958	0.149728014	0.34866427	7.26452E-05	0.008532131	0.000249669	0.000227094	0.029156284	0.007388776	0.159438582	0.427988944
Design 1	0.086402266	0.280424984	0.332668329	0.041866276	0.9	0.649265905	0.030508475	0.85915493	0.761904762	0.333333333	0	0	0.105514713	0.032276112	0.025410472	1.11334E-06	0.090272269	1.16734E-06	0.000306394	0.322675513	0.132820052	0.085206101	0.969491525	0.02016318	0.97983682	0.280424984	0.253861848	0.280424984	0.173843954	0.030508475	0.551194159	0.338302048	0.029412241	0.023509829	0.027615174	0.023271305	0.008157284	0.444081783	0.170538243	0.087768315	0.004000183	0.095424789	0.006772618	0.014079289	0.075673272	0.077281049	0.003890906	0.160733642	0.05806255	0.030700592	0.048120203	0.093773181	8.14537E-05	2.33566E-05	6.2339E-08	0.00036141	0.122250682	0.252486202	0.000328931	0.203047506	0.082845654	0.088796117	0.122194211	0.96712155	0.022749304	0.006362182	0.00137585	0.082281643	0.206023259	0.277251653	0.000297033	0.014567216	0.00085544	0.000573852	0.04938833	0.01849664	0.212188419	0.209850305
Design 1	0.116147309	0.285254346	0.481795511	0.02914509	0.418181818	0.486133768	0.044067797	0.85915493	0.761904762	0.333333333	0	0	0.044265873	0.025723571	0.023348178	4.62538E-07	0.030420761	8.80977E-07	0.000452291	0.424802673	0.200288305	0.125743779	0.955932203	0.027863011	0.972136989	0.285254346	0.258233751	0.285254346	0.173843954	0.044067797	0.472005961	0.444975132	0.058017573	0.02146824	0.028861232	0.043937617	0.01194322	0.415543134	0.128895184	0.060684306	0.001874223	0.135877214	0.019951377	0.037397205	0.126395837	0.140285914	0.005011421	0.219980565	0.079613171	0.066421123	0.098967623	0.20390222	4.6407E-05	1.30998E-05	3.49634E-08	0.00039978	0.16879327	0.280871838	0.000291665	0.237270836	0.12036263	0.127936725	0.168739794	0.956079612	0.049144993	0.008857057	0.001546055	0.096769458	0.258164633	0.356289097	0.000375371	0.022147905	0.000732373	0.000635323	0.057706672	0.018182282	0.267750978	0.19048905
Design 1	0.133144476	0.294913071	0.527182045	0.037212183	0.693939394	0.445350734	0.491525424	0.85915493	0.761904762	0.333333333	0	0	0.121833317	0.030259946	0.025258183	3.12864E-06	0.016477471	8.09238E-07	0.018323719	0.49311284	0.275025828	0.199414866	0.508474576	0.298502977	0.701497023	0.294913071	0.266977558	0.294913071	0.173843954	0.491525424	0.073043801	0.518106316	0.112758531	0.0276871	0.031464366	0.078355384	0.221317371	0.319037479	0.11237016	0.040707351	0.001201783	0.144370393	0.036242313	0.058837619	0.164894041	0.169894005	0.005740428	0.298510835	0.117943984	0.101737585	0.113921025	0.299209134	3.29733E-05	2.18293E-05	5.82626E-08	0.004276819	0.156411688	0.107623955	0.000405789	0.259286917	0.148431983	0.111031256	0.156357415	0.557704563	0.074116425	0.001795944	0.000317415	0.102917577	0.206658258	0.406200302	7.22304E-05	0.026079267	0.000501412	0.000661021	0.062647309	0.017788353	0.201144807	0.2969541
Design 1	0.130594901	0.299742434	0.500249377	0.06459376	0.872727273	0.526916803	0.145762712	0.85915493	0.761904762	0.333333333	0	0	0.124469137	0.055345711	0.044094538	1.14876E-06	0.012167784	5.69737E-07	0.00179115	0.490612516	0.260067541	0.199358816	0.854237288	0.122080728	0.877919272	0.299742434	0.271349461	0.299742434	0.173843954	0.145762712	0.240169843	0.516629629	0.115620812	0.029033708	0.032822514	0.077027633	0.043856534	0.351292802	0.114610842	0.044328678	0.001393612	0.135091193	0.048461893	0.064332014	0.161682679	0.097002412	0.003425508	0.28865347	0.10915988	0.125202723	0.167002918	0.265087598	2.75782E-05	9.64132E-06	2.57328E-08	0.00229434	0.252496966	0.184939172	0.000204345	0.336113942	0.201178315	0.198440652	0.252448874	0.859408872	0.072480328	0.001846545	0.000361837	0.081959123	0.181686271	0.37543961	7.23478E-05	0.015123222	0.000396091	0.000421841	0.045603863	0.012532279	0.179985065	0.2896824
Design 1	0.049575071	0.304571797	0.064339152	0.057457485	0.212121212	0.543230016	0.494915254	0.85915493	0.761904762	0.333333333	0	0	0.10045281	0.056663973	0.055093306	0.001312832	0.927275688	1.11787E-05	0.018824938	0.21717047	0.07788063	0.041409927	0.505084746	0.399728881	0.600271119	0.304571797	0.275721364	0.304571797	0.173843954	0.494915254	0.072274778	0.23181648	0.011592759	0.028827179	0.034219097	0.007398607	0.223823405	0.524997601	0.271549979	0.146198258	0.031664544	0.017577372	0.000111555	0.000541427	0.034212983	0.015749825	0.004328316	0.109859382	0.048129944	0.001634279	0.001318005	0.007290503	0.000536266	0.000730932	1.95087E-06	0.013867649	0.017406123	0.031641978	0.00186472	0.128236413	0.022872811	0.012292819	0.017342906	0.291193123	0.00730714	0.000434937	0.000292847	0.077933971	0.076844746	0.202696912	2.97823E-05	0.0072772	0.001624791	0.000857484	0.05275546	0.033150871	0.065498827	0.122993827
Design 1	0.07082153	0.309401159	0.027930175	0.023560179	0.884848485	0.42903752	0.284745763	0.85915493	0.761904762	0.333333333	0	0	0.112674767	0.014169386	0.011053167	0.006455698	0.996326989	0.001466325	0.004790246	0.2941254	0.129316842	0.074595254	0.715254237	0.142770161	0.857229839	0.309401159	0.280093267	0.309401159	0.173843954	0.284745763	0.139829146	0.312963967	0.028360398	0.03080074	0.035654653	0.017387813	0.099772914	0.270108466	0.20325779	0.074675821	0.041058925	0.007791599	5.60972E-06	0.000126141	0.059808061	0.133032451	0.073701979	0.206067779	0.075853138	8.21227E-05	9.26267E-05	0.005173891	0.010815085	0.007488988	1.99882E-05	0.013096756	0.001794106	0.010095264	0.0253025	0.02763807	0.001619463	0.001189763	0.001729885	0.528012443	0.016750359	0.025972477	0.024240741	0.248964345	0.367934413	0.393828745	0.005350981	0.095772553	0.034617792	0.024579113	0.260285621	0.182250856	0.328148264	0.002695341
Design 1	0.121813031	0.314230522	0.647381546	0.078245764	0.533333333	0.510603589	0.596610169	0.85915493	0.761904762	0.333333333	0	0	0.188805333	0.07333612	0.064469329	2.04349E-06	0.004179549	2.02081E-07	0.05782911	0.47780062	0.265303114	0.216314129	0.403389831	0.493675985	0.506324015	0.314230522	0.284465171	0.314230522	0.173843954	0.596610169	0.051937186	0.506480333	0.133584953	0.037032443	0.037129716	0.078693825	0.309219534	0.410203437	0.122946175	0.052421089	0.001043856	0.167588676	0.129138987	0.115976802	0.149289676	0.061389786	0.001645498	0.27313657	0.128166063	0.252148165	0.241746742	0.333551259	1.36238E-05	1.50955E-05	4.02901E-08	0.007875215	0.306009429	0.139449571	0.000162471	0.467342006	0.339261789	0.233043313	0.30596478	0.480435921	0.065683656	0.000271946	4.78817E-05	0.055083617	0.100976486	0.330707176	9.7772E-06	0.008143667	0.000149498	0.000206703	0.02823369	0.006576481	0.097250663	0.323983982
Design 1	0.116147309	0.319059884	0.064837905	0.021853678	0.390909091	0.412724307	0.477966102	0.85915493	0.761904762	0.333333333	0	0	0.065254329	0.018783306	0.017172316	0.001243277	0.962980606	0.000103182	0.016503505	0.463257174	0.236777588	0.160277814	0.522033898	0.261010562	0.738989438	0.319059884	0.288837074	0.319059884	0.173843954	0.477966102	0.076190272	0.492229128	0.098919707	0.030169633	0.038644824	0.055989595	0.211489015	0.35419933	0.128895184	0.049322007	0.015521755	0.01694907	5.66023E-05	0.000795919	0.139370157	0.206711496	0.057338571	0.289734279	0.110990143	0.001006642	0.000712565	0.018338764	0.000721489	0.001275811	3.40516E-06	0.009833527	0.007593481	0.021255668	0.007698648	0.064489527	0.011331981	0.00617523	0.007529633	0.30056242	0.05967847	0.021570578	0.013501237	0.26844346	0.370194777	0.533393164	0.001543229	0.10167114	0.007321224	0.006236321	0.227813891	0.124121971	0.338515323	0.005706587
Design 1	0.118696884	0.328718609	0.029925187	0.11970597	0.160606061	0.673735726	0.196610169	0.85915493	0.761904762	0.333333333	0	0	0.082472526	0.119552861	0.118262577	0.003876891	0.98377598	0.000111994	0.002680315	0.483452161	0.220927515	0.182044293	0.803389831	0.280369021	0.719630979	0.328718609	0.29758088	0.328718609	0.173843954	0.196610169	0.192586011	0.515560789	0.123760893	0.033892791	0.041797319	0.064778291	0.062462103	0.670564164	0.12615791	0.076258023	0.039328203	0.007809523	2.47838E-05	0.000420464	0.148525957	0.033005527	0.018619385	0.217523778	0.093176794	0.000558219	0.000440348	0.005477831	0.001032827	0.001464196	3.90796E-06	0.008906214	0.012962632	0.041636591	0.003441341	0.135811302	0.017394002	0.01438921	0.01289913	0.656345512	0.066479962	0.003441891	0.003868214	0.16340556	0.164467256	0.466704955	0.000265608	0.023707415	0.004927817	0.002796202	0.123574129	0.078722729	0.155045656	0.010967355
Design 1	0.067988669	0.333547972	0.287780549	0.022978417	0.215151515	0.282218597	0.13559322	0.85915493	0.761904762	0.333333333	0	0	0.024077357	0.022156507	0.021503598	5.59845E-06	0.100399708	1.39027E-06	0.001633956	0.301833627	0.131765186	0.065476923	0.86440678	0.082683462	0.917316538	0.333547972	0.301952783	0.333547972	0.173843954	0.13559322	0.252354991	0.324402435	0.029377366	0.030774161	0.043435778	0.014788925	0.040362493	0.268461813	0.210454171	0.073322332	0.004151066	0.070876062	0.006083817	0.010454292	0.059939993	0.07179153	0.004907886	0.228389123	0.0839066	0.028436379	0.042114652	0.089991983	8.59017E-05	2.91938E-05	7.79187E-08	0.001123332	0.097199308	0.138109766	0.000420731	0.171807877	0.069699447	0.068687199	0.097141225	0.857796628	0.017366456	0.002255532	0.000645474	0.078004968	0.186041186	0.265451124	0.000106447	0.016004776	0.000847258	0.000674077	0.056977854	0.020811222	0.172963303	0.139203606
Design 1	0.101983003	0.338377334	0.162094763	0.230357015	0.781818182	0.624796085	0.2	0.85915493	0.761904762	0.333333333	0	0	0.228319854	0.222222265	0.182290187	4.22416E-05	0.107721253	1.35919E-06	0.002746562	0.43214906	0.219371078	0.194744988	0.8	0.370112399	0.629887601	0.338377334	0.306324687	0.338377334	0.173843954	0.2	0.190004399	0.463211049	0.12564028	0.048120411	0.045116428	0.060931828	0.063773276	0.450644426	0.146188813	0.065243644	0.007266923	0.039556592	0.005665448	0.01355252	0.117623745	0.01640293	0.001958803	0.254385938	0.118991798	0.02702542	0.03859723	0.046983027	8.89715E-05	3.35009E-05	8.94144E-08	0.007634617	0.198251922	0.120206628	0.000279894	0.393936023	0.147506733	0.137716909	0.198200341	0.792559695	0.047557421	0.000254583	0.000131195	0.043122125	0.07256636	0.309318851	1.227E-05	0.004634071	0.00043038	0.000310936	0.031751936	0.012164869	0.067993555	0.524150873
Design 1	0.032577904	0.343206697	0.008977556	0.214106476	0.557575758	0.55954323	0.654237288	0.85915493	0.761904762	0.333333333	0	0	0.471842799	0.208845776	0.182570963	0.143038752	0.996619557	0.000314019	0.346245759	0.175315636	0.074737037	0.051594042	0.345762712	0.781316936	0.218683064	0.343206697	0.31069659	0.343206697	0.173843954	0.654237288	0.042272885	0.191313054	0.014906545	0.06995448	0.046839803	0.006953758	0.367919954	0.447738735	0.366051603	0.165123444	0.154583936	0.002458531	5.16288E-06	5.2855E-05	0.02133359	0.001977792	0.004059019	0.111717956	0.078338519	7.55812E-05	6.05853E-05	0.000837535	0.011741242	0.01598491	4.26639E-05	0.389668932	0.003230333	0.004396503	0.011391371	0.107843734	0.004204691	0.001686667	0.003166205	0.121760854	0.003870516	0.000111121	0.000271261	0.049733868	0.028809697	0.165491597	2.63084E-05	0.002827771	0.006965896	0.002903416	0.050702573	0.045322627	0.016897117	0.008413596
Design 1	0.065155807	0.348036059	0.115710723	0.055208007	0.157575758	0.42822186	0.081355932	0.85915493	0.761904762	0.333333333	0	0	0.022508379	0.055113076	0.054571831	4.99293E-05	0.60216308	5.62688E-06	0.000888688	0.301517002	0.117436857	0.065831872	0.918644068	0.080533414	0.919466586	0.348036059	0.315068493	0.348036059	0.173843954	0.081355932	0.345808379	0.32599632	0.031979826	0.034304738	0.048606441	0.014388918	0.022895772	0.426595423	0.218130311	0.095910398	0.013268783	0.027603383	0.000701258	0.002181666	0.058251701	0.027728357	0.004851502	0.191628501	0.071466731	0.006076237	0.008693266	0.022367275	0.000236805	9.6758E-05	2.58248E-07	0.001105798	0.059697308	0.14049633	0.000685593	0.173779916	0.044287031	0.044145386	0.059636813	0.871709219	0.016962504	0.00178948	0.000976162	0.081875602	0.138046794	0.263162339	0.000102579	0.010158206	0.00139355	0.000785875	0.056577865	0.027255981	0.126743585	0.092408511
Design 1	0.103399433	0.352865422	0.164588529	0.074832763	0.239393939	0.535073409	0.538983051	0.85915493	0.761904762	0.333333333	0	0	0.139255072	0.073685072	0.071012009	0.000103653	0.283091538	4.6728E-06	0.027851722	0.452106705	0.224253188	0.183206432	0.461016949	0.475384644	0.524615356	0.352865422	0.319440396	0.352865422	0.173843954	0.538983051	0.062858736	0.4871662	0.133601692	0.045900224	0.050416877	0.057991162	0.25828965	0.50909751	0.144280551	0.067981847	0.007338876	0.03864906	0.002038153	0.006583631	0.124962291	0.046474815	0.005830496	0.259036756	0.121446	0.013020325	0.01467485	0.046430268	0.000145096	9.88985E-05	2.63961E-07	0.008526722	0.079467254	0.071627492	0.000934089	0.241113884	0.074887041	0.048438122	0.07940803	0.429549857	0.053015272	0.000757181	0.000343659	0.097164247	0.125497185	0.37128686	3.95963E-05	0.01437627	0.000948765	0.000823615	0.063236323	0.025928001	0.115019386	0.105706854
Design 1	0.09631728	0.357694784	0.826932668	0.1145089	0.848484848	0.42903752	0.301694915	0.85915493	0.761904762	0.333333333	0	0	0.194392546	0.105556012	0.084893586	4.88707E-07	0.000606603	3.65067E-08	0.005314527	0.429436505	0.232283897	0.184390018	0.698305085	0.327861615	0.672138385	0.357694784	0.3238123	0.357694784	0.173843954	0.301694915	0.132171927	0.463867354	0.131391265	0.052640259	0.052271649	0.055010507	0.107783251	0.276515604	0.154287293	0.047830681	0.00057812	0.190770274	0.505377393	0.221856742	0.112266046	0.034731582	0.00071023	0.33828831	0.146662268	0.668209571	0.666360162	0.489808446	1.7886E-06	2.71589E-06	7.24874E-09	0.006154991	0.550931318	0.203677917	3.83418E-05	0.610198595	0.587280226	0.51490046	0.550902427	0.720777412	0.045468482	0.000134163	2.43394E-05	0.028987346	0.079054361	0.268525902	4.22194E-06	0.003897429	4.52474E-05	7.50429E-05	0.015469445	0.002145117	0.072228539	0.626517075
Design 1	0.050991501	0.362524147	0.200498753	0.095194417	0.83030303	0.24959217	0.596610169	0.85915493	0.761904762	0.333333333	0	0	0.25035893	0.086479975	0.069852854	6.47714E-05	0.058145954	6.37915E-07	0.05782911	0.255953628	0.131470242	0.076925977	0.403389831	0.509671838	0.490328162	0.362524147	0.328184203	0.362524147	0.173843954	0.596610169	0.051937186	0.279117355	0.03468613	0.059866462	0.054171292	0.014005398	0.309219534	0.133160605	0.265722379	0.067428042	0.005899075	0.045877076	0.010516868	0.00942717	0.041693247	0.015096246	0.001523704	0.26916926	0.128760655	0.042040752	0.046429589	0.06017857	6.51996E-05	4.59277E-05	1.22581E-07	0.011764216	0.120709869	0.066606468	0.000310221	0.264922133	0.116128715	0.077911048	0.120653299	0.460083954	0.010545583	8.67609E-05	4.41098E-05	0.035744571	0.060768424	0.19347439	4.05425E-06	0.003823159	0.000302898	0.000236927	0.026787905	0.009454684	0.045961189	0.455561309
Design 1	0.100566572	0.367353509	0.526184539	0.077857923	0.76969697	0.681892333	0.288135593	0.85915493	0.761904762	0.333333333	0	0	0.14814131	0.069924146	0.057392356	1.87486E-06	0.011704095	4.11829E-07	0.004891294	0.455459765	0.210022591	0.19101997	0.711864407	0.258095357	0.741904643	0.367353509	0.332556106	0.367353509	0.173843954	0.288135593	0.138249677	0.49347142	0.151452282	0.051962069	0.056116343	0.059072156	0.101351761	0.500848179	0.148141976	0.067120547	0.001793719	0.118608889	0.050285769	0.054791715	0.123602286	0.056921701	0.002227534	0.274403746	0.111745511	0.128550673	0.15837304	0.212332495	2.69391E-05	1.27287E-05	3.39731E-08	0.004498943	0.273984602	0.15630116	0.000181072	0.395363276	0.236363232	0.208973387	0.273937893	0.730005705	0.053096154	0.000521002	0.000116665	0.061548194	0.122584521	0.324413741	2.03977E-05	0.009250936	0.000272118	0.000291916	0.034574848	0.009488293	0.116307027	0.490036573
Design 1	0.097733711	0.372182872	0.122194514	0.0615686	0.148484848	0.437194127	0.244067797	0.85915493	0.761904762	0.333333333	0	0	0.05332979	0.061588072	0.0611708	0.000113704	0.528292315	9.75283E-06	0.003705698	0.448843515	0.211555253	0.152964506	0.755932203	0.230730713	0.769269287	0.372182872	0.336928009	0.372182872	0.173843954	0.244067797	0.160990732	0.487259958	0.122651812	0.044150266	0.058107337	0.046199498	0.081689962	0.438018769	0.152189494	0.062184864	0.009473886	0.027367934	0.000889257	0.003529635	0.119198877	0.051464871	0.009089672	0.295253193	0.118925674	0.007199749	0.009437907	0.034032562	0.00021262	0.000104891	2.79956E-07	0.00360365	0.062435103	0.088026904	0.001077877	0.190363384	0.050562945	0.042265425	0.062374784	0.66846595	0.050595925	0.001918388	0.001086602	0.116925701	0.169958128	0.390676657	0.000107626	0.019362911	0.001592113	0.001226728	0.082200412	0.035955988	0.154029353	0.047627083
Design 1	0.092067989	0.377012234	0.290773067	0.06979083	0.696969697	0.251223491	0.572881356	0.85915493	0.761904762	0.333333333	0	0	0.186172216	0.062790018	0.052588705	2.10915E-05	0.027887686	1.05867E-06	0.040840509	0.43053303	0.258734963	0.185216173	0.427118644	0.441551261	0.558448739	0.377012234	0.341299913	0.377012234	0.173843954	0.572881356	0.056264505	0.468438053	0.146273414	0.059700056	0.060144812	0.053234775	0.287382131	0.153924849	0.160899344	0.034298425	0.002546367	0.064106437	0.021726886	0.024822819	0.109159426	0.054746773	0.004114644	0.439440952	0.195735683	0.070591538	0.077249981	0.151444544	4.42718E-05	3.16285E-05	8.44169E-08	0.008694764	0.145644909	0.080763082	0.000417705	0.277054829	0.141423076	0.09818362	0.145589943	0.489655635	0.044638729	0.000486147	0.000181786	0.071826611	0.132059045	0.336833082	2.05598E-05	0.012764911	0.000446442	0.000497716	0.051131758	0.01509762	0.11323505	0.344147252
Design 1	0.07082153	0.381841597	0.966583541	0.012274005	0.587878788	0.323001631	0.823728814	0.85915493	0.761904762	0.333333333	0	0	0.080961101	0.006686306	0.005626991	8.3187E-07	0.007698545	2.32675E-07	0.986665862	0.348110075	0.162162024	0.101188869	0.176271186	0.366595949	0.633404051	0.381841597	0.345671816	0.381841597	0.173843954	0.823728814	0.018979213	0.380469676	0.06703718	0.050295527	0.062229303	0.023575055	0.601668337	0.23367823	0.20325779	0.058866423	0.000512781	0.210289893	0.074505081	0.091949033	0.072164556	0.285864019	0.006669279	0.316908649	0.118517952	0.170228663	0.147329192	0.522170006	2.07295E-05	2.92218E-05	0.000193123	3.36599E-05	0.00227557	0.358985027	0.000512677	0.172668877	0.119816961	0.066856973	0.097539133	0.317234408	0.024272341	0.00240372	0.000319512	0.064356281	0.239812645	0.305000272	9.05887E-05	0.035997524	0.00044112	0.000708355	0.068524739	0.017630045	0.231904822	0.181762021
Design 1	0.04674221	0.386670959	0.625935162	0.024723702	0.890909091	0.176182708	0.552542373	0.85915493	0.761904762	0.333333333	0	0	0.127500486	0.015255014	0.01189909	2.09681E-06	0.007864243	1.65591E-07	0.032087222	0.252331236	0.1208394	0.061359998	0.447457627	0.276414338	0.723585662	0.386670959	0.350043719	0.386670959	0.173843954	0.552542373	0.060159076	0.277781304	0.030911546	0.057267375	0.064361348	0.010504809	0.269642289	0.065793132	0.283949129	0.057700361	0.001205896	0.13469622	0.073049787	0.044549788	0.038959494	0.081242012	0.00284597	0.326377674	0.123566299	0.167846937	0.172808402	0.298397948	2.10167E-05	1.78274E-05	4.75815E-08	0.003438158	0.128397593	0.09168293	0.000245939	0.19416953	0.132514087	0.094415334	0.128341517	0.512723722	0.009823139	0.000523904	0.000108128	0.041954144	0.145696885	0.207354614	1.98213E-05	0.012560332	0.000280468	0.000344394	0.040537921	0.010364953	0.125675685	0.37394595
Design 1	0.041076487	0.391500322	0.292269327	0.139912488	0.803030303	0.698205546	0.077966102	0.85915493	0.761904762	0.333333333	0	0	0.125535208	0.131533543	0.107172653	3.31616E-06	0.037448577	2.08567E-07	0.00084671	0.23133992	0.075781863	0.05228132	0.922033898	0.122165557	0.877834443	0.391500322	0.354415622	0.391500322	0.173843954	0.077966102	0.354141974	0.255584115	0.024924861	0.05897783	0.066541481	0.008190662	0.021866091	0.506239972	0.312207655	0.140724198	0.006748806	0.062254594	0.016261637	0.013140241	0.032839369	0.007200265	0.000436952	0.153862368	0.059431954	0.057394567	0.084900038	0.051328438	5.1858E-05	1.56306E-05	4.17182E-08	0.002322228	0.263083758	0.218498163	8.20333E-05	0.403118232	0.189008591	0.195780808	0.263036348	0.921958631	0.007688281	0.000115364	4.43336E-05	0.017097151	0.045078959	0.149571414	5.11382E-06	0.001126492	0.000176403	7.84194E-05	0.010605968	0.004052238	0.038386676	0.717575708
Design 1	0.063739377	0.396329684	0.032917706	0.285818283	0.166666667	0.27406199	0.233898305	0.85915493	0.761904762	0.333333333	0	0	0.218861182	0.28553765	0.281896806	0.003614958	0.876139945	1.0729E-05	0.003466808	0.328968872	0.175493547	0.119393753	0.766101695	0.528605936	0.471394064	0.396329684	0.358787526	0.396329684	0.173843954	0.233898305	0.167030041	0.36174153	0.080550238	0.072198399	0.06877024	0.025636999	0.077407298	0.270774999	0.222163537	0.068883081	0.034185134	0.007020885	0.00019159	0.00097128	0.063298007	0.004887896	0.003493471	0.294522443	0.163100207	0.002404944	0.002632023	0.006591795	0.000422652	0.000308976	8.2466E-07	0.012014342	0.044562399	0.057816831	0.000989805	0.230221124	0.043217315	0.034460747	0.04450093	0.619688126	0.020322765	0.000175624	0.000297948	0.039050122	0.052537073	0.263814021	1.17209E-05	0.003703061	0.001243471	0.000628604	0.04617089	0.025810719	0.040772505	0.062722634
Design 1	0.096855524	0.401159047	0.473815461	0.017936484	0.572727273	0.763458401	0.016949153	0.85915493	0.761904762	0.333333333	0	0	0.060491775	0.012540944	0.010757807	2.56449E-07	0.103837816	2.60219E-06	0.000166637	0.472701646	0.190568255	0.175143584	0.983050847	0.006133172	0.993866828	0.401159047	0.363159429	0.401159047	0.173843954	0.016949153	0.673659193	0.518238515	0.170360161	0.054875021	0.071048161	0.052496403	0.004471341	0.623106042	0.15348413	0.077011862	0.002321978	0.098644102	0.005880118	0.019753039	0.125600837	0.285542384	0.014365089	0.273500061	0.098156985	0.027752985	0.043953956	0.166057231	8.73573E-05	2.47287E-05	6.60013E-08	2.86309E-05	0.09592431	0.336594934	0.000676568	0.158184849	0.064316626	0.069655181	0.095866146	0.981055863	0.056559008	0.061663483	0.012682463	0.131896504	0.451479028	0.430003165	0.002913793	0.054800489	0.001882468	0.001579161	0.106838705	0.037210663	0.467142775	0.060000214
Design 1	0.084985836	0.40598841	0.279800499	0.068976363	0.542424242	0.608482871	0.410169492	0.85915493	0.761904762	0.333333333	0	0	0.137248851	0.063953191	0.056048301	1.70848E-05	0.078725885	1.66965E-06	0.010344129	0.426425664	0.191025795	0.169496341	0.589830508	0.344882283	0.655117717	0.40598841	0.367531332	0.40598841	0.173843954	0.410169492	0.093884246	0.468836525	0.152948121	0.066540444	0.07337578	0.045635948	0.16669681	0.49478165	0.173110788	0.073644235	0.004302375	0.057647392	0.00777082	0.013724077	0.102279489	0.048071382	0.004015361	0.287635714	0.122365986	0.033868642	0.042405761	0.086459947	7.60429E-05	3.94894E-05	1.05398E-07	0.005857062	0.135345375	0.099406058	0.000459107	0.280762611	0.114850254	0.090269948	0.135289747	0.605673449	0.041881109	0.000590496	0.000214872	0.077460136	0.126541954	0.329658301	2.73958E-05	0.011838082	0.000591118	0.000548271	0.050363771	0.017648839	0.113807303	0.312579019
Design 1	0.087818697	0.410817772	0.30723192	0.043689128	0.181818182	0.42903752	0.559322034	0.85915493	0.761904762	0.333333333	0	0	0.084922557	0.043287484	0.042511456	1.75343E-05	0.065782047	1.77263E-06	0.034622307	0.442731352	0.2107473	0.16416969	0.440677966	0.399434648	0.600565352	0.410817772	0.371903235	0.410817772	0.173843954	0.559322034	0.05884084	0.487353716	0.157076206	0.061751896	0.075753633	0.045397997	0.275458902	0.420961672	0.168033398	0.062889829	0.003450094	0.062608554	0.009300102	0.015855508	0.109092455	0.067586385	0.00523827	0.329563156	0.140882876	0.038505959	0.043688738	0.110242874	6.94366E-05	4.58565E-05	1.22392E-07	0.005730883	0.11662426	0.09185341	0.000581394	0.255044668	0.109206956	0.075546046	0.116567427	0.486474792	0.046344837	0.000773987	0.000264977	0.088115094	0.147152453	0.352105008	3.52738E-05	0.016133179	0.000639642	0.000664958	0.059278851	0.019892196	0.131437792	0.301252048
Design 1	0.069405099	0.415647135	0.612967581	0.097521463	0.890909091	0.820554649	0.789830508	0.85915493	0.761904762	0.333333333	0	0	0.31165103	0.088030872	0.06994482	3.17711E-06	0.00710666	1.54491E-07	0.979948015	0.366648704	0.160402946	0.171294599	0.210169492	0.623891134	0.376108866	0.415647135	0.376275138	0.415647135	0.173843954	0.789830508	0.023152379	0.405245209	0.140203203	0.094786139	0.078182258	0.039262388	0.545972328	0.583777007	0.206798867	0.098388216	0.002027469	0.123542988	0.080213179	0.056682152	0.075487442	0.028108855	0.000954654	0.231714798	0.119724426	0.17944554	0.158026729	0.189381398	1.96757E-05	2.66755E-05	0.000651735	0.000492345	0.003160432	0.498377501	0.000173468	0.473718835	0.310337216	0.178844833	0.257071353	0.340413767	0.026953677	8.813E-05	2.00177E-05	0.035241008	0.061547073	0.239332443	3.34655E-06	0.004066149	0.000115569	0.000132229	0.019254783	0.004855582	0.054030889	0.390302175
Design 1	0.084985836	0.420476497	0.479301746	0.101632578	0.481818182	0.787928222	0.247457627	0.85915493	0.761904762	0.333333333	0	0	0.124253606	0.097375029	0.086985883	2.14564E-06	0.014759966	3.63276E-07	0.003787936	0.438612258	0.178985341	0.176006701	0.752542373	0.282497115	0.717502885	0.420476497	0.380647042	0.420476497	0.173843954	0.247457627	0.159051957	0.48444722	0.174570266	0.071310913	0.080662189	0.047387312	0.083138031	0.672485389	0.173110788	0.089699708	0.002596344	0.095595286	0.040291456	0.04337784	0.105583403	0.03179703	0.001494272	0.254773619	0.10757853	0.109732858	0.14039512	0.148493483	3.09284E-05	1.31825E-05	3.51842E-08	0.004566307	0.31777471	0.181892965	0.000146998	0.466745012	0.263984802	0.240797386	0.317730818	0.765517357	0.044607729	0.000278938	7.57923E-05	0.04577416	0.09020201	0.292660362	1.1184E-05	0.005552912	0.000225361	0.000210306	0.026431135	0.007564814	0.084354869	0.596795004
Design 1	0.090651558	0.42530586	0.677306733	0.024490997	0.678787879	0.812398042	0.023728814	0.85915493	0.761904762	0.333333333	0	0	0.07490922	0.01773645	0.014787313	8.7913E-08	0.027463335	9.33632E-07	0.000235772	0.467793629	0.184067721	0.180118816	0.976271186	0.011315157	0.988684843	0.42530586	0.385018945	0.42530586	0.173843954	0.023728814	0.604799134	0.517121858	0.194205417	0.066357557	0.083193964	0.051115403	0.006302002	0.634689618	0.163216387	0.080002636	0.001441189	0.133681463	0.022055627	0.040415234	0.118627174	0.202112145	0.007429473	0.284458148	0.102283545	0.071352831	0.106840503	0.257664046	4.39037E-05	1.18891E-05	3.17321E-08	0.000122259	0.165763928	0.378807161	0.000347992	0.225992048	0.11762024	0.126926452	0.165710257	0.976556437	0.053328526	0.022454442	0.004035042	0.10091636	0.346278799	0.38464903	0.000942967	0.032550673	0.000953026	0.00084874	0.073046621	0.022075665	0.35439464	0.112064435
Design 1	0.0898017	0.430135222	0.56159601	0.061064406	0.83030303	0.396411093	0.172881356	0.85915493	0.761904762	0.333333333	0	0	0.121916748	0.052360233	0.042194417	9.46275E-07	0.006504498	3.96834E-07	0.002242335	0.468252929	0.239784817	0.19969919	0.827118644	0.139864059	0.860135941	0.430135222	0.389390848	0.430135222	0.173843954	0.172881356	0.212480548	0.518443845	0.220268658	0.075482184	0.085778118	0.056231488	0.053537024	0.253110706	0.164635351	0.041565969	0.001097648	0.109705381	0.086993635	0.06640221	0.118000565	0.07371239	0.003195778	0.460886332	0.17539095	0.190153994	0.238916769	0.321110518	1.85552E-05	7.17394E-06	1.91473E-08	0.002631005	0.279405005	0.179698535	0.000171574	0.349115561	0.23634867	0.228562618	0.279358645	0.83497387	0.053179778	0.001102675	0.000286381	0.064639551	0.170784691	0.340855687	4.10063E-05	0.012777954	0.000318989	0.000361399	0.043647243	0.010548131	0.153929361	0.410471436
Design 1	0.087818697	0.434964585	0.50723192	0.040896673	0.73030303	0.698205546	0.444067797	0.85915493	0.761904762	0.333333333	0	0	0.126415875	0.033478058	0.027670887	3.17995E-06	0.028642343	1.01449E-06	0.012944343	0.463526561	0.200638888	0.198219613	0.555932203	0.280290917	0.719709083	0.434964585	0.393762751	0.434964585	0.173843954	0.444067797	0.084593772	0.514074725	0.221277446	0.078499344	0.088415188	0.054805395	0.188225787	0.524232176	0.168033398	0.070420481	0.001966027	0.098075386	0.021165799	0.030828398	0.114900651	0.108315124	0.005370406	0.323851913	0.127817816	0.069284528	0.08220012	0.194979425	4.49188E-05	2.57558E-05	6.87427E-08	0.00396178	0.151323629	0.114474457	0.000427943	0.266216595	0.135528139	0.105087179	0.151269029	0.592311075	0.051371172	0.001263306	0.000306806	0.090035722	0.182543917	0.363364969	5.33617E-05	0.020393448	0.000557605	0.000643227	0.06017967	0.018206885	0.168466586	0.28659689
Design 1	0.080736544	0.439793947	0.018453865	0.305016413	0.151515152	0.298531811	0.450847458	0.85915493	0.761904762	0.333333333	0	0	0.426513173	0.304923866	0.302548314	0.025479972	0.967275237	4.88809E-05	0.013564685	0.435433437	0.29181897	0.280973284	0.549152542	0.780749083	0.219250917	0.439793947	0.398134655	0.439793947	0.173843954	0.450847458	0.082847249	0.484025309	0.301846466	0.128779181	0.091105711	0.072558253	0.192734519	0.298531811	0.181263216	0.051831526	0.045892331	0.00349172	5.00235E-05	0.000490708	0.101181804	0.007892912	0.009236813	0.410743481	0.307802701	0.000921627	0.000649268	0.00446231	0.000761389	0.001358639	3.62622E-06	0.058574235	0.017858041	0.021257988	0.00304995	0.187365371	0.026872118	0.015251732	0.017794854	0.329222942	0.042726969	0.000385927	0.0009132	0.067467047	0.073554112	0.373615588	2.8486E-05	0.008369751	0.002600139	0.001445739	0.082970848	0.048911477	0.0582562	0.009118135
Design 1	0.062322946	0.44462331	0.221446384	0.032402954	0.806060606	0.804241436	0.827118644	0.85915493	0.761904762	0.333333333	0	0	0.151843587	0.024017584	0.019354495	6.68161E-05	0.446815138	5.65927E-06	0.987187837	0.354782012	0.132456981	0.126077842	0.172881356	0.443950715	0.556049285	0.44462331	0.402506558	0.44462331	0.173843954	0.827118644	0.018572863	0.396080372	0.114068414	0.087504445	0.093850222	0.026611603	0.607534847	0.592706276	0.22633584	0.104212749	0.007194039	0.041931016	0.00114951	0.003793346	0.067906553	0.089950181	0.010478468	0.238773608	0.096956229	0.00864876	0.007480524	0.047554774	0.000189105	0.00022685	0.004286633	0.004127823	0.00039544	0.062807899	0.002215584	0.140476937	0.040842609	0.017222517	0.033223908	0.144950143	0.023751269	0.002109304	0.000818311	0.113055353	0.176895674	0.323806431	0.000115612	0.027117114	0.001482148	0.001380855	0.089247722	0.038240795	0.158946715	0.058894628
Design 1	0.067988669	0.449452672	0.03840399	0.047916596	0.348484848	0.616639478	0.183050847	0.85915493	0.761904762	0.333333333	0	0	0.058005822	0.045381195	0.04219601	0.001967034	0.98627138	0.000132721	0.00242472	0.384153514	0.146498762	0.121027446	0.816949153	0.147469998	0.852530002	0.449452672	0.406878461	0.449452672	0.173843954	0.183050847	0.203536277	0.429036284	0.120546314	0.074228324	0.096649258	0.027309366	0.057308548	0.555407486	0.210454171	0.091774297	0.035928586	0.00714075	2.09705E-05	0.000232509	0.078494042	0.048767183	0.029413002	0.270803428	0.103393648	0.000495482	0.000376874	0.006173328	0.001110248	0.00169267	4.51776E-06	0.00473761	0.008058059	0.037777012	0.004400893	0.083551921	0.011187898	0.009443628	0.007994241	0.676508529	0.029588879	0.006748901	0.007991696	0.189651207	0.233910989	0.40048425	0.000527987	0.036560072	0.006964773	0.003958963	0.158992098	0.099250244	0.201566799	0.010029113
Design 1	0.065155807	0.454282035	0.130174564	0.056914507	0.157575758	0.42903752	0.583050847	0.85915493	0.761904762	0.333333333	0	0	0.108807558	0.056819063	0.056261149	0.00021853	0.48906044	6.83752E-06	0.046889944	0.374296853	0.16535221	0.128954135	0.416949153	0.459682726	0.540317274	0.454282035	0.411250364	0.454282035	0.173843954	0.583050847	0.054382627	0.418816669	0.127953576	0.085274265	0.099503356	0.028157005	0.296586012	0.427409455	0.218130311	0.079590874	0.010379955	0.024121997	0.001005953	0.002770636	0.074179995	0.034478101	0.006889567	0.309436597	0.140213662	0.007862663	0.008169857	0.030402864	0.000201002	0.000163659	4.36808E-07	0.008881698	0.050257243	0.055826693	0.001370694	0.188038586	0.05134897	0.029000415	0.050196141	0.325765533	0.027340736	0.000711462	0.000465252	0.091147438	0.123009535	0.316478869	3.96777E-05	0.013749121	0.001224289	0.000969564	0.06985961	0.030454759	0.10274312	0.077741956
Design 1	0.066005666	0.459111397	0.191521197	0.239781552	0.796969697	0.502446982	0.033898305	0.85915493	0.761904762	0.333333333	0	0	0.122480298	0.231450105	0.189081333	6.09815E-06	0.049301877	6.70302E-07	0.000342277	0.3815444	0.164547335	0.137853653	0.966101695	0.100487849	0.899512151	0.459111397	0.415622268	0.459111397	0.173843954	0.033898305	0.528480382	0.427451775	0.142175155	0.09022029	0.102413051	0.030399243	0.009094275	0.346328317	0.215774268	0.068314854	0.006254999	0.035175608	0.012389849	0.015483153	0.076427187	0.009820677	0.001306619	0.354060084	0.136122649	0.047262186	0.072476842	0.056169318	5.9888E-05	1.68161E-05	4.48824E-08	0.00194373	0.27770191	0.256330455	0.000154227	0.436812258	0.192451531	0.205951306	0.27765544	0.965391916	0.028715947	0.000465574	0.000292933	0.025939144	0.076689017	0.253633631	2.07344E-05	0.002770072	0.000343607	0.000196987	0.024081697	0.00811518	0.069165148	0.563139981
Design 1	0.020963173	0.46394076	0.065336658	0.010102095	0.160606061	0.477977162	0.355932203	0.85915493	0.761904762	0.333333333	0	0	0.019023178	0.009981963	0.009870483	0.000917591	0.98308796	2.88262E-05	0.007383069	0.171195306	0.047101871	0.025056611	0.644067797	0.174135717	0.825864283	0.46394076	0.419994171	0.46394076	0.173843954	0.355932203	0.111080978	0.195429027	0.012714314	0.073738191	0.10537888	0.002631771	0.13548366	0.475391119	0.475920679	0.182438999	0.037133914	0.01180938	2.58353E-05	0.00017959	0.016750483	0.041795685	0.016312984	0.144888398	0.053510944	0.000575021	0.000400395	0.005910086	0.00101441	0.001847943	4.93218E-06	0.0054715	0.004932138	0.022159997	0.00404929	0.045620915	0.007457148	0.004881009	0.00486812	0.437703364	0.003129467	0.002915285	0.002302122	0.099549365	0.1770883	0.193744501	0.000224237	0.024480873	0.004851855	0.002614696	0.114767464	0.075378696	0.148874239	0.040342607
Design 1	0.014164306	0.468770122	0.048379052	0.014601051	0.757575758	0.779771615	0.630508475	0.85915493	0.761904762	0.333333333	0	0	0.09830715	0.006841396	0.005428811	0.00352944	0.996399307	0.000314205	0.123502562	0.140245864	0.033265842	0.021218369	0.369491525	0.281598101	0.718401899	0.468770122	0.424366074	0.468770122	0.173843954	0.630508475	0.046118233	0.161451154	0.009241819	0.090905897	0.108401379	0.001856382	0.34271945	0.585372485	0.575070821	0.240270068	0.060957429	0.008620331	5.49927E-06	6.97113E-05	0.011480438	0.048661309	0.025012374	0.108723823	0.040218215	8.05057E-05	6.60638E-05	0.00305014	0.011030168	0.014340821	3.82758E-05	0.038376675	0.001201892	0.005071134	0.025757561	0.024133748	0.001483178	0.000614125	0.001137633	0.142611129	0.001839914	0.004538184	0.00388605	0.103062861	0.181560067	0.177075525	0.000944077	0.033351561	0.018757179	0.011401899	0.145492857	0.11186734	0.155636237	0.009283655
Design 1	0.080453258	0.473599485	0.161097257	0.123506812	0.281818182	0.168026101	0.240677966	0.85915493	0.761904762	0.333333333	0	0	0.115287026	0.121801662	0.115813942	5.10644E-05	0.069497691	2.01719E-06	0.003624785	0.46098427	0.270568254	0.19634078	0.759322034	0.325132164	0.674867836	0.473599485	0.428737977	0.473599485	0.173843954	0.240677966	0.162965862	0.517459387	0.257406025	0.09680371	0.111481085	0.050571206	0.080252208	0.145159449	0.181831276	0.031573243	0.00494124	0.028707368	0.008803582	0.012164741	0.107664454	0.024132595	0.004057514	0.60440252	0.266447264	0.037026056	0.051207175	0.073900806	7.14005E-05	2.83534E-05	7.56755E-08	0.006625826	0.168042127	0.102467109	0.000380982	0.309309237	0.129104086	0.117282336	0.167988603	0.760634868	0.048465676	0.000427975	0.000314443	0.056342529	0.11429947	0.34342531	1.96792E-05	0.00857915	0.000581419	0.000506041	0.050690923	0.016427686	0.093227619	0.282497149
Design 1	0.043909348	0.478428847	0.09276808	0.053501506	0.145454545	0.437194127	0.562711864	0.85915493	0.761904762	0.333333333	0	0	0.098235692	0.053562179	0.053254138	0.000546654	0.775338134	9.33935E-06	0.036018843	0.28730366	0.10982131	0.077907186	0.437288136	0.437396137	0.562603863	0.478428847	0.433109881	0.478428847	0.173843954	0.562711864	0.058189349	0.325293135	0.066840897	0.096105112	0.114618533	0.012764242	0.278403099	0.438845064	0.297450424	0.108730486	0.018012019	0.016308706	0.000358096	0.001051356	0.04337926	0.020940895	0.006143215	0.251174836	0.111817038	0.00375956	0.003513374	0.015165177	0.000320213	0.000324617	8.66408E-07	0.010602006	0.030094411	0.042288082	0.001790378	0.152544189	0.034164126	0.017582987	0.030032011	0.262438766	0.012666576	0.000537534	0.000447557	0.079837194	0.100985659	0.250309965	3.30101E-05	0.010209222	0.001470954	0.000966223	0.065248256	0.032796751	0.079880515	0.066507522
Design 1	0.07082153	0.48325821	0.973067332	0.078633605	0.742424242	0.632952692	0.688135593	0.85915493	0.761904762	0.333333333	0	0	0.230813532	0.071048546	0.058768491	6.78178E-07	0.001174702	6.06326E-08	0.868241013	0.421457339	0.193131062	0.205220614	0.311864407	0.530937175	0.469062825	0.48325821	0.437481784	0.48325821	0.173843954	0.688135593	0.037069112	0.474977669	0.25700288	0.126139282	0.117814261	0.047778971	0.40666836	0.466578389	0.20325779	0.074344677	0.000691575	0.17087893	0.345385325	0.146924219	0.089463648	0.039974702	0.000975787	0.352640853	0.167376326	0.509134559	0.423090644	0.44130206	4.42801E-06	1.18579E-05	0.000253476	9.40225E-05	0.005858013	0.923328031	9.97109E-05	0.550234802	0.489906071	0.310879934	0.382942529	0.414192803	0.037138482	0.00011141	2.15915E-05	0.033790747	0.078703046	0.262871567	3.63858E-06	0.004957385	6.55742E-05	0.000109806	0.019563126	0.003342691	0.068145193	0.354487682
Design 1	0.042492918	0.488087572	0.780049875	0.010877777	0.796969697	0.469820555	0.315254237	0.85915493	0.761904762	0.333333333	0	0	0.091587043	0.002615201	0.00189903	6.13812E-07	0.04297898	5.07946E-07	0.005770911	0.285153104	0.105194774	0.076173795	0.684745763	0.130631696	0.869368304	0.488087572	0.441853687	0.488087572	0.173843954	0.315254237	0.126448869	0.323839887	0.067498766	0.100103668	0.121068804	0.012203079	0.114405352	0.319431014	0.304661344	0.092262017	0.001331608	0.135700934	0.014193601	0.033324936	0.042212928	0.361449116	0.013239555	0.298090478	0.107538023	0.052080629	0.067879178	0.275340429	5.57576E-05	2.5155E-05	6.71389E-08	0.000660974	0.063302528	0.106373295	0.000678008	0.097711869	0.051561104	0.04432631	0.063242265	0.698547086	0.012280218	0.008612345	0.001442377	0.059077684	0.350898624	0.278678279	0.000376287	0.058343125	0.001107662	0.001386662	0.102014631	0.031978627	0.340092897	0.118176251
Design 1	0.039660057	0.492916935	0.253366584	0.136538271	0.766666667	0.624796085	0.105084746	0.85915493	0.761904762	0.333333333	0	0	0.130449947	0.12862561	0.105856947	6.50078E-06	0.051176599	4.33813E-07	0.001196859	0.273431422	0.094468914	0.076480184	0.894915254	0.155525629	0.844474371	0.492916935	0.44622559	0.492916935	0.173843954	0.105084746	0.297409182	0.311229446	0.066458667	0.111308962	0.124382698	0.01169466	0.03030293	0.454124341	0.320113314	0.117189137	0.006804927	0.043554154	0.011939532	0.010228962	0.038739541	0.008818537	0.000904113	0.24300241	0.095715533	0.046028715	0.068027144	0.050824373	6.10554E-05	1.93732E-05	5.17073E-08	0.003005444	0.228097536	0.179224847	0.000137052	0.372179492	0.164008192	0.16625519	0.228047875	0.89391152	0.010872951	0.000151248	7.9593E-05	0.023688028	0.058691711	0.181533725	6.86302E-06	0.002063497	0.000267693	0.000148967	0.018506186	0.006668523	0.047440948	0.823269483
Design 1	0.076203966	0.497746297	0.121197007	0.053889347	0.154545455	0.437194127	0.183050847	0.85915493	0.761904762	0.333333333	0	0	0.03825339	0.053833586	0.05335946	8.9159E-05	0.576187674	1.2836E-05	0.00242472	0.458712368	0.199319539	0.16652345	0.816949153	0.166255765	0.833744235	0.497746297	0.450597493	0.497746297	0.173843954	0.183050847	0.203536277	0.518584482	0.2396057	0.093700823	0.127756481	0.04107871	0.057308548	0.436371133	0.190754343	0.064341885	0.009752861	0.020541315	0.000763404	0.002624147	0.103283449	0.051003762	0.011877854	0.409021849	0.158670854	0.006456194	0.008705356	0.032837509	0.000227875	0.000105933	2.82735E-07	0.00244694	0.057919256	0.098676906	0.001197718	0.175909162	0.045593699	0.040570329	0.057858647	0.736545455	0.046606565	0.0027146	0.001974658	0.120069126	0.198190491	0.396511574	0.000154253	0.022418316	0.001971208	0.001484855	0.095900565	0.041166014	0.170769904	0.044301664
Design 1	0.045325779	0.50257566	0.592518703	0.029416578	0.654545455	0.657422512	0.759322034	0.85915493	0.761904762	0.333333333	0	0	0.125082514	0.022970728	0.01935227	3.38238E-06	0.024404412	4.21127E-07	0.969993931	0.306518179	0.108337749	0.094102679	0.240677966	0.411371212	0.588628788	0.50257566	0.454969397	0.50257566	0.173843954	0.759322034	0.027091598	0.349107649	0.094415272	0.116167847	0.131190688	0.015756412	0.500118283	0.508784791	0.290553023	0.11226687	0.002399282	0.10027763	0.024754988	0.022613766	0.047495812	0.062866436	0.002971191	0.25903413	0.104172351	0.077486884	0.074599789	0.160754091	4.11513E-05	4.09561E-05	0.000515334	0.000355923	0.001880208	0.296703553	0.000411957	0.240877212	0.127817492	0.075037424	0.115754114	0.354022635	0.014805934	0.000420568	0.000101971	0.054091294	0.121448718	0.234916028	1.75902E-05	0.011375218	0.000362598	0.000397	0.041670254	0.012726421	0.105925426	0.287641751
Design 1	0.065155807	0.507405023	0.205486284	0.043921833	0.754545455	0.42903752	0.057627119	0.85915493	0.761904762	0.333333333	0	0	0.090514792	0.036192128	0.029723112	7.30372E-06	0.20706846	4.74972E-06	0.000604743	0.40979136	0.179702846	0.151911841	0.942372881	0.041155843	0.958844157	0.507405023	0.4593413	0.507405023	0.173843954	0.057627119	0.41535885	0.465226844	0.203942313	0.111109558	0.134685856	0.033164489	0.01583224	0.293660976	0.218130311	0.05768074	0.005197899	0.034327018	0.002877703	0.005746528	0.082144141	0.072099321	0.010213881	0.453756868	0.165243277	0.016658361	0.025851694	0.069721967	0.000123355	3.93111E-05	1.04922E-07	0.000737173	0.085902445	0.163748303	0.000693561	0.169911314	0.05877423	0.061336661	0.085843636	0.931148903	0.033453813	0.00687578	0.003621303	0.104240016	0.260009618	0.354285373	0.000346529	0.02414638	0.001598032	0.001196087	0.087941969	0.032402674	0.2286409	0.086390253
Design 1	0.07223796	0.512234385	0.229426434	0.110126297	0.763636364	0.437194127	0.122033898	0.85915493	0.761904762	0.333333333	0	0	0.125770439	0.102260355	0.084182548	9.89947E-06	0.056936579	1.6018E-06	0.001433585	0.449264574	0.211365715	0.195030721	0.877966102	0.15178373	0.84821627	0.512234385	0.463713203	0.512234385	0.173843954	0.122033898	0.27058324	0.510113453	0.291054967	0.122578334	0.138242521	0.046117881	0.035814763	0.298748958	0.19982567	0.051527002	0.004281429	0.03800723	0.010739095	0.013636177	0.09740708	0.030254334	0.00383433	0.496617117	0.193936264	0.042673396	0.062734852	0.086934324	6.4501E-05	2.10904E-05	5.62906E-08	0.003134208	0.188804764	0.149397602	0.000315317	0.313582139	0.136464247	0.13647188	0.188752575	0.876583594	0.04328266	0.000863952	0.000490819	0.060736421	0.13616396	0.330050847	3.88452E-05	0.009249603	0.000598221	0.000486227	0.048940059	0.015732444	0.116447211	0.246281157
Design 1	0.028328612	0.517063748	0.34713217	0.023443827	0.042424242	0.747145188	0.491525424	0.85915493	0.761904762	0.333333333	0	0	0.030676565	0.024831805	0.025609527	1.08021E-05	0.15679602	8.58491E-07	0.018323719	0.226186694	0.059855476	0.043952685	0.508474576	0.299790008	0.700209992	0.517063748	0.468085106	0.517063748	0.173843954	0.491525424	0.073043801	0.260365769	0.035324507	0.102164088	0.141861219	0.00544455	0.221317371	0.789485085	0.400099983	0.196576113	0.007450001	0.057116878	0.003856778	0.004913109	0.026247629	0.026310152	0.002160048	0.152915444	0.060514085	0.02053416	0.024408508	0.045598591	0.00010726	6.43515E-05	1.71755E-07	0.003209323	0.084211786	0.101186987	0.000441057	0.208629016	0.075244942	0.053540536	0.084152868	0.511418513	0.006290558	0.000242772	8.24344E-05	0.046607028	0.085279297	0.173729716	1.21372E-05	0.006218367	0.000515624	0.000368409	0.033880973	0.014223714	0.071488532	0.441960926
Design 1	0.045325779	0.52189311	0.48478803	0.071187057	0.475757576	0.698205546	0.579661017	0.85915493	0.761904762	0.333333333	0	0	0.166663898	0.067016213	0.059934759	4.71971E-06	0.017728868	2.73608E-07	0.04470951	0.316327509	0.114622279	0.109160504	0.420338983	0.469116287	0.530883713	0.52189311	0.47245701	0.52189311	0.173843954	0.579661017	0.055005259	0.362046243	0.121463879	0.139472791	0.145542486	0.018274436	0.293492649	0.593348571	0.290553023	0.120658682	0.003305666	0.079169985	0.033769315	0.023444804	0.049198048	0.021123076	0.001173925	0.253599555	0.116334283	0.096729118	0.103048418	0.115426135	3.43904E-05	2.63059E-05	7.02107E-08	0.007179189	0.213407236	0.121956307	0.000193237	0.387433668	0.21289856	0.147555654	0.213356629	0.488210708	0.0158673	9.21915E-05	3.05428E-05	0.03412889	0.065084123	0.210295472	3.82126E-06	0.003918138	0.000187918	0.000171507	0.022333441	0.00659798	0.052527669	0.491062141
Design 1	0.059490085	0.526722473	0.049376559	0.340271163	0.166666667	0.796084829	0.254237288	0.85915493	0.761904762	0.333333333	0	0	0.279395445	0.339974147	0.33564049	0.001401832	0.871917125	9.71402E-06	0.00395652	0.392913152	0.164566501	0.198575281	0.745762712	0.607463452	0.392536548	0.526722473	0.476828913	0.526722473	0.173843954	0.254237288	0.155278927	0.448725449	0.275693108	0.172529925	0.14928686	0.040452352	0.086065458	0.790200709	0.235127478	0.118204464	0.034361413	0.007761538	0.000198298	0.001191015	0.073966545	0.004764892	0.003125634	0.261524897	0.159540656	0.0024648	0.002672026	0.006547281	0.000416273	0.000310335	8.28288E-07	0.012301114	0.057544122	0.074212568	0.000957268	0.304304389	0.056362345	0.043722168	0.057483488	0.592473095	0.029128153	0.000152927	0.000241836	0.036551474	0.046853451	0.286990342	1.02319E-05	0.003402808	0.001145059	0.000580349	0.043036899	0.024438688	0.037831317	0.10124122
Design 1	0.028328612	0.531551835	0.004987531	0.071419762	0.13030303	0.241435563	0.020338983	0.85915493	0.761904762	0.333333333	0	0	0.010716326	0.071668905	0.071621482	0.018276891	0.999013178	0.005119842	0.000201022	0.23160704	0.081489392	0.043999447	0.979661017	0.030549211	0.969450789	0.531551835	0.481200816	0.531551835	0.173843954	0.020338983	0.636893489	0.267538251	0.038160612	0.104903875	0.153094876	0.00545033	0.005383617	0.245862966	0.400099983	0.102852912	0.144964558	0.000533996	1.50714E-06	1.69019E-05	0.026945095	0.009140464	0.026369292	0.300672568	0.109826811	2.20635E-05	3.12974E-05	0.000918802	0.039136576	0.017532696	4.6795E-05	0.001080796	0.001686793	0.05097134	0.019787412	0.049298177	0.001204791	0.001316714	0.001622565	0.948004137	0.006618937	0.007911734	0.029049846	0.132571655	0.181718096	0.259751972	0.002642671	0.016501381	0.04678633	0.017828829	0.149772594	0.122508824	0.141880537	0.005293566
Design 1	0.069405099	0.536381198	0.912718204	0.09247953	0.460606061	0.510603589	0.179661017	0.85915493	0.761904762	0.333333333	0	0	0.09674358	0.088496141	0.079552815	2.07304E-07	0.000849536	5.54999E-08	0.002363069	0.451495027	0.195531873	0.187964224	0.820338983	0.204769418	0.795230582	0.536381198	0.485572719	0.536381198	0.173843954	0.179661017	0.20644306	0.515996763	0.308693475	0.131202191	0.15696707	0.043080127	0.056042575	0.427557192	0.206798867	0.065804198	0.000680199	0.145526437	0.421820198	0.16161317	0.09544306	0.031394586	0.000888981	0.440796442	0.177020628	0.587285729	0.635439007	0.445779979	2.98818E-06	1.63599E-06	4.36647E-09	0.003195728	0.584895836	0.284572696	4.11076E-05	0.621016841	0.574641026	0.553230149	0.58486913	0.829625626	0.042889646	0.000207735	4.96988E-05	0.028626611	0.092094481	0.270571714	6.67275E-06	0.004151401	7.17746E-05	9.38856E-05	0.018278875	0.002774794	0.080629908	0.751157631
Design 1	0.02266289	0.54121056	0.007481297	0.23512746	0.336363636	0.143556281	0.572881356	0.85915493	0.761904762	0.333333333	0	0	0.434716508	0.232690822	0.21752553	0.167307665	0.991513878	5.23633E-05	0.040840509	0.204916706	0.108830104	0.073881813	0.427118644	0.777155423	0.222844577	0.54121056	0.489944623	0.54121056	0.173843954	0.572881356	0.056264505	0.238098261	0.059318997	0.229714083	0.160903979	0.008066722	0.287382131	0.11307471	0.456090651	0.0895262	0.110083378	0.000896081	1.29613E-05	6.91231E-05	0.021146017	0.001423907	0.00570542	0.347362126	0.247893346	0.000351568	0.000164725	0.001356622	0.001366437	0.005477999	1.46208E-05	0.202023963	0.005743104	0.006769337	0.00396644	0.11304353	0.01293585	0.005984871	0.005679137	0.197077966	0.004696226	9.42847E-05	0.000439439	0.039960563	0.037654976	0.184751608	8.40941E-06	0.003213799	0.002755855	0.001093743	0.06241717	0.044893167	0.017687938	0.010499934
Design 1	0.065155807	0.546039923	0.755112219	0.086312857	0.63030303	0.437194127	0.176271186	0.85915493	0.761904762	0.333333333	0	0	0.112745066	0.080160068	0.068496965	3.81531E-07	0.00166312	1.02497E-07	0.002302281	0.435283432	0.196011136	0.182084762	0.823728814	0.184585236	0.815414764	0.546039923	0.494316526	0.546039923	0.173843954	0.176271186	0.2094234	0.498979699	0.299204656	0.142458358	0.164906139	0.039745738	0.054785425	0.324790732	0.218130311	0.057663197	0.000862705	0.118362781	0.27149142	0.109774814	0.087936248	0.033619991	0.00124109	0.496707375	0.196171715	0.428701959	0.485305481	0.382376803	6.33372E-06	2.88431E-06	7.69827E-09	0.003209748	0.470987064	0.240063693	6.43381E-05	0.521946859	0.442256899	0.426828878	0.47095303	0.832607749	0.03828658	0.000277084	7.7513E-05	0.033316417	0.104913629	0.273170765	9.28862E-06	0.005156634	0.000115262	0.000136324	0.023228102	0.004196957	0.089519585	0.713265272
Design 1	0.059490085	0.550869285	0.343142145	0.087592733	0.706060606	0.771615008	0.661016949	0.85915493	0.761904762	0.333333333	0	0	0.239178322	0.080470248	0.067280692	1.49125E-05	0.044579019	9.43099E-07	0.503006387	0.407736793	0.168002659	0.202528818	0.338983051	0.541842963	0.458157037	0.550869285	0.498688429	0.550869285	0.173843954	0.661016949	0.041205913	0.468414614	0.318237449	0.183379745	0.168974087	0.041257199	0.37540281	0.592445451	0.235127478	0.093517133	0.004051136	0.053178443	0.013689544	0.015559114	0.077120025	0.029905933	0.002668977	0.341880314	0.16617584	0.050752706	0.053347551	0.092465688	5.68331E-05	4.51371E-05	1.20471E-07	0.009520736	0.154967245	0.094624378	0.000410535	0.343686525	0.156667406	0.099707937	0.154912879	0.416497017	0.031635651	0.000214401	9.2574E-05	0.054517073	0.090052451	0.287158833	9.54052E-06	0.007475912	0.000382195	0.00036658	0.038897579	0.012627274	0.074778499	0.364511944
Design 1	0.036827195	0.555698648	0.080698254	0.050243642	0.851515152	0.282218597	0.46779661	0.85915493	0.761904762	0.333333333	0	0	0.155399087	0.041271317	0.033008827	0.000671736	0.777694087	1.41991E-05	0.015305202	0.286985456	0.124361749	0.090715749	0.53220339	0.312198089	0.687801911	0.555698648	0.503060332	0.555698648	0.173843954	0.46779661	0.078627447	0.332090585	0.104426155	0.162472305	0.173108359	0.013207252	0.204318194	0.156708892	0.337110481	0.0682688	0.015136421	0.012160088	0.000354016	0.000859184	0.039239647	0.030752617	0.011756994	0.447674923	0.180711694	0.00372891	0.003752171	0.018934204	0.000321854	0.00027999	7.47297E-07	0.008439194	0.024048204	0.035040547	0.002158131	0.107926798	0.025335294	0.014937796	0.023985416	0.357022162	0.011707702	0.001125858	0.001209361	0.093934545	0.154258883	0.269811103	6.87694E-05	0.017687199	0.002146484	0.00153289	0.095341674	0.04433855	0.115337165	0.028581612
Design 1	0.056657224	0.56052801	0.677306733	0.076461695	0.760606061	0.27406199	0.023728814	0.85915493	0.761904762	0.333333333	0	0	0.091424042	0.068644655	0.05648208	8.7913E-08	0.001656953	1.1139E-07	0.000235772	0.398072401	0.187136818	0.148069442	0.976271186	0.028248719	0.971751281	0.56052801	0.507432235	0.56052801	0.173843954	0.023728814	0.604799134	0.45861691	0.23549756	0.146553727	0.17730949	0.029092623	0.006302002	0.163489371	0.244570349	0.044913265	0.000832261	0.10356713	0.272226811	0.091598522	0.072821263	0.033695306	0.001454302	0.607088546	0.221141806	0.429531089	0.524619857	0.391820084	6.31119E-06	9.94004E-07	2.65301E-09	0.000601066	0.438433735	0.436455398	5.9231E-05	0.447072738	0.381563527	0.411931624	0.438397606	0.977491866	0.029289635	0.001314393	0.000417399	0.033024286	0.14795638	0.258408179	4.40879E-05	0.005633996	0.000178922	0.000154943	0.025941751	0.004684124	0.129257632	0.621530052
Design 1	0.043909348	0.565357373	0.034413965	0.086118937	0.821212121	0.4045677	0.074576271	0.85915493	0.761904762	0.333333333	0	0	0.112001134	0.077523543	0.062749664	0.001182618	0.967463283	6.4402E-05	0.000805217	0.330382024	0.133104064	0.108971089	0.925423729	0.081356606	0.918643394	0.565357373	0.511804139	0.565357373	0.173843954	0.074576271	0.36292706	0.382251077	0.147970686	0.156623759	0.181578018	0.017845933	0.020843368	0.261362801	0.297450424	0.072585469	0.033985247	0.004901171	4.97356E-05	0.000256002	0.050709895	0.020785279	0.017451626	0.435910862	0.163005243	0.000917835	0.000872834	0.006642909	0.000763305	0.000743261	1.98377E-06	0.001515641	0.014048736	0.075803313	0.002400665	0.100321724	0.015633203	0.015386147	0.013985304	0.853791508	0.017215271	0.003866155	0.006901034	0.117885618	0.189165836	0.319071202	0.000280283	0.018571072	0.004769405	0.002378053	0.119186953	0.067453987	0.149857438	0.019825578
Design 1	0.063456091	0.570186735	0.333665835	0.062266714	0.581818182	0.200652529	0.088135593	0.85915493	0.761904762	0.333333333	0	0	0.07821288	0.056741518	0.049128952	2.48247E-06	0.017810263	9.32615E-07	0.000974133	0.441621379	0.226512803	0.176162476	0.911864407	0.081340785	0.918659215	0.570186735	0.516176042	0.570186735	0.173843954	0.088135593	0.33034858	0.509302447	0.319817491	0.14936559	0.185914479	0.037684677	0.02497622	0.127628756	0.222986645	0.033972937	0.002112186	0.050035251	0.033620094	0.02445683	0.087895993	0.04700822	0.004539953	0.730157561	0.271902556	0.096423615	0.135989718	0.182110199	3.44806E-05	1.05697E-05	2.82106E-08	0.00167487	0.213253631	0.184784745	0.000250975	0.287404439	0.160681919	0.165397499	0.213203015	0.913704819	0.039032795	0.001607993	0.00080336	0.06254904	0.185928983	0.328367511	6.51194E-05	0.012551389	0.000538354	0.000496292	0.054326729	0.014468916	0.153868341	0.198695511
Design 1	0.055240793	0.575016098	0.117206983	0.056681803	0.112121212	0.42822186	0.206779661	0.85915493	0.761904762	0.333333333	0	0	0.038888397	0.057168015	0.057487759	0.000109629	0.584832612	1.02239E-05	0.002882018	0.39864498	0.157692181	0.132874647	0.793220339	0.192946221	0.807053779	0.575016098	0.520547945	0.575016098	0.173843954	0.206779661	0.185011731	0.460960859	0.222662052	0.139800715	0.190319409	0.025626069	0.066423487	0.438954368	0.249559035	0.079018781	0.011489884	0.017205822	0.000742294	0.002004554	0.071811801	0.032624858	0.009025776	0.415718968	0.163812849	0.006328157	0.008378205	0.026793898	0.000230788	0.000111723	2.9819E-07	0.002877286	0.057707135	0.09327087	0.001079644	0.18002606	0.046265689	0.04000291	0.057646512	0.704724215	0.029030225	0.001414864	0.00121354	0.095546583	0.159814255	0.334341293	8.07644E-05	0.015632087	0.001691156	0.001192426	0.081863961	0.035668609	0.131044263	0.051729253
Design 1	0.038243626	0.57984546	0.056359102	0.1354911	0.596969697	0.42903752	0.488135593	0.85915493	0.761904762	0.333333333	0	0	0.256837239	0.129750011	0.112064634	0.001844502	0.834410596	1.22216E-05	0.017842044	0.305491643	0.132745959	0.12267706	0.511864407	0.539603154	0.460396846	0.57984546	0.524919848	0.57984546	0.173843954	0.488135593	0.073819743	0.355272233	0.162784608	0.217419374	0.194793344	0.018301458	0.218831101	0.324502106	0.328404615	0.089318536	0.025136846	0.008016048	0.000258757	0.000735089	0.042960874	0.009285975	0.005464369	0.3790397	0.195446384	0.002980844	0.002814878	0.009859277	0.000370004	0.000366713	9.78761E-07	0.018845722	0.032620389	0.036466885	0.001660645	0.178687798	0.036652485	0.020573104	0.032558152	0.321351437	0.013641761	0.000257996	0.000397621	0.058865104	0.075678679	0.250930784	1.65407E-05	0.006550891	0.001450506	0.000861352	0.060813811	0.031041123	0.053365981	0.033133214
Design 1	0.028328612	0.589504185	0.23840399	0.044619947	0.654545455	0.388254486	0.830508475	0.85915493	0.761904762	0.333333333	0	0	0.168029705	0.038169522	0.032285705	5.41339E-05	0.121246366	1.29601E-06	0.987689056	0.25309052	0.096085815	0.074798109	0.169491525	0.507017827	0.492982173	0.589504185	0.533663655	0.589504185	0.173843954	0.830508475	0.018168424	0.296228177	0.08625894	0.19592752	0.203950376	0.009257047	0.613457935	0.277937428	0.400099983	0.101227849	0.006497315	0.034523787	0.005023607	0.004606751	0.02973496	0.023674359	0.00329716	0.346671051	0.151281244	0.024801194	0.023234797	0.053698562	9.43694E-05	9.7066E-05	0.002483947	0.00232485	0.000692895	0.109666051	0.000726275	0.192512256	0.074057995	0.038212066	0.065263066	0.264079328	0.008015825	0.000211439	0.000123547	0.048523161	0.089908127	0.199053177	1.03406E-05	0.007537429	0.000559642	0.00047007	0.044518522	0.016398343	0.066208599	0.30640225
Design 1	0.04815864	0.594333548	0.027930175	0.162989029	0.584848485	0.698205546	0.430508475	0.85915493	0.761904762	0.333333333	0	0	0.269437729	0.157394756	0.1364593	0.009574759	0.980318363	6.86368E-05	0.011812771	0.3689856	0.151050294	0.179578458	0.569491525	0.542214583	0.457785417	0.594333548	0.538035558	0.594333548	0.173843954	0.430508475	0.088194184	0.4292238	0.298642079	0.237469182	0.208634545	0.031356993	0.17941499	0.562483319	0.277620396	0.101968588	0.050217959	0.003670732	3.00687E-05	0.000228644	0.060597504	0.010924132	0.011910993	0.347919349	0.183617857	0.000640799	0.000436027	0.003956786	0.000949852	0.001813419	4.84004E-06	0.043396221	0.012172081	0.019343563	0.003758196	0.14279939	0.018939227	0.011049443	0.012108528	0.349133023	0.022923666	0.000638702	0.001350119	0.092665283	0.096815432	0.326229494	4.89589E-05	0.011206035	0.003467231	0.001856321	0.096053325	0.059577305	0.073735535	0.010531518
Design 1	0.056657224	0.59916291	0.009975062	0.073436535	0.463636364	0.331158238	0.386440678	0.85915493	0.761904762	0.333333333	0	0	0.129131265	0.069420104	0.062319503	0.072056485	0.997717323	0.005552118	0.008905042	0.420712086	0.198626838	0.18093914	0.613559322	0.344414959	0.655585041	0.59916291	0.542407461	0.59916291	0.173843954	0.386440678	0.101013009	0.488994479	0.346228104	0.19046265	0.213389864	0.035545141	0.152576221	0.2641306	0.244570349	0.054398493	0.070327059	0.00104289	3.48627E-06	5.10248E-05	0.077512869	0.032509873	0.068325808	0.580552214	0.248752192	5.10367E-05	5.26639E-05	0.002513568	0.017296288	0.014305799	3.81824E-05	0.086765883	0.002065841	0.00590964	0.035958871	0.05677745	0.002057903	0.001285866	0.002001638	0.397038116	0.033139301	0.005817613	0.018884951	0.225862129	0.238553144	0.466275648	0.001431616	0.048920697	0.037815948	0.025301142	0.250054666	0.172198018	0.178626571	0.001592166
Design 1	0.058073654	0.603992273	0.304239401	0.199833926	0.318181818	0.828711256	0.101694915	0.85915493	0.761904762	0.333333333	0	0	0.096052565	0.197640542	0.185806234	3.68939E-06	0.032065045	4.83582E-07	0.001151235	0.431783174	0.152180232	0.178160853	0.898305085	0.224980773	0.775019227	0.603992273	0.546779365	0.603992273	0.173843954	0.101694915	0.303438519	0.502261226	0.355082317	0.182133223	0.21821687	0.0356481	0.02922301	0.76535259	0.239763069	0.107496441	0.005191567	0.04314562	0.018946042	0.021624996	0.081051418	0.010695517	0.001129154	0.338386307	0.141779802	0.064012857	0.09276824	0.06982006	4.77404E-05	1.50005E-05	4.00365E-08	0.003356643	0.356649827	0.245940877	0.000134499	0.547217693	0.261567255	0.266216518	0.356608436	0.899185107	0.03554153	0.000193284	0.000107796	0.024812118	0.064176426	0.264064126	8.35397E-06	0.00264837	0.000248773	0.000167364	0.021725278	0.006884269	0.055976359	0.656975597
Design 1	0.009915014	0.608821636	0.110224439	0.055285575	0.172727273	0.42822186	0.142372881	0.85915493	0.761904762	0.333333333	0	0	0.034515191	0.054996759	0.054179469	9.27984E-05	0.641636082	2.09378E-06	0.001738068	0.152184809	0.039051784	0.022794633	0.857627119	0.133489306	0.866510694	0.608821636	0.551151268	0.608821636	0.173843954	0.142372881	0.244105129	0.181773185	0.017863193	0.16218442	0.2231161	0.001743255	0.042683799	0.422557594	0.660056656	0.197931819	0.024225372	0.015249846	0.000613457	0.000696059	0.011156442	0.004614678	0.001569901	0.185967991	0.071080215	0.005522512	0.007500672	0.010344353	0.000251549	0.000115524	3.08335E-07	0.001925895	0.053640676	0.1063698	0.000436476	0.168704617	0.041914269	0.038804725	0.053579791	0.781945694	0.001995068	0.000133919	0.000134851	0.027815303	0.05438927	0.114471066	8.1018E-06	0.002096869	0.000770345	0.000316434	0.027341984	0.014952264	0.035479163	0.548182683
Design 1	0.026912181	0.613650998	0.020947631	0.280039451	0.390909091	0.575856444	0.027118644	0.85915493	0.761904762	0.333333333	0	0	0.07196787	0.276891397	0.254519178	0.001822391	0.978592779	2.47523E-05	0.000270894	0.253594277	0.077151815	0.062598867	0.972881356	0.11190196	0.88809804	0.613650998	0.555523171	0.613650998	0.173843954	0.027118644	0.576460226	0.298572125	0.078394926	0.180754457	0.228088089	0.007520969	0.007226542	0.505387594	0.412825135	0.139322087	0.078366888	0.002535274	3.27069E-05	0.000179487	0.029055862	0.001874058	0.003844695	0.269728955	0.104891978	0.000680449	0.000639598	0.002169033	0.000915827	0.000959398	2.56064E-06	0.001151408	0.020384961	0.141826159	0.001158496	0.179144381	0.023562045	0.024713207	0.020321937	0.936399834	0.007896156	0.000541557	0.001490996	0.034934049	0.060603655	0.202798822	4.12938E-05	0.002668834	0.002374426	0.000771578	0.049022419	0.03362114	0.04616361	0.124775793
Design 1	0.036827195	0.618480361	0.806483791	0.013941721	0.633333333	0.502446982	0.416949153	0.85915493	0.761904762	0.333333333	0	0	0.078498324	0.007771934	0.006465862	7.32052E-07	0.01884191	3.92836E-07	0.010806556	0.314191132	0.109903267	0.094766009	0.583050847	0.190911738	0.809088262	0.618480361	0.559895074	0.618480361	0.173843954	0.416949153	0.091946971	0.368656177	0.146884598	0.187418168	0.233133374	0.013796208	0.170871413	0.380477911	0.337110481	0.095796272	0.001313439	0.112498604	0.031836897	0.033047115	0.043422835	0.154193396	0.006712212	0.38644696	0.141880358	0.092742208	0.109398867	0.278477067	3.56051E-05	2.02991E-05	5.41785E-08	0.001507878	0.107250128	0.117573716	0.000425071	0.166329739	0.096588216	0.076846868	0.107192692	0.617814932	0.014279697	0.001971063	0.000439656	0.055544239	0.231877554	0.262104355	8.01932E-05	0.027169084	0.000602378	0.000738398	0.068786548	0.019410697	0.205452019	0.25987206
Design 1	0.058073654	0.623309723	0.322693267	0.069480557	0.463636364	0.176182708	0.084745763	0.85915493	0.761904762	0.333333333	0	0	0.065177078	0.065465316	0.058761953	2.65214E-06	0.016188729	8.59897E-07	0.000931159	0.44322183	0.22407327	0.176670244	0.915254237	0.08748739	0.91251261	0.623309723	0.564266978	0.623309723	0.173843954	0.084745763	0.337888429	0.517731285	0.384432378	0.185977008	0.238252491	0.035350065	0.023932463	0.123626947	0.239763069	0.034218997	0.002218377	0.044423816	0.036865192	0.023934767	0.083484907	0.037244454	0.004040406	0.81222971	0.304269929	0.102983489	0.144595603	0.173661077	3.2638E-05	9.93716E-06	2.65224E-08	0.001770535	0.232462095	0.193437222	0.000228532	0.310137441	0.175944548	0.181580137	0.232412715	0.917129016	0.037685082	0.001233828	0.000701339	0.055347756	0.169733308	0.319625005	4.9575E-05	0.010522613	0.000488445	0.000441397	0.050558343	0.013167969	0.137237288	0.205490396
Design 1	0.04674221	0.628139086	0.550124688	0.061607384	0.66969697	0.649265905	0.396610169	0.85915493	0.761904762	0.333333333	0	0	0.139935657	0.054957986	0.046367178	2.2341E-06	0.012593653	3.68639E-07	0.009490241	0.377949902	0.140907073	0.152792372	0.603389831	0.308605072	0.691394928	0.628139086	0.568638881	0.628139086	0.173843954	0.396610169	0.097888782	0.443029655	0.290353958	0.221893271	0.243445977	0.026126845	0.158536153	0.497996024	0.283949129	0.09272726	0.002227366	0.075484603	0.046899539	0.029418689	0.061172625	0.034408151	0.002122215	0.405354156	0.167069484	0.122306107	0.142432564	0.172977336	2.81536E-05	1.62748E-05	4.34376E-08	0.004929636	0.235069354	0.137661766	0.000200394	0.362539557	0.21452714	0.173845622	0.235020142	0.636648333	0.023852056	0.000246166	8.70847E-05	0.044777102	0.104892263	0.256440103	9.7399E-06	0.007032931	0.000261809	0.000268385	0.033487717	0.00893395	0.085349158	0.504585026
Design 1	0.049575071	0.637797811	0.327680798	0.055246791	0.057575758	0.632952692	0.53220339	0.85915493	0.761904762	0.333333333	0	0	0.08673874	0.056431339	0.057826727	1.38267E-05	0.068534481	1.32025E-06	0.026064759	0.400054231	0.145406073	0.153410246	0.46779661	0.43234526	0.56765474	0.637797811	0.577382687	0.637797811	0.173843954	0.53220339	0.064241458	0.469563149	0.317176685	0.207904938	0.254058198	0.027349169	0.252749992	0.665570702	0.271549979	0.106451325	0.00473429	0.044130497	0.008927192	0.01055309	0.067531474	0.030441544	0.00330732	0.365391493	0.163459341	0.037396663	0.043219526	0.077600779	7.08971E-05	4.4779E-05	1.19516E-07	0.005929549	0.141147495	0.108455317	0.000450882	0.310024126	0.129770442	0.091889687	0.14109224	0.507155075	0.027810283	0.000286635	0.000140018	0.05884703	0.102461166	0.285239475	1.32201E-05	0.008524026	0.000497203	0.000449941	0.04460515	0.015155534	0.083433867	0.39819803
Design 1	0.026912181	0.642627173	0.003990025	0.044658731	0.56969697	0.494290375	0.138983051	0.85915493	0.761904762	0.333333333	0	0	0.077357319	0.039293923	0.034094083	0.098153235	0.999780808	0.044477386	0.001685674	0.263855663	0.084975697	0.069047296	0.861016949	0.102804836	0.897195164	0.642627173	0.58175459	0.642627173	0.173843954	0.138983051	0.248164568	0.312495178	0.098339112	0.208078524	0.259478007	0.008294553	0.04151914	0.387466062	0.412825135	0.116591622	0.171873604	7.54133E-05	3.34763E-07	6.22519E-06	0.030369947	0.022891077	0.07948323	0.339113825	0.126493953	4.90072E-06	6.53608E-06	0.000717632	0.154991008	0.084062459	0.000224364	0.033620388	0.000508716	0.005706408	0.080577131	0.025746036	0.00034936	0.000343429	0.000444413	0.743850631	0.008605912	0.010615158	0.042507236	0.227852967	0.257957656	0.330518521	0.005937978	0.045661829	0.141671891	0.071264008	0.270880536	0.240434265	0.192360251	0.00136987
Design 1	0.019830028	0.647456536	0.056359102	0.134366361	1	0.657422512	0.416949153	0.85915493	0.761904762	0.333333333	0	0	0.272767268	0.123468877	0.095409407	0.001584534	0.891213258	9.45346E-06	0.010806556	0.221947866	0.072965365	0.071913884	0.583050847	0.44742722	0.55257278	0.647456536	0.586126494	0.647456536	0.173843954	0.416949153	0.091946971	0.264303602	0.088733928	0.303132772	0.26497433	0.007327874	0.170871413	0.42903752	0.490084985	0.145314147	0.035560128	0.007091212	0.000167782	0.000388585	0.021776445	0.005094649	0.003585845	0.276619126	0.13101689	0.002187464	0.002032304	0.006257872	0.000448141	0.000458661	1.22417E-06	0.016440654	0.02701507	0.036029976	0.00136074	0.163387801	0.030841115	0.018872461	0.026952472	0.385253131	0.005325689	0.000137616	0.000231974	0.044060847	0.056074556	0.178202446	9.39966E-06	0.003837245	0.001328275	0.000652112	0.046933394	0.026718382	0.035182373	0.210415351
Design 1	0.050991501	0.652285898	0.538653367	0.073940729	0.6	0.551386623	0.789830508	0.85915493	0.761904762	0.333333333	0	0	0.227502533	0.068179386	0.058750712	4.67369E-06	0.008907631	3.45166E-07	0.979948015	0.416418137	0.182761193	0.216796714	0.210169492	0.58790371	0.41209629	0.652285898	0.590498397	0.652285898	0.173843954	0.789830508	0.023152379	0.490072695	0.486877934	0.288069278	0.270547702	0.039428975	0.545972328	0.430458532	0.265722379	0.076125668	0.001930066	0.071296207	0.065048796	0.037173378	0.07186047	0.031933531	0.002085153	0.501271038	0.246269506	0.15449974	0.138045287	0.198391762	2.27561E-05	2.90022E-05	0.000642031	0.00048264	0.00274175	0.432422487	0.00027601	0.405057608	0.255578986	0.147130427	0.21480356	0.33962927	0.030814093	0.000151963	6.03058E-05	0.042644981	0.088947529	0.275087623	5.85314E-06	0.006710453	0.00021039	0.000250949	0.033099426	0.008197638	0.069821063	0.364990959
Design 1	0.050991501	0.657115261	0.126683292	0.053191234	0.160606061	0.42903752	0.081355932	0.85915493	0.761904762	0.333333333	0	0	0.022300959	0.053058137	0.052483228	3.86462E-05	0.534498327	1.06659E-05	0.000888688	0.418994393	0.160288784	0.145599911	0.918644068	0.078632632	0.921367368	0.657115261	0.5948703	0.657115261	0.173843954	0.081355932	0.345808379	0.493588618	0.333955081	0.194865953	0.276198661	0.026487902	0.022895772	0.426597857	0.265722379	0.075245561	0.010286434	0.016279755	0.000872013	0.002108553	0.072363257	0.036063267	0.010496985	0.51066734	0.190150847	0.007099738	0.010334476	0.03074564	0.000214522	8.38858E-05	2.23892E-07	0.001093192	0.065163614	0.144606072	0.000964692	0.178456761	0.047520011	0.047573088	0.06510347	0.877239301	0.031241755	0.003250824	0.002980561	0.098681472	0.200881642	0.348553902	0.000182469	0.017835631	0.00196976	0.001304659	0.089338499	0.037383098	0.165977706	0.043792966
Design 1	0.031161473	0.661944623	0.187032419	0.013786585	0.203030303	0.298531811	0.074576271	0.85915493	0.761904762	0.333333333	0	0	0.015882133	0.01312253	0.012779791	1.17844E-05	0.48550451	6.33505E-06	0.000805217	0.297291265	0.105724215	0.075209504	0.925423729	0.03775965	0.96224035	0.661944623	0.599242203	0.661944623	0.173843954	0.074576271	0.36292706	0.352717329	0.12693193	0.195740122	0.281927742	0.009856084	0.020843368	0.287078876	0.376770538	0.088678181	0.007662261	0.024090381	0.001017256	0.002195496	0.037351849	0.072975526	0.01457723	0.449750815	0.162516491	0.007925668	0.011709605	0.044080437	0.000199979	7.52712E-05	2.009E-07	0.000361849	0.04218598	0.138295729	0.001091382	0.101804696	0.030281529	0.030644261	0.042124358	0.890354717	0.011813153	0.007933104	0.005137982	0.091499919	0.284689187	0.279183741	0.000438724	0.029625296	0.002441348	0.001700222	0.107726873	0.044093626	0.237076796	0.062272255
Design 1	0.050991501	0.666773986	0.603491272	0.090889382	0.2	0.730831974	0.311864407	0.85915493	0.761904762	0.333333333	0	0	0.100129898	0.090240901	0.088106284	1.33746E-06	0.007664774	2.21165E-07	0.005653496	0.424138973	0.15147261	0.178554162	0.688135593	0.343368438	0.656631562	0.666773986	0.603614107	0.666773986	0.173843954	0.311864407	0.127848377	0.500620463	0.426540391	0.242209398	0.287735482	0.032477825	0.112731596	0.713234255	0.265722379	0.106034656	0.002220308	0.078281724	0.074808832	0.044854235	0.073368831	0.021479415	0.001212529	0.387640297	0.170108586	0.170724096	0.201515576	0.173513828	2.06705E-05	1.08496E-05	2.89577E-08	0.004925718	0.377386872	0.197769254	0.000115893	0.52898276	0.339841241	0.295137663	0.377346816	0.710229628	0.032105916	0.000129757	4.78589E-05	0.031744467	0.076355141	0.258722693	4.93803E-06	0.004026762	0.000157424	0.000155421	0.022850178	0.005549015	0.062681904	0.613346883
Design 1	0.025495751	0.671603348	0.513216958	0.050088505	0.475757576	0.706362153	0.423728814	0.85915493	0.761904762	0.333333333	0	0	0.108005301	0.045924009	0.041029717	2.93356E-06	0.022133005	2.69925E-07	0.011295331	0.265072804	0.078177266	0.075234491	0.576271186	0.310746455	0.689253545	0.671603348	0.60798601	0.671603348	0.173843954	0.423728814	0.090050803	0.315964221	0.117546245	0.251212919	0.293622418	0.008762613	0.175110411	0.600716779	0.426345608	0.150463363	0.003760806	0.06604012	0.027228708	0.014678767	0.029740591	0.018518407	0.001253464	0.279678575	0.114476472	0.082941979	0.098321552	0.100373262	3.89811E-05	2.21069E-05	5.90035E-08	0.004433439	0.193947699	0.131929658	0.000179578	0.328225951	0.173868998	0.137402455	0.193895841	0.6111767	0.0085208	0.00010381	4.0389E-05	0.029976072	0.071537389	0.175812903	4.3843E-06	0.003794264	0.000224615	0.000183101	0.023390699	0.007092771	0.053937417	0.550674004
Design 1	0.050991501	0.676432711	0.456857855	0.266232311	0.287878788	0.412724307	0.047457627	0.85915493	0.761904762	0.333333333	0	0	0.073105011	0.264406673	0.250990654	5.78821E-07	0.002616847	6.53413E-08	0.000489773	0.429273111	0.17683603	0.173111638	0.952542373	0.160664985	0.839335015	0.676432711	0.612357913	0.676432711	0.173843954	0.047457627	0.456198008	0.507652307	0.430584807	0.238013889	0.299589085	0.031488566	0.012905688	0.378302645	0.265722379	0.068008945	0.002206196	0.058330226	0.191491354	0.084678801	0.074374406	0.0068582	0.000452643	0.57332906	0.230771516	0.33409084	0.417179935	0.174595165	9.47106E-06	2.27839E-06	6.08105E-09	0.002361924	0.714948909	0.412223042	2.68125E-05	0.784577751	0.608640941	0.645892349	0.71493057	0.954276177	0.032981862	0.000118757	6.77176E-05	0.006701939	0.052285199	0.232207412	4.1178E-06	0.001113947	6.50097E-05	4.38321E-05	0.010909064	0.001542706	0.042528058	0.88467134
Design 1	0.051983003	0.681262073	0.599002494	0.008899788	0.03030303	0.42903752	0.338983051	0.85915493	0.761904762	0.333333333	0	0	0.002334926	0.010447232	0.010854736	1.48362E-06	0.036342539	1.29925E-06	0.00666192	0.438193908	0.165127594	0.152235443	0.661016949	0.168990746	0.831009254	0.681262073	0.616729816	0.681262073	0.173843954	0.338983051	0.117184572	0.518584482	0.391766433	0.204952949	0.30563602	0.028081883	0.12647297	0.463023382	0.261779841	0.075944653	0.001653197	0.07611936	0.016749385	0.022984639	0.077013131	0.173930542	0.011271889	0.53028582	0.196078825	0.058619009	0.074827405	0.228596321	5.10404E-05	2.41261E-05	6.43927E-08	0.001395407	0.109048608	0.131384912	0.000611024	0.181042071	0.090747732	0.076615209	0.108991288	0.679337425	0.034848394	0.003569769	0.001080825	0.089222324	0.284017697	0.362853554	0.000153756	0.038220293	0.000946023	0.001137717	0.093069588	0.027499278	0.246871439	0.147873085
Design 1	0.032577904	0.686091436	0.547630923	0.051058108	0.233333333	0.200652529	0.549152542	0.85915493	0.761904762	0.333333333	0	0	0.101313391	0.049995115	0.048265526	3.11212E-06	0.004762925	1.61038E-07	0.03093333	0.315661612	0.136489028	0.103319572	0.450847458	0.412731417	0.587268583	0.686091436	0.62110172	0.686091436	0.173843954	0.549152542	0.060825974	0.376039614	0.198043584	0.263081509	0.311763759	0.01391115	0.266769401	0.185212953	0.366051603	0.068126737	0.001714407	0.069078578	0.115142395	0.036289849	0.040881749	0.021796679	0.001425799	0.582818056	0.253581813	0.232310303	0.231313174	0.221252916	1.49709E-05	1.44283E-05	3.85093E-08	0.006293996	0.247884204	0.124283831	0.000146577	0.369229402	0.264603087	0.189296318	0.247835816	0.516473863	0.013716711	8.9919E-05	4.09249E-05	0.027583851	0.080686255	0.206460813	3.28855E-06	0.004452529	0.000146112	0.000165027	0.025589239	0.005507163	0.056922039	0.514270523
Design 1	0.014164306	0.690920798	0.005486284	0.049778232	0.372727273	0.836867863	0.722033898	0.85915493	0.761904762	0.333333333	0	0	0.138530453	0.046932092	0.043305335	0.322008136	0.999822652	0.025265939	0.944718949	0.198154155	0.049755791	0.047344256	0.277966102	0.495399474	0.504600526	0.690920798	0.625473623	0.690920798	0.173843954	0.722033898	0.032169915	0.239082719	0.060165934	0.289037253	0.317972838	0.00413579	0.448976422	0.753629424	0.575070821	0.223487277	0.249907439	0.000162813	2.70857E-07	3.73629E-06	0.016809177	0.009545149	0.033663408	0.191035491	0.085786979	3.96517E-06	2.81162E-06	0.000406639	0.184803795	0.287507567	1	1	0	0.000514104	0.143166689	0.034931633	0.000389558	0.000125772	0.000260675	0.065043863	0.00378323	0.001660669	0.006202555	0.154962486	0.115564632	0.229392681	0.000999529	0.019339538	0.083094937	0.04154321	0.171107944	0.167129019	0.080228516	0.000987202
Design 1	0.029745043	0.695750161	0.122194514	0.070915569	0.233333333	0.543230016	0.494915254	0.85915493	0.761904762	0.333333333	0	0	0.122987068	0.069846601	0.067444523	0.00022301	0.557089775	5.32111E-06	0.018824938	0.300974246	0.102635411	0.099164754	0.505084746	0.43549754	0.56450246	0.695750161	0.629845526	0.695750161	0.173843954	0.494915254	0.072274778	0.359631977	0.187026672	0.285932448	0.324263795	0.012629944	0.223823405	0.518784022	0.388101982	0.122746293	0.015023761	0.014792369	0.000811682	0.001438442	0.036982133	0.01378859	0.004496783	0.356829906	0.162302961	0.006745284	0.007342738	0.019114691	0.000221625	0.000163465	4.36291E-07	0.008454331	0.053332228	0.060741672	0.00106549	0.200749188	0.052013656	0.031941328	0.053271324	0.388114533	0.011916899	0.000261948	0.000270349	0.05778638	0.085736244	0.234112198	1.51082E-05	0.006992739	0.00104009	0.00068594	0.05400908	0.024509304	0.061829868	0.246960613
Design 1	0.04674221	0.700579524	0.137157107	0.120598004	0.533333333	0.69004894	0.111864407	0.85915493	0.761904762	0.333333333	0	0	0.098395989	0.115675617	0.101778073	4.04177E-05	0.363271703	5.05278E-06	0.001289797	0.414203338	0.146950591	0.172452509	0.888135593	0.159629751	0.840370249	0.700579524	0.634217429	0.700579524	0.173843954	0.111864407	0.286058313	0.49260416	0.444986195	0.277319013	0.330637164	0.029485955	0.032485041	0.569568757	0.283949129	0.093780138	0.011005222	0.016552009	0.001513766	0.003006231	0.067836565	0.016979135	0.004936286	0.460102939	0.181448609	0.01052805	0.015532381	0.028272633	0.000166604	6.20516E-05	1.65616E-07	0.002618587	0.106821267	0.139504067	0.000588021	0.265949852	0.076903507	0.07553739	0.106763803	0.853762788	0.029253597	0.000791216	0.000773913	0.061403067	0.119583777	0.306371867	4.24913E-05	0.008147026	0.001080882	0.000691114	0.05717849	0.023456591	0.097084909	0.198686894
Design 1	0.025495751	0.705408886	0.019950125	0.31036862	0.772727273	0.380097879	0.633898305	0.85915493	0.761904762	0.333333333	0	0	0.665504547	0.302326113	0.248705757	0.029960091	0.963059627	2.527E-05	0.137771762	0.27653336	0.145460518	0.17681028	0.366101695	0.852188896	0.147811104	0.705408886	0.638589333	0.705408886	0.173843954	0.633898305	0.045557961	0.331715553	0.316680692	0.617383715	0.337093483	0.020578871	0.346227887	0.249659859	0.426345608	0.090874558	0.06025837	0.001922332	5.64812E-05	0.000223255	0.031182182	0.002182708	0.005046288	0.476927342	0.384335122	0.001005104	0.00061921	0.003097944	0.000722163	0.001688638	4.507E-06	0.115385206	0.0149532	0.013823	0.002968125	0.173333545	0.025725559	0.010905381	0.014889826	0.147925514	0.009343404	9.31128E-05	0.000363907	0.035516708	0.040412166	0.221930697	7.2284E-06	0.003405738	0.001847194	0.000872359	0.057950492	0.034889755	0.020519996	0.012108388
Design 1	0.041359773	0.710238249	0.573067332	0.017005666	0.418181818	0.159869494	0.023728814	0.85915493	0.761904762	0.333333333	0	0	0.041195127	0.013587799	0.012280874	1.65087E-07	0.012581947	6.48077E-07	0.000235772	0.383318785	0.1732983	0.131599202	0.976271186	0.010283237	0.989716763	0.710238249	0.642961236	0.710238249	0.173843954	0.023728814	0.604799134	0.457351178	0.324491224	0.253810472	0.343633288	0.020685271	0.006302002	0.115667882	0.310670443	0.043864974	0.001106881	0.069956598	0.04694114	0.031210169	0.057925412	0.117151273	0.008212342	0.827279056	0.297263132	0.122383589	0.17427024	0.31905663	2.81379E-05	7.42348E-06	1.98134E-08	0.000131608	0.156851566	0.315241691	0.000305216	0.187915274	0.117031949	0.126341736	0.156797321	0.977095779	0.023304799	0.012479837	0.004666527	0.064708815	0.345057149	0.309822976	0.000489923	0.026748563	0.000847226	0.000784889	0.077474918	0.019556168	0.294421873	0.25343591
Design 1	0.042492918	0.715067611	0.506733167	0.016850529	0.693939394	0.437194127	0.308474576	0.85915493	0.761904762	0.333333333	0	0	0.085345895	0.009904418	0.00812761	2.24173E-06	0.052113549	1.56364E-06	0.005538337	0.393070083	0.153117864	0.152761564	0.691525424	0.146110992	0.853889008	0.715067611	0.647333139	0.715067611	0.173843954	0.308474576	0.129268363	0.469258435	0.390963782	0.285773409	0.350257114	0.024453525	0.111070063	0.312119237	0.304661344	0.068241422	0.001918368	0.061393508	0.011726447	0.016497594	0.060512768	0.176475905	0.014176382	0.613050102	0.224555999	0.04544043	0.059880171	0.199524382	6.163E-05	2.73488E-05	7.29944E-08	0.001447214	0.084642168	0.104707398	0.000731577	0.142831947	0.068212426	0.058837914	0.084583277	0.702360117	0.024939932	0.004540878	0.001623244	0.084462891	0.311534884	0.342267176	0.000201888	0.043673148	0.001182877	0.001379956	0.106043211	0.032172934	0.26358903	0.078050429
Design 1	0.040509915	0.719896974	0.147630923	0.176408328	0.136363636	0.306688418	0.2	0.85915493	0.761904762	0.333333333	0	0	0.116926302	0.176548338	0.176060052	5.52044E-05	0.10098859	1.4493E-06	0.002746562	0.382021392	0.165583209	0.154843508	0.8	0.362376417	0.637623583	0.719896974	0.651705042	0.719896974	0.173843954	0.2	0.190004399	0.456732376	0.391023262	0.310980589	0.356965499	0.023997515	0.063773276	0.310172395	0.31532538	0.07051129	0.00842427	0.01737002	0.006047957	0.006558704	0.057033331	0.007633648	0.002182446	0.602749857	0.279488136	0.028316553	0.04040778	0.039293557	8.61529E-05	3.23585E-05	8.63653E-08	0.006512244	0.188835847	0.122149773	0.000291071	0.369011036	0.140613396	0.131411243	0.18878366	0.793716749	0.022921176	0.00012671	0.000152054	0.027609651	0.066260174	0.254317723	6.16875E-06	0.003371311	0.000449854	0.000306824	0.034112329	0.01190158	0.046980724	0.511843849
Design 1	0.04305949	0.724726336	0.227431421	0.082201742	0.051515152	0.543230016	0.488135593	0.85915493	0.761904762	0.333333333	0	0	0.11859339	0.083455725	0.085678059	3.6989E-05	0.112692694	1.91066E-06	0.017842044	0.401360782	0.153131246	0.170922263	0.511864407	0.478672026	0.521327974	0.724726336	0.656076945	0.724726336	0.173843954	0.488135593	0.073819743	0.479937463	0.45837151	0.317960358	0.363758979	0.027607199	0.218831101	0.574962338	0.301737998	0.098309306	0.006691306	0.026886223	0.00541191	0.006605133	0.062426941	0.018658752	0.003349702	0.460610666	0.220555608	0.02615589	0.031245953	0.051854017	9.09942E-05	5.36049E-05	1.43072E-07	0.007557856	0.133054317	0.097709917	0.000497819	0.315073264	0.118339698	0.085800062	0.132998541	0.528570341	0.026281305	0.00020079	0.000151639	0.050809967	0.088315985	0.28101937	9.76173E-06	0.006782065	0.00055881	0.000459284	0.044965163	0.016003286	0.06704349	0.357007529
Design 1	0.032577904	0.729555699	0.022942643	0.012235221	0.824242424	0.24959217	0.227118644	0.85915493	0.761904762	0.333333333	0	0	0.094752036	0.003623284	0.00269349	0.008235154	0.998815097	0.009840859	0.003313763	0.332632922	0.137999867	0.114387828	0.772881356	0.094975929	0.905024071	0.729555699	0.660448849	0.729555699	0.173843954	0.227118644	0.171254801	0.399455657	0.260608429	0.30850485	0.37063809	0.015399896	0.074602627	0.134011315	0.366051603	0.056963324	0.041005306	0.002175655	1.80966E-06	5.5458E-05	0.043359685	0.298243865	0.418273076	0.718729653	0.259118235	2.64923E-05	3.15444E-05	0.005182868	0.03280668	0.020598269	5.4977E-05	0.008662727	0.000567316	0.006227896	0.096449941	0.004419897	0.000434937	0.000364729	0.000503016	0.608838099	0.015394585	0.179847447	0.370821541	0.27094809	0.794885117	0.494162455	0.056135466	0.359154492	0.15074659	0.130001186	0.641217231	0.437596823	0.62558908	0.000637289
Design 1	0.004249292	0.734385061	0.38553616	0.011963732	0.772727273	0.396411093	0.033898305	0.85915493	0.761904762	0.333333333	0	0	0.085403448	0.004011008	0.003070039	7.6342E-07	0.210378983	6.38532E-07	0.000342277	0.141651759	0.036448675	0.023819504	0.966101695	0.010974889	0.989025111	0.734385061	0.664820752	0.734385061	0.173843954	0.033898305	0.528480382	0.174694461	0.02556106	0.308123053	0.377603367	0.001472389	0.009094275	0.263197796	0.820029994	0.175750584	0.006012519	0.045387042	0.002829158	0.003579823	0.008520363	0.056894352	0.006090503	0.266887171	0.095646731	0.016457143	0.02588715	0.058847712	0.000124354	3.83381E-05	1.02325E-07	1.18001E-05	0.044520728	0.192430912	0.000519201	0.076609576	0.030014037	0.0319859	0.044459257	0.95816402	0.001499596	0.006110636	0.002453051	0.027576997	0.232759329	0.130533003	0.000308463	0.016194728	0.001383172	0.000832404	0.064912631	0.025475891	0.202351902	0.220397872
Design 1	0.005665722	0.739214424	0.143640898	0.015105245	0.857575758	0.657422512	0.152542373	0.85915493	0.761904762	0.333333333	0	0	0.09912138	0.006065947	0.004622898	4.66305E-05	0.916786371	7.22287E-06	0.001899438	0.152206829	0.034999779	0.027862803	0.847457627	0.065769501	0.934230499	0.739214424	0.669192655	0.739214424	0.173843954	0.152542373	0.232646815	0.187328342	0.032213224	0.323114223	0.384655349	0.00182424	0.046226489	0.460129209	0.773371104	0.212980567	0.019871378	0.016433802	0.000127818	0.000443599	0.009723499	0.047321944	0.013610396	0.219274831	0.079059121	0.001801122	0.001952295	0.013366654	0.000505156	0.00037685	1.00582E-06	0.00049519	0.011375745	0.070323701	0.001913025	0.049111001	0.011084071	0.009851167	0.011312141	0.732619903	0.001804926	0.004001404	0.002858539	0.057725254	0.213840585	0.158623425	0.0002666	0.023389858	0.003508718	0.001970057	0.103625566	0.056259389	0.175844303	0.077833835
Design 1	0.043909348	0.744043786	0.788029925	0.064399839	0.73030303	0.176182708	0.162711864	0.85915493	0.761904762	0.333333333	0	0	0.110000321	0.056974153	0.047245232	3.06645E-07	0.000655429	9.27602E-08	0.00206739	0.416211621	0.20507813	0.181317535	0.837288136	0.140068096	0.859931904	0.744043786	0.673564558	0.744043786	0.173843954	0.162711864	0.222148569	0.499331291	0.530760818	0.336572308	0.39179457	0.029680967	0.049843627	0.085925847	0.297450424	0.035071094	0.000455725	0.092219427	0.486027401	0.108420557	0.065778423	0.036368247	0.001805786	1	0.381805983	0.64983324	0.699086469	0.553624277	2.03993E-06	1.05621E-06	2.81904E-09	0.002670338	0.432011186	0.223103384	6.73279E-05	0.441460711	0.426863594	0.41623783	0.431974644	0.845252308	0.028750589	0.000351286	0.000136291	0.031179125	0.134067734	0.26422003	1.11556E-05	0.006604036	0.000129827	0.000169881	0.030067255	0.00468362	0.10197757	0.680913197
Design 1	0.039660057	0.748873149	0.543142145	0.075453309	0.566666667	0.812398042	0.806779661	0.85915493	0.761904762	0.333333333	0	0	0.231411458	0.070118008	0.06102408	4.656E-06	0.014299407	3.73542E-07	0.983694442	0.389103509	0.141445709	0.199450221	0.193220339	0.60465119	0.39534881	0.748873149	0.677936462	0.748873149	0.173843954	0.806779661	0.021040333	0.467758308	0.554914029	0.427583908	0.399021568	0.030470024	0.573161347	0.667924951	0.320113314	0.113177654	0.002707329	0.062983126	0.04153574	0.025159845	0.057542168	0.024409139	0.001790627	0.422445083	0.210937813	0.112142891	0.101853275	0.142287787	3.03581E-05	3.58219E-05	0.0008017	0.000642334	0.002509017	0.395760069	0.000291988	0.414836078	0.237468078	0.134100278	0.20287711	0.325748336	0.023659413	0.00011249	4.85109E-05	0.038382941	0.075711933	0.249598161	4.54722E-06	0.005377983	0.000217925	0.000231624	0.029896983	0.008081272	0.058003555	0.363887982
Design 1	0.028328612	0.753702511	0.093765586	0.061646168	0.518181818	0.420880914	0.613559322	0.85915493	0.761904762	0.333333333	0	0	0.160205674	0.05693538	0.050246508	0.000577206	0.719855425	1.14211E-05	0.079813302	0.312463489	0.118250192	0.116833392	0.386440678	0.458445211	0.541554789	0.753702511	0.682308365	0.753702511	0.173843954	0.613559322	0.048977235	0.377516302	0.268142665	0.384774977	0.406336878	0.014452611	0.325616766	0.333719456	0.400099983	0.093214878	0.016005417	0.010306193	0.000457764	0.000898152	0.037639577	0.019180882	0.008637158	0.507057048	0.22683676	0.004480378	0.004158753	0.017636222	0.000286923	0.000295263	7.88062E-07	0.012636293	0.030778698	0.037787114	0.002114029	0.148518211	0.03518039	0.01722348	0.030716342	0.230751869	0.012698054	0.000547326	0.000711084	0.076577234	0.116028171	0.262993047	3.28642E-05	0.011948713	0.00164549	0.001164065	0.079792199	0.036293448	0.081691527	0.046054373
Design 1	0.038243626	0.758531874	0.910224439	0.010567505	0.442424242	0.437194127	0.457627119	0.85915493	0.761904762	0.333333333	0	0	0.053960162	0.006841396	0.006073728	5.51E-07	0.013107804	4.72875E-07	0.014226222	0.383450895	0.140360066	0.13821926	0.542372881	0.207799443	0.792200557	0.758531874	0.686680268	0.758531874	0.173843954	0.457627119	0.08113481	0.461945317	0.389408201	0.314838612	0.413741037	0.020617979	0.197313863	0.365034948	0.328404615	0.078092831	0.000843395	0.104665745	0.045142459	0.043571133	0.055469612	0.206915671	0.00975868	0.59334113	0.218057337	0.119015304	0.134105593	0.388319653	2.88344E-05	1.85657E-05	4.95522E-08	0.001464802	0.114262484	0.123325349	0.000495735	0.172893656	0.10773517	0.083017687	0.1142055	0.586165413	0.022546623	0.002866502	0.000717737	0.063296271	0.2828895	0.314804824	0.000112985	0.038225504	0.000672064	0.000938036	0.085656261	0.022299055	0.243876096	0.262570606
Design 1	0.150141643	0.114616871	0.117206983	0.072311796	0.148484848	0.347471452	0.016949153	0.85915493	0.761904762	0.333333333	0	0	0.012371825	0.072328037	0.07183776	1.65829E-05	0.442498004	2.49856E-06	0.000166637	0.280071333	0.141631122	0.042701089	0.983050847	0.02686603	0.97313397	0.114616871	0.103759837	0.114616871	0.173843954	0.016949153	0.673659193	0.262709717	0.002825241	0.002214992	0.003231479	0.018698678	0.004471341	0.348206281	0.099150141	0.075843236	0.011187235	0.070631634	0.001165436	0.005855437	0.095659057	0.034925943	0.002318264	0.069661028	0.025393971	0.008734186	0.013479649	0.027700955	0.000187916	6.36626E-05	1.69916E-07	0.00039675	0.082640002	0.244563475	0.000383819	0.203285488	0.056854082	0.061119379	0.082580983	0.97084447	0.022611762	0.004014341	0.000936426	0.081460073	0.127628204	0.258155059	0.000219476	0.007446715	0.000968248	0.000464065	0.035492961	0.018499103	0.148884235	0.134248532
Design 1	0.150141643	0.114616871	0.117206983	0.072311796	0.148484848	0.347471452	0.152542373	0.85915493	0.761904762	0.333333333	0	0	0.04174284	0.072328037	0.07183776	8.30445E-05	0.442498004	2.49856E-06	0.001899438	0.280071333	0.146934765	0.045904721	0.847457627	0.167160056	0.832839944	0.114616871	0.103759837	0.114616871	0.173843954	0.152542373	0.232646815	0.262709717	0.003036286	0.002385166	0.003231479	0.020096216	0.046226489	0.348206281	0.099150141	0.075843236	0.011187235	0.070631634	0.001165436	0.005855437	0.095659057	0.034925943	0.002318264	0.069661028	0.027334391	0.008734186	0.01238891	0.027700955	0.000187916	7.7283E-05	2.06269E-07	0.002628268	0.075952649	0.108723238	0.000448569	0.203285488	0.056854082	0.053176743	0.0758932	0.794229665	0.022611762	0.00091097	0.000212478	0.081460073	0.096562404	0.258155059	5.00453E-05	0.007446715	0.000777099	0.000464065	0.035492961	0.018499103	0.106858331	0.211436199
Design 1	0.150141643	0.114616871	0.117206983	0.072311796	0.148484848	0.347471452	0.322033898	0.85915493	0.761904762	0.333333333	0	0	0.078456608	0.072328037	0.07183776	0.000166121	0.442498004	2.49856E-06	0.006012775	0.280071333	0.153311435	0.04990926	0.677966102	0.31729537	0.68270463	0.114616871	0.103759837	0.114616871	0.173843954	0.322033898	0.123709243	0.262709717	0.003300092	0.002597883	0.003231479	0.021843138	0.117789961	0.348206281	0.099150141	0.075843236	0.011187235	0.070631634	0.001165436	0.005855437	0.095659057	0.034925943	0.002318264	0.069661028	0.029759916	0.008734186	0.011080793	0.027700955	0.000187916	9.92139E-05	2.64803E-07	0.005511299	0.067932549	0.075948336	0.000548311	0.203285488	0.056854082	0.044305231	0.067872584	0.596960102	0.022611762	0.000540513	0.000126058	0.081460073	0.084547732	0.258155059	2.982E-05	0.007446715	0.000711246	0.000464065	0.035492961	0.018499103	0.091730962	0.252659874
Design 1	0.150141643	0.114616871	0.117206983	0.072311796	0.148484848	0.347471452	0.491525424	0.85915493	0.761904762	0.333333333	0	0	0.115170376	0.072328037	0.07183776	0.000249198	0.442498004	2.49856E-06	0.018323719	0.280071333	0.159437947	0.0539138	0.508474576	0.445205303	0.554794697	0.114616871	0.103759837	0.114616871	0.173843954	0.491525424	0.073043801	0.262709717	0.003563898	0.0028106	0.003231479	0.023590061	0.221317371	0.348206281	0.099150141	0.075843236	0.011187235	0.070631634	0.001165436	0.005855437	0.095659057	0.034925943	0.002318264	0.069661028	0.032185441	0.008734186	0.009835786	0.027700955	0.000187916	0.000128726	3.43571E-07	0.008638096	0.060299375	0.060789765	0.00067553	0.203285488	0.056854082	0.036529242	0.060238919	0.4240509	0.022611762	0.000434041	0.000101221	0.081460073	0.077673306	0.258155059	2.40071E-05	0.007446715	0.000677872	0.000464065	0.035492961	0.018499103	0.08360233	0.258473264
Design 1	0.150141643	0.114616871	0.117206983	0.072311796	0.148484848	0.347471452	0.661016949	0.85915493	0.761904762	0.333333333	0	0	0.151884144	0.072328037	0.07183776	0.000332275	0.442498004	2.49856E-06	0.503006387	0.280071333	0.165341617	0.057918339	0.338983051	0.555484959	0.444515041	0.114616871	0.103759837	0.114616871	0.173843954	0.661016949	0.041205913	0.262709717	0.003827704	0.003023317	0.003231479	0.025336983	0.37540281	0.348206281	0.099150141	0.075843236	0.011187235	0.070631634	0.001165436	0.005855437	0.095659057	0.034925943	0.002318264	0.069661028	0.034610966	0.008734186	0.008655771	0.027700955	0.000187916	0.00016925	4.51731E-07	0.012186259	0.053064671	0.051168914	0.000840145	0.203285488	0.056854082	0.02976612	0.053003749	0.273664117	0.022611762	0.00039817	9.2853E-05	0.081460073	0.072763658	0.258155059	2.20487E-05	0.007446715	0.000656669	0.000464065	0.035492961	0.018499103	0.078135161	0.228853508
Design 1	0.150141643	0.114616871	0.117206983	0.072311796	0.148484848	0.347471452	0.830508475	0.85915493	0.761904762	0.333333333	0	0	0.188597913	0.072328037	0.07183776	0.000415352	0.442498004	2.49856E-06	0.987689056	0.280071333	0.171045126	0.061922878	0.169491525	0.651544393	0.348455607	0.114616871	0.103759837	0.114616871	0.173843954	0.830508475	0.018168424	0.262709717	0.00409151	0.003236034	0.003231479	0.027083905	0.613457935	0.348206281	0.099150141	0.075843236	0.011187235	0.070631634	0.001165436	0.005855437	0.095659057	0.034925943	0.002318264	0.069661028	0.037036491	0.008734186	0.007542746	0.027700955	0.000187916	0.000226185	0.008962677	0.008804613	0.000378972	0.060213691	0.001056618	0.203285488	0.056854082	0.023935005	0.046179324	0.144001704	0.022611762	0.000395914	9.23266E-05	0.081460073	0.068872883	0.258155059	2.19255E-05	0.007446715	0.000641694	0.000464065	0.035492961	0.018499103	0.074058192	0.133114467
Design 1	0.031161473	0.597553123	0.049875312	0.173150464	0.157575758	0.388254486	0.016949153	0.85915493	0.761904762	0.333333333	0	0	0.023561703	0.173020047	0.171326721	0.000170669	0.844962825	8.20312E-06	0.000166637	0.272422778	0.090839669	0.0633301	0.983050847	0.059287403	0.940712597	0.597553123	0.54095016	0.597553123	0.173843954	0.016949153	0.673659193	0.318964475	0.080340325	0.149894393	0.211796819	0.008301418	0.004471341	0.386707824	0.376770538	0.111315163	0.032628142	0.006817677	0.000241575	0.000665775	0.033876585	0.004191664	0.00315698	0.323365586	0.120909224	0.00283807	0.003752894	0.007008874	0.00038145	0.000187686	5.00938E-07	0.000652007	0.052643128	0.210795771	0.000656405	0.212672074	0.04225286	0.045032014	0.052582179	0.958808126	0.009760584	0.000854824	0.001446178	0.036615258	0.080755666	0.209622352	5.41447E-05	0.003233156	0.001485745	0.000564266	0.043310428	0.02359874	0.064764216	0.16430921
Design 1	0.031161473	0.597553123	0.049875312	0.173150464	0.157575758	0.388254486	0.152542373	0.85915493	0.761904762	0.333333333	0	0	0.093057139	0.173020047	0.171326721	0.000853474	0.844962825	8.20312E-06	0.001899438	0.272422778	0.098581659	0.074245569	0.847457627	0.290679097	0.709320903	0.597553123	0.54095016	0.597553123	0.173843954	0.152542373	0.232646815	0.318964475	0.094146573	0.175664113	0.211796819	0.009729933	0.046226489	0.386707824	0.376770538	0.111315163	0.032628142	0.006817677	0.000241575	0.000665775	0.033876585	0.004191664	0.00315698	0.323365586	0.141787431	0.00283807	0.00341634	0.007008874	0.00038145	0.000228633	6.10225E-07	0.004691396	0.047922392	0.08566058	0.000791999	0.212672074	0.04225286	0.037773474	0.04786114	0.741739419	0.009760584	0.000192191	0.000342023	0.036615258	0.0587422	0.209622352	1.25111E-05	0.003233156	0.001215418	0.000564266	0.043310428	0.02359874	0.041204816	0.343998239
Design 1	0.031161473	0.597553123	0.049875312	0.173150464	0.157575758	0.388254486	0.322033898	0.85915493	0.761904762	0.333333333	0	0	0.179926433	0.173020047	0.171326721	0.001706981	0.844962825	8.20312E-06	0.006012775	0.272422778	0.107498835	0.087889904	0.677966102	0.499267123	0.500732877	0.597553123	0.54095016	0.597553123	0.173843954	0.322033898	0.123709243	0.318964475	0.111404383	0.207876263	0.211796819	0.011515576	0.117789961	0.386707824	0.376770538	0.111315163	0.032628142	0.006817677	0.000241575	0.000665775	0.033876585	0.004191664	0.00315698	0.323365586	0.16788519	0.00283807	0.003017468	0.007008874	0.00038145	0.000295994	7.90012E-07	0.011852786	0.042327551	0.054090889	0.001009937	0.212672074	0.04225286	0.029998019	0.042265938	0.509212235	0.009760584	0.000115328	0.000213946	0.036615258	0.05022851	0.209622352	7.68175E-06	0.003233156	0.001129526	0.000564266	0.043310428	0.02359874	0.032724529	0.247956882
Design 1	0.031161473	0.597553123	0.049875312	0.173150464	0.157575758	0.388254486	0.491525424	0.85915493	0.761904762	0.333333333	0	0	0.266795728	0.173020047	0.171326721	0.002560488	0.844962825	8.20312E-06	0.018323719	0.272422778	0.115748165	0.10153424	0.508474576	0.651898273	0.348101727	0.597553123	0.54095016	0.597553123	0.173843954	0.491525424	0.073043801	0.318964475	0.128662193	0.240088413	0.211796819	0.013301219	0.221317371	0.386707824	0.376770538	0.111315163	0.032628142	0.006817677	0.000241575	0.000665775	0.033876585	0.004191664	0.00315698	0.323365586	0.193982949	0.00283807	0.002643182	0.007008874	0.00038145	0.00038889	1.03795E-06	0.021948907	0.03707757	0.039622817	0.001301957	0.212672074	0.04225286	0.023509234	0.03701562	0.315163259	0.009760584	9.57897E-05	0.000181389	0.036615258	0.045357239	0.209622352	6.45414E-06	0.003233156	0.001088877	0.000564266	0.043310428	0.02359874	0.02816768	0.06185164
Design 1	0.031161473	0.597553123	0.049875312	0.173150464	0.157575758	0.388254486	0.661016949	0.85915493	0.761904762	0.333333333	0	0	0.353665023	0.173020047	0.171326721	0.003413994	0.844962825	8.20312E-06	0.503006387	0.272422778	0.123460433	0.115178576	0.338983051	0.768426408	0.231573592	0.597553123	0.54095016	0.597553123	0.173843954	0.661016949	0.041205913	0.318964475	0.145920002	0.272300563	0.211796819	0.015086862	0.37540281	0.386707824	0.376770538	0.111315163	0.032628142	0.006817677	0.000241575	0.000665775	0.033876585	0.004191664	0.00315698	0.323365586	0.220080708	0.00283807	0.002293823	0.007008874	0.00038145	0.000519738	1.38719E-06	0.035742848	0.032177238	0.030889677	0.001700062	0.212672074	0.04225286	0.018151477	0.032114972	0.154938019	0.009760584	9.2553E-05	0.000175995	0.036615258	0.041878225	0.209622352	6.25078E-06	0.003233156	0.001064402	0.000564266	0.043310428	0.02359874	0.025102827	0.045972078
Design 1	0.031161473	0.597553123	0.049875312	0.173150464	0.157575758	0.388254486	0.830508475	0.85915493	0.761904762	0.333333333	0	0	0.440534318	0.173020047	0.171326721	0.004267501	0.844962825	8.20312E-06	0.987689056	0.272422778	0.130728602	0.128822911	0.169491525	0.860306364	0.139693636	0.597553123	0.54095016	0.597553123	0.173843954	0.830508475	0.018168424	0.318964475	0.163177812	0.304512713	0.211796819	0.016872506	0.613457935	0.386707824	0.376770538	0.111315163	0.032628142	0.006817677	0.000241575	0.000665775	0.033876585	0.004191664	0.00315698	0.323365586	0.246178468	0.00283807	0.001969699	0.007008874	0.00038145	0.000708492	0.044455781	0.044303377	0.000172331	0.027661444	0.002253456	0.212672074	0.04225286	0.013780204	0.027568302	0.024213857	0.009760584	9.82609E-05	0.000185506	0.036615258	0.039121192	0.209622352	6.60941E-06	0.003233156	0.001047854	0.000564266	0.043310428	0.02359874	0.022817309	0.023019243
Design 1	0.003541077	0.03090792	0.004987531	0.006378821	0.142424242	0.657422512	0.491525424	0.85915493	0.761904762	0.333333333	0	0	0.016018095	0.006492444	0.006465363	0.249230745	1	0.001325357	0.018323719	0	0	0	0.508474576	0.224675482	0.775324518	0.03090792	0.027980181	0.03090792	0.173843954	0.491525424	0.073043801	0	0	0.00019103	0.000287039	0	0.221317371	0.660564074	0.845480298	1	1	0.013547586	0	0	0	0.001732926	0.000797533	0	0	0	0	0	1	1	0.002669012	0.40198724	6.43318E-05	0	0.039796518	0.001515949	0	0	0	0.277220395	0	8.64261E-05	2.96392E-05	0.027432401	0.005088476	0	0.000113721	0.000694353	0.037410219	0.008546125	0.016871647	0.047405958	0.005187922	0.028388695
Design 1	0.267422096	0.135544108	0.002493766	0.007154503	0.145454545	0.282218597	0.457627119	0.85915493	0.761904762	0.333333333	0	0	0.016647695	0.00722912	0.007189916	0.454326905	0.999985296	1	0.014226222	0.544629296	0.375180085	0.15792892	0.542372881	0.212246979	0.787753021	0.135544108	0.122704751	0.135544108	0.173843954	0.457627119	0.08113481	0.518584482	0.025399826	0.003259771	0.004697716	0.116558909	0.197313863	0.283558961	0.050572439	0.024494306	0.088059259	0.003630329	2.24565E-08	2.69109E-05	0.310680693	1	1	0.166990221	0.061613772	3.28748E-07	3.44229E-07	0.001848637	0.732223062	0.688211534	0.001836845	0.346452719	7.36721E-05	6.60424E-06	1	0	7.72663E-06	6.72043E-06	9.34091E-06	0.314043388	0.139434231	1	1	1	1	1	1	1	1	1	1	1	1	0
Design 1	0.04815864	0.238570509	0	0.347640142	0.148484848	0.55954323	0.423728814	0.85915493	0.761904762	0.333333333	0	0	0.456950258	0.347573544	0.345212303	1	0.999570443	0.002616297	0.011295331	0.174214821	0.080274524	0.045617878	0.576271186	0.796518568	0.203481432	0.238570509	0.21597202	0.238570509	0.173843954	0.423728814	0.090050803	0.180577771	0.006693081	0.026853922	0.01827875	0.007981648	0.175110411	0.560490344	0.277620396	0.177576172	0.360845044	0.000969745	6.56047E-07	2.02217E-05	0.026462688	0.000826385	0.004279486	0.067686072	0.053231082	9.6041E-06	9.62405E-06	0.000220027	0.0855785	0.075655133	0.000201924	0.74458349	0.001369193	0.002631601	0.021756242	0.098181801	0.001387155	0.00081763	0.001304946	0.35253007	0.004522951	9.8579E-05	0.000307216	0.047885878	0.020076087	0.175430958	5.03578E-05	0.002247803	0.019377876	0.007031148	0.052387798	0.059903858	0.012953366	0.00311306
Design 1	0.114022663	0.343206697	0.004987531	0.347601358	0.151515152	0.665579119	0.389830508	0.85915493	0.761904762	0.333333333	0	0	0.422480646	0.347495999	0.344788782	0.199384589	0.998280259	0.003039216	0.009095243	0.482386014	0.288999279	0.31804467	0.610169492	0.766287929	0.233712071	0.343206697	0.31069659	0.343206697	0.173843954	0.389830508	0.099959617	0.51747345	0.233977388	0.065901135	0.046839803	0.109313093	0.154547848	0.665579119	0.131255902	0.076669257	0.120009951	0.001505061	2.62651E-06	0.000108613	0.14400173	0.010168125	0.019453754	0.227884105	0.17018179	3.84503E-05	3.95751E-05	0.001201853	0.022832904	0.018999096	5.07088E-05	0.253150199	0.003538991	0.006966782	0.022243085	0.132990516	0.003589162	0.002224557	0.003474882	0.392823897	0.064697288	0.001082107	0.00289634	0.11727883	0.090636629	0.46615516	0.000298456	0.014469204	0.020997709	0.011691705	0.126626128	0.101478955	0.082680471	0.001955691
Design 1	0.006090652	0.447842885	0.990024938	0.006417606	0.154545455	0.551386623	0.355932203	0.85915493	0.761904762	0.333333333	0	0	0.01429925	0.006376127	0.006318766	3.24519E-07	0.01546325	8.47551E-11	0.007383069	0.097354072	0.020465369	0.00925841	0.644067797	0.162581991	0.837418009	0.447842885	0.40542116	0.447842885	0.173843954	0.355932203	0.111080978	0.113121285	0.002745868	0.066179897	0.095710155	0.000617158	0.13548366	0.55044955	0.760367806	0.303377439	0.00339446	0.186424272	0.038528877	0.018527536	0.006016231	0.023319253	0.00042265	0.078715765	0.028780333	0.106282179	0.12835416	0.112190385	3.17807E-05	1.6585E-05	4.42657E-08	0.001010129	0.125432693	0.154228242	8.4399E-05	0.184494945	0.110347949	0.092364077	0.125376427	0.670243529	0.000742726	9.02725E-05	1.10422E-05	0.005941902	0.058300656	0.065455351	3.69378E-06	0.002389242	0.000122353	7.75034E-05	0.01032666	0.003569022	0.050436041	0.701827451
Design 1	0.067280453	0.552479073	0.980049875	0.006340037	0.157575758	0.796084829	0.322033898	0.85915493	0.761904762	0.333333333	0	0	0.013797115	0.006259809	0.006195914	3.02001E-07	0.02609616	7.46319E-07	0.006012775	0.451052088	0.152798914	0.156269327	0.677966102	0.146689777	0.853310223	0.552479073	0.50014573	0.552479073	0.173843954	0.322033898	0.123709243	0.517684406	0.27192673	0.117643793	0.170344782	0.03496809	0.117789961	0.793724134	0.212326401	0.103717444	0.00103437	0.152041822	0.023185744	0.048322784	0.093446593	0.341650179	0.011146379	0.312980792	0.114186738	0.073945629	0.093826179	0.33583268	4.26957E-05	1.9994E-05	5.33642E-08	0.000846124	0.116660757	0.164228807	0.000553312	0.181814402	0.097673476	0.083806916	0.116603927	0.696777171	0.042133005	0.006906006	0.001098499	0.091959178	0.329047464	0.382003055	0.000288804	0.051736505	0.000887799	0.001164262	0.092473984	0.027364456	0.321443248	0.113301054
Design 1	0.054447592	0.657115261	0.975062344	0.091703848	0.160606061	0.535073409	0.288135593	0.85915493	0.761904762	0.333333333	0	0	0.089901416	0.091559164	0.090570046	2.73163E-07	0.000733548	4.02331E-08	0.004891294	0.440528461	0.175284904	0.187066559	0.711864407	0.327002349	0.672997651	0.657115261	0.5948703	0.657115261	0.173843954	0.288135593	0.138249677	0.518581669	0.449874437	0.227552375	0.276198661	0.035686055	0.101351761	0.53231659	0.252435806	0.082456138	0.000786618	0.128547571	0.457972465	0.148424326	0.079685829	0.022757594	0.000698547	0.473857789	0.206129788	0.622813547	0.631800886	0.406765583	2.43085E-06	2.82171E-06	7.53117E-09	0.004512159	0.614726296	0.265563759	3.87325E-05	0.686206953	0.644181978	0.570778902	0.614701509	0.732553443	0.036044462	8.85608E-05	2.47474E-05	0.021744284	0.071538018	0.249887162	2.8033E-06	0.003056316	4.72841E-05	6.98369E-05	0.015277026	0.002018961	0.058269095	0.693549605
Design 1	0.052407932	0.641017386	0.117206983	0.056798155	0.151515152	0.42903752	0.152542373	0.85915493	0.761904762	0.333333333	0	0	0.034384636	0.056780291	0.056337936	8.30445E-05	0.583467882	1.17063E-05	0.001899438	0.419049919	0.163807306	0.148968057	0.847457627	0.145241155	0.854758845	0.641017386	0.580297289	0.641017386	0.173843954	0.152542373	0.232646815	0.491877536	0.325122389	0.187238719	0.257662929	0.027642341	0.046226489	0.42903752	0.260123312	0.07511642	0.011117965	0.015412158	0.000745597	0.001929209	0.07357846	0.034143729	0.010469324	0.495781003	0.190731086	0.00634826	0.008716677	0.027916125	0.000230324	0.000102924	2.74704E-07	0.002112491	0.059317297	0.106910629	0.001089447	0.178045217	0.04585439	0.042218164	0.059256777	0.775572519	0.031654194	0.001974799	0.00187103	0.0990578	0.17953525	0.349729115	0.000112546	0.017368208	0.00188984	0.001318955	0.089202867	0.03808234	0.145782397	0.050851046
Design 1	0.052407932	0.641017386	0.142144638	0.042060196	0.151515152	0.42903752	0.152542373	0.85915493	0.761904762	0.333333333	0	0	0.027045745	0.042046766	0.041719195	4.80445E-05	0.503282222	1.03092E-05	0.001899438	0.419049919	0.162326788	0.1463318	0.847457627	0.123801897	0.876198103	0.641017386	0.580297289	0.641017386	0.173843954	0.152542373	0.232646815	0.491877536	0.319376037	0.183928265	0.257662929	0.027153579	0.046226489	0.42903752	0.260123312	0.07511642	0.009128853	0.018789496	0.000962017	0.002356314	0.07357846	0.046183925	0.011713142	0.495781003	0.187349702	0.007615796	0.010667105	0.035619359	0.000205139	8.72325E-05	2.32825E-07	0.001722753	0.060490804	0.111220837	0.001079534	0.167370001	0.045840547	0.042589051	0.06043036	0.786148597	0.031654194	0.002687598	0.00218682	0.106471233	0.205807321	0.35554222	0.00014959	0.021253947	0.001928598	0.001419447	0.095138196	0.039265207	0.168866915	0.052068436
Design 1	0.052407932	0.641017386	0.042394015	0.250718669	0.151515152	0.42903752	0.152542373	0.85915493	0.761904762	0.333333333	0	0	0.130948992	0.250642459	0.248689794	0.001298045	0.866622873	1.69192E-05	0.001899438	0.419049919	0.182188481	0.183655642	0.847457627	0.370065941	0.629934059	0.641017386	0.580297289	0.641017386	0.173843954	0.152542373	0.232646815	0.491877536	0.400732291	0.230797319	0.257662929	0.034073422	0.046226489	0.42903752	0.260123312	0.07511642	0.029019971	0.005280144	0.000206735	0.000924802	0.07357846	0.006846117	0.005935643	0.495781003	0.235222972	0.002539258	0.002985006	0.008173724	0.000408677	0.000257545	6.87391E-07	0.005987433	0.050790769	0.085384601	0.001126176	0.241296833	0.045863313	0.040898461	0.050729701	0.738981439	0.031654194	0.000407531	0.000844525	0.050127453	0.081293549	0.321860774	2.64129E-05	0.006013853	0.001673633	0.000909002	0.063918462	0.032638487	0.062879044	0.064049404
Design 1	0.052407932	0.641017386	0.017456359	0.844115443	0.151515152	0.42903752	0.152542373	0.85915493	0.761904762	0.333333333	0	0	0.426435922	0.843860695	0.83728648	0.010384583	0.9434247	1.61546E-05	0.001899438	0.419049919	0.229578889	0.289799652	0.847457627	0.723922942	0.276077058	0.641017386	0.580297289	0.641017386	0.173843954	0.152542373	0.232646815	0.491877536	0.632098591	0.364086636	0.257662929	0.053752532	0.046226489	0.42903752	0.260123312	0.07511642	0.058856648	0.001902806	8.66338E-05	0.000702287	0.07357846	0.001098593	0.003440039	0.495781003	0.371368144	0.001364263	0.001373608	0.003197747	0.000599096	0.000519755	1.38723E-06	0.015372095	0.046759433	0.069384659	0.001053767	0.318889217	0.049303093	0.043584239	0.046698106	0.72925633	0.031654194	9.42391E-05	0.000390369	0.016652376	0.032814353	0.29746996	7.01581E-06	0.00205954	0.001417098	0.00062004	0.045725535	0.02704937	0.022081882	0.034524183
Design 1	0.052407932	0.641017386	0.079800499	0.101399873	0.151515152	0.42903752	0.152542373	0.85915493	0.761904762	0.333333333	0	0	0.056594438	0.101368589	0.100578863	0.000242174	0.723069307	1.42053E-05	0.001899438	0.419049919	0.16820983	0.156946201	0.847457627	0.205740363	0.794259637	0.641017386	0.580297289	0.641017386	0.173843954	0.152542373	0.232646815	0.491877536	0.342512667	0.197257197	0.257662929	0.02912149	0.046226489	0.42903752	0.260123312	0.07511642	0.016232824	0.010346151	0.000451783	0.001379489	0.07357846	0.018743756	0.008418558	0.495781003	0.20096422	0.004438482	0.005798945	0.017321924	0.000288619	0.000144755	3.86352E-07	0.003138634	0.056376609	0.098604506	0.001108832	0.20043479	0.045802399	0.041511222	0.0563159	0.757386367	0.031654194	0.001080262	0.001381154	0.081004793	0.135152207	0.338723587	6.45682E-05	0.011649255	0.001809881	0.001143942	0.078606874	0.035915821	0.10783802	0.04931466
Design 1	0.250424929	0.114616871	0.137157107	0.070372591	0.127272727	0.143556281	0.491525424	0.85915493	0.761904762	0.333333333	0	0	0.109975214	0.070660822	0.070686764	0.000159639	0.177676479	3.49877E-06	0.018323719	0.458457131	0.378182424	0.135155041	0.508474576	0.442081519	0.557918481	0.114616871	0.103759837	0.114616871	0.173843954	0.491525424	0.073043801	0.428661252	0.014176242	0.002780499	0.003231479	0.093864971	0.221317371	0.147831921	0.055000267	0.019948322	0.004939171	0.082168621	0.003384897	0.017051497	0.243174364	0.091813456	0.005432608	0.154165393	0.070803598	0.018706416	0.022181895	0.073936258	0.000114184	6.90393E-05	1.84267E-07	0.008584504	0.085264432	0.065222404	0.000731567	0.218708623	0.076372228	0.053938336	0.085205582	0.504726935	0.090932947	0.001351956	0.000310556	0.125077875	0.144990683	0.427937863	6.73434E-05	0.019000143	0.000819472	0.000793271	0.060600044	0.024409231	0.154681304	0.075856869
Design 1	0.11529745	0.275595621	0.137157107	0.070372591	0.127272727	0.143556281	0.491525424	0.85915493	0.761904762	0.333333333	0	0	0.109975214	0.070660822	0.070686764	0.000159639	0.177676479	3.49877E-06	0.018323719	0.410984811	0.266542122	0.135155041	0.508474576	0.442081519	0.557918481	0.275595621	0.249489945	0.275595621	0.173843954	0.491525424	0.073043801	0.428661252	0.056705534	0.022686836	0.026405405	0.04692683	0.221317371	0.147831921	0.129830563	0.033203529	0.006028224	0.040347044	0.003384897	0.008524577	0.121149154	0.045235145	0.005432608	0.309914588	0.142191222	0.018706416	0.022181895	0.058667514	0.000114184	6.90393E-05	1.84267E-07	0.008584504	0.085264432	0.065222404	0.000731567	0.218708623	0.076372228	0.053938336	0.085205582	0.504726935	0.045459698	0.00066837	0.000310556	0.089225696	0.127391575	0.352868039	3.34115E-05	0.013639876	0.000819472	0.000737969	0.060600044	0.023127699	0.114027661	0.109792385
Design 1	0.070254958	0.436574372	0.137157107	0.070372591	0.127272727	0.143556281	0.491525424	0.85915493	0.761904762	0.333333333	0	0	0.109975214	0.070660822	0.070686764	0.000159639	0.177676479	3.49877E-06	0.018323719	0.385419227	0.217083632	0.135155041	0.508474576	0.442081519	0.557918481	0.436574372	0.395220052	0.436574372	0.173843954	0.491525424	0.073043801	0.428661252	0.127587689	0.076718323	0.089306064	0.031280783	0.221317371	0.147831921	0.204660858	0.042091392	0.006758455	0.026406519	0.003384897	0.00568227	0.080474084	0.029709041	0.005432608	0.465663782	0.213578847	0.018706416	0.022181895	0.051241153	0.000114184	6.90393E-05	1.84267E-07	0.008584504	0.085264432	0.065222404	0.000731567	0.218708623	0.076372228	0.053938336	0.085205582	0.504726935	0.030301948	0.000440508	0.000310556	0.07242586	0.11791381	0.314621166	2.21009E-05	0.011197541	0.000819472	0.000707268	0.060600044	0.022403986	0.094250998	0.153782569
Design 1	0.047733711	0.597553123	0.137157107	0.070372591	0.127272727	0.143556281	0.491525424	0.85915493	0.761904762	0.333333333	0	0	0.109975214	0.070660822	0.070686764	0.000159639	0.177676479	3.49877E-06	0.018323719	0.36820036	0.187600507	0.135155041	0.508474576	0.442081519	0.557918481	0.597553123	0.54095016	0.597553123	0.173843954	0.491525424	0.073043801	0.428661252	0.226822704	0.181937533	0.211796819	0.02345776	0.221317371	0.147831921	0.279491154	0.048966715	0.007323334	0.019436256	0.003384897	0.004261117	0.060136549	0.02194599	0.005432608	0.621412976	0.284966471	0.018706416	0.022181895	0.046548704	0.000114184	6.90393E-05	1.84267E-07	0.008584504	0.085264432	0.065222404	0.000731567	0.218708623	0.076372228	0.053938336	0.085205582	0.504726935	0.022723073	0.000326577	0.000310556	0.062054825	0.111530371	0.289742093	1.64456E-05	0.009715931	0.000819472	0.000686191	0.060600044	0.021901774	0.081753386	0.169757663
Design 1	0.034220963	0.758531874	0.137157107	0.070372591	0.127272727	0.143556281	0.491525424	0.85915493	0.761904762	0.333333333	0	0	0.109975214	0.070660822	0.070686764	0.000159639	0.177676479	3.49877E-06	0.018323719	0.355346783	0.167480238	0.135155041	0.508474576	0.442081519	0.557918481	0.758531874	0.686680268	0.758531874	0.173843954	0.491525424	0.073043801	0.428661252	0.354410582	0.355407041	0.413741037	0.018763946	0.221317371	0.147831921	0.354321449	0.054650772	0.007790338	0.015254098	0.003384897	0.003408425	0.047934028	0.017288158	0.005432608	0.777162171	0.356354095	0.018706416	0.022181895	0.043206522	0.000114184	6.90393E-05	1.84267E-07	0.008584504	0.085264432	0.065222404	0.000731567	0.218708623	0.076372228	0.053938336	0.085205582	0.504726935	0.018175748	0.000258219	0.000310556	0.05479329	0.106765247	0.271639644	1.30524E-05	0.008691769	0.000819472	0.000670235	0.060600044	0.021518547	0.072851242	0.182025605
Design 1	0.073654391	0.275595621	0.032418953	0.266232311	0.212121212	0.445350734	0.016949153	0.85915493	0.761904762	0.333333333	0	0	0.039714988	0.265375984	0.258118807	0.000507029	0.928403341	9.85139E-06	0.000166637	0.277463728	0.111622428	0.055316673	0.983050847	0.086288117	0.913711883	0.275595621	0.249489945	0.275595621	0.173843954	0.016949153	0.673659193	0.290837096	0.016088426	0.019430172	0.026405405	0.013306035	0.004471341	0.42903752	0.196497553	0.100694246	0.04409702	0.010062454	0.000109811	0.000790646	0.057527687	0.004847261	0.002489479	0.139622166	0.053350486	0.001615983	0.001879351	0.004705798	0.000539987	0.000348633	9.30506E-07	0.000801923	0.039976811	0.197943076	0.000701273	0.21791984	0.036474561	0.038808129	0.039915047	0.956326068	0.015043595	0.000949362	0.001043276	0.040976396	0.065490728	0.230836972	6.45029E-05	0.00294792	0.001513909	0.000537899	0.037182324	0.02440863	0.06485239	0.138838569
Design 1	0.073654391	0.275595621	0.032418953	0.266232311	0.212121212	0.445350734	0.06779661	0.85915493	0.761904762	0.333333333	0	0	0.079576755	0.265375984	0.258118807	0.001267621	0.928403341	9.85139E-06	0.000723654	0.277463728	0.116930752	0.06057764	0.93220339	0.211861927	0.788138073	0.275595621	0.249489945	0.275595621	0.173843954	0.06779661	0.3820292	0.290837096	0.017613357	0.021277823	0.026405405	0.014568296	0.018818576	0.42903752	0.196497553	0.100694246	0.04409702	0.010062454	0.000109811	0.000790646	0.057527687	0.004847261	0.002489479	0.139622166	0.058462574	0.001615983	0.001812266	0.004705798	0.000539987	0.000375696	1.00274E-06	0.002628202	0.038550117	0.115856022	0.000753976	0.21791984	0.036474561	0.036261409	0.038488262	0.868127913	0.015043595	0.00039768	0.000444536	0.040976396	0.054231064	0.230836972	2.73134E-05	0.00294792	0.00135097	0.000537899	0.037182324	0.02440863	0.050716978	0.188417116
Design 1	0.073654391	0.275595621	0.032418953	0.266232311	0.212121212	0.445350734	0.152542373	0.85915493	0.761904762	0.333333333	0	0	0.146013032	0.265375984	0.258118807	0.002535274	0.928403341	9.85139E-06	0.001899438	0.277463728	0.125290715	0.069345917	0.847457627	0.378925422	0.621074578	0.275595621	0.249489945	0.275595621	0.173843954	0.152542373	0.232646815	0.290837096	0.020154909	0.024357242	0.026405405	0.016672064	0.046226489	0.42903752	0.196497553	0.100694246	0.04409702	0.010062454	0.000109811	0.000790646	0.057527687	0.004847261	0.002489479	0.139622166	0.066982721	0.001615983	0.001703285	0.004705798	0.000539987	0.000426662	1.13877E-06	0.006767088	0.036232414	0.073153981	0.000852277	0.21791984	0.036474561	0.032306227	0.036170409	0.731151807	0.015043595	0.000216473	0.000247871	0.040976396	0.046425328	0.230836972	1.5098E-05	0.00294792	0.001250297	0.000537899	0.037182324	0.02440863	0.041273633	0.197617314
Design 1	0.073654391	0.275595621	0.032418953	0.266232311	0.212121212	0.445350734	0.322033898	0.85915493	0.761904762	0.333333333	0	0	0.278885586	0.265375984	0.258118807	0.005070581	0.928403341	9.85139E-06	0.006012775	0.277463728	0.1405573	0.086882471	0.677966102	0.612110066	0.387889934	0.275595621	0.249489945	0.275595621	0.173843954	0.322033898	0.123709243	0.290837096	0.025238013	0.030516079	0.026405405	0.020879602	0.117789961	0.42903752	0.196497553	0.100694246	0.04409702	0.010062454	0.000109811	0.000790646	0.057527687	0.004847261	0.002489479	0.139622166	0.084023015	0.001615983	0.001495956	0.004705798	0.000539987	0.000556137	1.48434E-06	0.019677694	0.031823142	0.042840891	0.001097134	0.21791984	0.036474561	0.025401333	0.031760853	0.492021122	0.015043595	0.000132065	0.000156263	0.040976396	0.0390518	0.230836972	9.40794E-06	0.00294792	0.001171326	0.000537899	0.037182324	0.02440863	0.032786379	0.059345897
Design 1	0.073654391	0.275595621	0.032418953	0.266232311	0.212121212	0.445350734	0.491525424	0.85915493	0.761904762	0.333333333	0	0	0.41175814	0.265375984	0.258118807	0.007605887	0.928403341	9.85139E-06	0.018323719	0.277463728	0.154349402	0.104419025	0.508474576	0.767111944	0.232888056	0.275595621	0.249489945	0.275595621	0.173843954	0.491525424	0.073043801	0.290837096	0.030321117	0.036674916	0.026405405	0.025087139	0.221317371	0.42903752	0.196497553	0.100694246	0.04409702	0.010062454	0.000109811	0.000790646	0.057527687	0.004847261	0.002489479	0.139622166	0.101063309	0.001615983	0.001302849	0.004705798	0.000539987	0.000736411	1.96549E-06	0.039887698	0.027716343	0.029872002	0.001428593	0.21791984	0.036474561	0.019697384	0.02765379	0.294481635	0.015043595	0.000111341	0.000133771	0.040976396	0.034832894	0.230836972	8.01092E-06	0.00294792	0.001135537	0.000537899	0.037182324	0.02440863	0.028225786	0.032211215
Design 1	0.073654391	0.275595621	0.032418953	0.266232311	0.212121212	0.445350734	0.661016949	0.85915493	0.761904762	0.333333333	0	0	0.544630693	0.265375984	0.258118807	0.010141194	0.928403341	9.85139E-06	0.503006387	0.277463728	0.167026259	0.121955579	0.338983051	0.87760577	0.12239423	0.275595621	0.249489945	0.275595621	0.173843954	0.661016949	0.041205913	0.290837096	0.035404221	0.042833753	0.026405405	0.029294676	0.37540281	0.42903752	0.196497553	0.100694246	0.04409702	0.010062454	0.000109811	0.000790646	0.057527687	0.004847261	0.002489479	0.139622166	0.118103603	0.001615983	0.001123994	0.004705798	0.000539987	0.000992798	2.64979E-06	0.069017726	0.023912631	0.022502529	0.001885384	0.21791984	0.036474561	0.015038124	0.023849833	0.133121881	0.015043595	0.000109024	0.000131257	0.040976396	0.031819793	0.230836972	7.85476E-06	0.00294792	0.00111463	0.000537899	0.037182324	0.02440863	0.025158415	0.01937634
Design 1	0.073654391	0.275595621	0.032418953	0.266232311	0.212121212	0.445350734	0.830508475	0.85915493	0.761904762	0.333333333	0	0	0.677503247	0.265375984	0.258118807	0.0126765	0.928403341	9.85139E-06	0.987689056	0.277463728	0.178821315	0.139492133	0.169491525	0.960355162	0.039644838	0.275595621	0.249489945	0.275595621	0.173843954	0.830508475	0.018168424	0.290837096	0.040487325	0.04899259	0.026405405	0.033502214	0.613457935	0.42903752	0.196497553	0.100694246	0.04409702	0.010062454	0.000109811	0.000790646	0.057527687	0.004847261	0.002489479	0.139622166	0.135143897	0.001615983	0.000959385	0.004705798	0.000539987	0.001366242	0.098553351	0.098409576	0.000115432	0.018698102	0.002527705	0.21791984	0.036474561	0.011279992	0.020348874	0.002970025	0.015043595	0.000117162	0.000140089	0.040976396	0.029431985	0.230836972	8.40333E-06	0.00294792	0.00110081	0.000537899	0.037182324	0.02440863	0.022871019	0.011823074
Design 1	0.018413598	0.758531874	0.316708229	0.014135642	0.409090909	0.4045677	0.016949153	0.85915493	0.761904762	0.333333333	0	0	0.039463921	0.010834957	0.009801196	9.12893E-07	0.188876743	1.77041E-06	0.000166637	0.244909499	0.073870286	0.057833649	0.983050847	0.00580324	0.99419676	0.758531874	0.686680268	0.758531874	0.173843954	0.016949153	0.673659193	0.297868941	0.10750238	0.304339831	0.413741037	0.005683743	0.004471341	0.342585005	0.508970726	0.121319119	0.005467166	0.036020674	0.003173636	0.003988486	0.023559394	0.058830676	0.007936871	0.402257656	0.144338432	0.017864808	0.028405296	0.065762869	0.000117749	3.50065E-05	9.34328E-08	2.54595E-05	0.066462484	0.267196952	0.000571724	0.119977688	0.044363627	0.047970131	0.066402424	0.978484555	0.00642936	0.010462033	0.005323623	0.057460843	0.271073062	0.213202757	0.000522551	0.019085264	0.001599266	0.000981706	0.07594105	0.02817742	0.23248386	0.071148041
Design 1	0.018413598	0.758531874	0.316708229	0.014135642	0.409090909	0.4045677	0.06779661	0.85915493	0.761904762	0.333333333	0	0	0.041288987	0.010834957	0.009801196	2.33091E-06	0.188876743	1.77041E-06	0.000723654	0.244909499	0.07403696	0.058085595	0.93220339	0.031637421	0.968362579	0.758531874	0.686680268	0.758531874	0.173843954	0.06779661	0.3820292	0.297868941	0.107969181	0.30566162	0.413741037	0.005708472	0.018818576	0.342585005	0.508970726	0.121319119	0.005467166	0.036020674	0.003173636	0.003988486	0.023559394	0.058830676	0.007936871	0.402257656	0.144967719	0.017864808	0.027588084	0.065762869	0.000117749	3.77383E-05	1.00724E-07	0.000296366	0.064550168	0.169859791	0.000599033	0.119977688	0.044363627	0.045950065	0.064489985	0.920942759	0.00642936	0.004359749	0.002220889	0.057460843	0.236365312	0.213202757	0.000217898	0.019085264	0.001410757	0.000981706	0.07594105	0.02817742	0.196287284	0.068966451
Design 1	0.018413598	0.758531874	0.316708229	0.014135642	0.409090909	0.4045677	0.152542373	0.85915493	0.761904762	0.333333333	0	0	0.044330765	0.010834957	0.009801196	4.69427E-06	0.188876743	1.77041E-06	0.001899438	0.244909499	0.07431395	0.058505505	0.847457627	0.074201527	0.925798473	0.758531874	0.686680268	0.758531874	0.173843954	0.152542373	0.232646815	0.297868941	0.108747183	0.307864601	0.413741037	0.005749688	0.046226489	0.342585005	0.508970726	0.121319119	0.005467166	0.036020674	0.003173636	0.003988486	0.023559394	0.058830676	0.007936871	0.402257656	0.14601653	0.017864808	0.026247033	0.065762869	0.000117749	4.27864E-05	1.14197E-07	0.000731974	0.061412044	0.121198327	0.000648278	0.119977688	0.044363627	0.042706579	0.061351659	0.828551743	0.00642936	0.002338231	0.00119304	0.057460843	0.212304242	0.213202757	0.000116974	0.019085264	0.001282983	0.000981706	0.07594105	0.02817742	0.172105692	0.066865192
Design 1	0.018413598	0.758531874	0.316708229	0.014135642	0.409090909	0.4045677	0.322033898	0.85915493	0.761904762	0.333333333	0	0	0.050414319	0.010834957	0.009801196	9.421E-06	0.188876743	1.77041E-06	0.006012775	0.244909499	0.074864973	0.059345325	0.677966102	0.157528436	0.842471564	0.758531874	0.686680268	0.758531874	0.173843954	0.322033898	0.123709243	0.297868941	0.110303187	0.312270565	0.413741037	0.005832119	0.117789961	0.342585005	0.508970726	0.121319119	0.005467166	0.036020674	0.003173636	0.003988486	0.023559394	0.058830676	0.007936871	0.402257656	0.148114153	0.017864808	0.023644953	0.065762869	0.000117749	5.51438E-05	1.4718E-07	0.001555175	0.05532305	0.087126701	0.000763092	0.119977688	0.044363627	0.036670273	0.055262273	0.656606943	0.00642936	0.001354977	0.0006931	0.057460843	0.189575451	0.213202757	6.78858E-05	0.019085264	0.001167255	0.000981706	0.07594105	0.02817742	0.150372362	0.066094523
Design 1	0.018413598	0.758531874	0.316708229	0.014135642	0.409090909	0.4045677	0.491525424	0.85915493	0.761904762	0.333333333	0	0	0.056497873	0.010834957	0.009801196	1.41477E-05	0.188876743	1.77041E-06	0.018323719	0.244909499	0.075412123	0.060185144	0.508474576	0.238537131	0.761462869	0.758531874	0.686680268	0.758531874	0.173843954	0.491525424	0.073043801	0.297868941	0.111859191	0.316676528	0.413741037	0.005914549	0.221317371	0.342585005	0.508970726	0.121319119	0.005467166	0.036020674	0.003173636	0.003988486	0.023559394	0.058830676	0.007936871	0.402257656	0.150211777	0.017864808	0.021152289	0.065762869	0.000117749	7.15094E-05	1.9086E-07	0.002338243	0.049490097	0.072026762	0.000905059	0.119977688	0.044363627	0.031213074	0.049428945	0.501158087	0.00642936	0.001057728	0.000541962	0.057460843	0.176570736	0.213202757	5.30458E-05	0.019085264	0.001105028	0.000981706	0.07594105	0.02817742	0.138694042	0.074555122
Design 1	0.018413598	0.758531874	0.316708229	0.014135642	0.409090909	0.4045677	0.661016949	0.85915493	0.761904762	0.333333333	0	0	0.062581428	0.010834957	0.009801196	1.88744E-05	0.188876743	1.77041E-06	0.503006387	0.244909499	0.075955481	0.061024964	0.338983051	0.317323027	0.682676973	0.758531874	0.686680268	0.758531874	0.173843954	0.661016949	0.041205913	0.297868941	0.113415194	0.321082491	0.413741037	0.00599698	0.37540281	0.342585005	0.508970726	0.121319119	0.005467166	0.036020674	0.003173636	0.003988486	0.023559394	0.058830676	0.007936871	0.402257656	0.1523094	0.017864808	0.01877257	0.065762869	0.000117749	9.36001E-05	2.4982E-07	0.003114186	0.043921437	0.062794854	0.001082813	0.119977688	0.044363627	0.026308612	0.043859927	0.361453975	0.00642936	0.000939256	0.000481725	0.057460843	0.167282895	0.213202757	4.71312E-05	0.019085264	0.001063338	0.000981706	0.07594105	0.02817742	0.13083942	0.064914172
Design 1	0.018413598	0.758531874	0.316708229	0.014135642	0.409090909	0.4045677	0.830508475	0.85915493	0.761904762	0.333333333	0	0	0.068664982	0.010834957	0.009801196	2.36012E-05	0.188876743	1.77041E-06	0.987689056	0.244909499	0.076495124	0.061864784	0.169491525	0.393976372	0.606023628	0.758531874	0.686680268	0.758531874	0.173843954	0.830508475	0.018168424	0.297868941	0.114971198	0.325488454	0.413741037	0.006079411	0.613457935	0.342585005	0.508970726	0.121319119	0.005467166	0.036020674	0.003173636	0.003988486	0.023559394	0.058830676	0.007936871	0.402257656	0.154407023	0.017864808	0.016509651	0.065762869	0.000117749	0.000124072	0.001460469	0.001301208	0.000596471	0.094476224	0.001308536	0.119977688	0.044363627	0.021930225	0.038564246	0.23673519	0.00642936	0.000900506	0.000462022	0.057460843	0.15992251	0.213202757	4.51966E-05	0.019085264	0.001032431	0.000981706	0.07594105	0.02817742	0.124982081	0.050796974
Design 1	0.018413598	0.758531874	0.316708229	0.014135642	0.409090909	0.4045677	1	0.85915493	0.761904762	0.333333333	0	0	0.074748537	0.010834957	0.009801196	2.83279E-05	0.188876743	1.77041E-06	1	0.244909499	0.077031128	0.062704603	0	0.468582596	0.531417404	0.758531874	0.686680268	0.758531874	0.173843954	1	0	0.297868941	0.116527202	0.329894417	0.413741037	0.006161842	1	0.342585005	0.508970726	0.121319119	0.005467166	0.036020674	0.003173636	0.003988486	0.023559394	0.058830676	0.007936871	0.402257656	0.156504646	0.017864808	0.014367759	0.065762869	0.000117749	0.000167161	0.002229449	0.002070311	0.000481002	0.076286467	0.001599796	0.119977688	0.044363627	0.018050944	0.033551793	0.126233488	0.00642936	0.000911483	0.000467603	0.057460843	0.153714053	0.213202757	4.57446E-05	0.019085264	0.001008124	0.000981706	0.07594105	0.02817742	0.120343471	0.038131544
Design 1	0.40509915	0.034127495	0.389027431	0.029222658	0.275757576	0.510603589	0	0.85915493	0.761904762	0.333333333	0	0	0.022696486	0.02762342	0.026274874	2.25892E-07	0.059450627	7.9026E-07	0	0.397068785	0.258920671	0.068586139	1	0	1	0.034127495	0.030894783	0.034127495	0.173843954	0	1	0.333028164	0.00141564	0.000228996	0.000334738	0.074993606	0	0.475266128	0.02776204	0.05086631	0.002209549	0.457120686	0.010287134	0.074743923	0.300796173	0.298816734	0.003090928	0.03637989	0.013048982	0.041382712	0.065101133	0.174337194	6.59443E-05	1.76085E-05	4.69973E-08	0	0.147210205	0.501432505	0.000253801	0.224844811	0.099410774	0.109125679	0.14715534	1	0.088366581	0.056719318	0.00272846	0.147321137	0.283321836	0.39426932	0.002549599	0.024277895	0.000795556	0.000539851	0.042732563	0.01731057	0.407349749	0.170178659
Design 1	0.40509915	0.034127495	0.389027431	0.029222658	0.275757576	0.510603589	0.118644068	0.85915493	0.761904762	0.333333333	0	0	0.032808706	0.02762342	0.026274874	2.0343E-06	0.059450627	7.9026E-07	0.001385057	0.397068785	0.262181852	0.070309555	0.881355932	0.078554086	0.921445914	0.034127495	0.030894783	0.034127495	0.173843954	0.118644068	0.275552038	0.333028164	0.001451119	0.00023632	0.000334738	0.076873144	0.034697236	0.475266128	0.02776204	0.05086631	0.002209549	0.457120686	0.010287134	0.074743923	0.300796173	0.298816734	0.003090928	0.03637989	0.01339061	0.041382712	0.06104454	0.174337194	6.59443E-05	2.14592E-05	5.72748E-08	0.001056213	0.138036758	0.181034074	0.000282625	0.224844811	0.099410774	0.099666727	0.137981303	0.879633282	0.088366581	0.007749359	0.000370321	0.147321137	0.207218374	0.39426932	0.000348484	0.024277895	0.000588695	0.000539851	0.042732563	0.01731057	0.284066367	0.162190784
Design 1	0.40509915	0.034127495	0.389027431	0.029222658	0.275757576	0.510603589	0.288135593	0.85915493	0.761904762	0.333333333	0	0	0.047254733	0.02762342	0.026274874	4.61775E-06	0.059450627	7.9026E-07	0.004891294	0.397068785	0.266772298	0.072771578	0.711864407	0.184336577	0.815663423	0.034127495	0.030894783	0.034127495	0.173843954	0.288135593	0.138249677	0.333028164	0.001501803	0.000246782	0.000334738	0.079558199	0.101351761	0.475266128	0.02776204	0.05086631	0.002209549	0.457120686	0.010287134	0.074743923	0.300796173	0.298816734	0.003090928	0.03637989	0.013878649	0.041382712	0.055421328	0.174337194	6.59443E-05	2.82591E-05	7.54239E-08	0.002394859	0.125320613	0.124599723	0.00033085	0.224844811	0.099410774	0.087042234	0.12526434	0.718984541	0.088366581	0.003935971	0.000186688	0.147321137	0.181661115	0.39426932	0.000177079	0.024277895	0.000523817	0.000539851	0.042732563	0.01731057	0.245720957	0.130902678
Design 1	0.40509915	0.034127495	0.389027431	0.029222658	0.275757576	0.510603589	0.525423729	0.85915493	0.761904762	0.333333333	0	0	0.067479172	0.02762342	0.026274874	8.23457E-06	0.059450627	7.9026E-07	0.0244548	0.397068785	0.273070711	0.07621841	0.474576271	0.320979252	0.679020748	0.034127495	0.030894783	0.034127495	0.173843954	0.525423729	0.065647018	0.333028164	0.001572762	0.00026143	0.000334738	0.083317275	0.24729909	0.475266128	0.02776204	0.05086631	0.002209549	0.457120686	0.010287134	0.074743923	0.300796173	0.298816734	0.003090928	0.03637989	0.014561905	0.041382712	0.047898799	0.174337194	6.59443E-05	4.13664E-05	1.10408E-07	0.003982085	0.108309413	0.097650545	0.000416384	0.224844811	0.099410774	0.071072464	0.108252046	0.515766592	0.088366581	0.002706417	0.000127479	0.147321137	0.164110171	0.39426932	0.000121812	0.024277895	0.000483214	0.000539851	0.042732563	0.01731057	0.221276862	0.10613729
Design 1	0.40509915	0.034127495	0.389027431	0.029222658	0.275757576	0.510603589	0.694915254	0.85915493	0.761904762	0.333333333	0	0	0.0819252	0.02762342	0.026274874	1.0818E-05	0.059450627	7.9026E-07	0.894324254	0.397068785	0.277482993	0.078680433	0.305084746	0.41126884	0.58873116	0.034127495	0.030894783	0.034127495	0.173843954	0.694915254	0.03606609	0.333028164	0.001623446	0.000271892	0.000334738	0.08600233	0.414832841	0.475266128	0.02776204	0.05086631	0.002209549	0.457120686	0.010287134	0.074743923	0.300796173	0.298816734	0.003090928	0.03637989	0.015049944	0.041382712	0.042784316	0.174337194	6.59443E-05	5.44907E-05	0.000785685	0.000626316	0.001427584	0.225401668	0.000494758	0.224844811	0.099410774	0.060841822	0.096685576	0.38557998	0.088366581	0.002406841	0.000113053	0.147321137	0.155742194	0.39426932	0.000108347	0.024277895	0.000465685	0.000539851	0.042732563	0.01731057	0.210456304	0.088328484
Design 1	0.40509915	0.034127495	0.389027431	0.029222658	0.275757576	0.510603589	0.86440678	0.85915493	0.761904762	0.333333333	0	0	0.096371227	0.02762342	0.026274874	1.34015E-05	0.059450627	7.9026E-07	0.991786553	0.397068785	0.281826927	0.081142456	0.13559322	0.496092001	0.503907999	0.034127495	0.030894783	0.034127495	0.173843954	0.86440678	0.014224803	0.333028164	0.00167413	0.000282355	0.000334738	0.088687384	0.675955128	0.475266128	0.02776204	0.05086631	0.002209549	0.457120686	0.010287134	0.074743923	0.300796173	0.298816734	0.003090928	0.03637989	0.015537984	0.041382712	0.037893617	0.174337194	6.59443E-05	7.23304E-05	0.0012432	0.001083904	0.001133003	0.178996277	0.000592799	0.224844811	0.099410774	0.051556082	0.0856252	0.267417415	0.088366581	0.002293104	0.000107576	0.147321137	0.149012039	0.39426932	0.000103235	0.024277895	0.000452705	0.000539851	0.042732563	0.01731057	0.20227001	0.081461476
Design 1	0.14164306	0.195106246	0.037905237	0.312773234	0.133333333	0.371941272	0	0.85915493	0.761904762	0.333333333	0	0	0.018752798	0.312910988	0.31235555	0.000172224	0.856290959	9.06945E-06	0	0.383146509	0.196204173	0.088317553	1	0.047757979	0.952242021	0.195106246	0.176624891	0.195106246	0.173843954	0	1	0.382251077	0.018693831	0.007750624	0.011094061	0.036667724	0	0.376520132	0.105412256	0.059837794	0.027970452	0.016023231	0.000223285	0.002236699	0.129808354	0.010113857	0.003092205	0.14505197	0.054024744	0.002682868	0.003548125	0.008577178	0.000394986	0.000194432	5.18942E-07	0.000421403	0.062070983	0.299110927	0.00064654	0.259316191	0.049827329	0.054241862	0.06201064	0.98785909	0.0436328	0.003511549	0.002754129	0.053231992	0.09564024	0.322619115	0.000222631	0.004812632	0.001534214	0.000607494	0.042743786	0.025059712	0.10910118	0.068124177
Design 1	0.14164306	0.195106246	0.037905237	0.312773234	0.133333333	0.371941272	0.033898305	0.85915493	0.761904762	0.333333333	0	0	0.050062825	0.312910988	0.31235555	0.000516738	0.856290959	9.06945E-06	0.000342277	0.383146509	0.203860558	0.095252398	0.966101695	0.153436078	0.846563922	0.195106246	0.176624891	0.195106246	0.173843954	0.033898305	0.528480382	0.382251077	0.02015859	0.008362877	0.011094061	0.039541689	0.009094275	0.376520132	0.105412256	0.059837794	0.027970452	0.016023231	0.000223285	0.002236699	0.129808354	0.010113857	0.003092205	0.14505197	0.058303583	0.002682868	0.003467286	0.008577178	0.000394986	0.000204094	5.4473E-07	0.001672466	0.060656917	0.168021795	0.000677331	0.259316191	0.049827329	0.051943853	0.060596483	0.929565809	0.0436328	0.001212337	0.000956289	0.053231992	0.078342489	0.322619115	7.71514E-05	0.004812632	0.001332309	0.000607494	0.042743786	0.025059712	0.085496083	0.064532066
Design 1	0.14164306	0.195106246	0.037905237	0.312773234	0.133333333	0.371941272	0.13559322	0.85915493	0.761904762	0.333333333	0	0	0.143992905	0.312910988	0.31235555	0.001550278	0.856290959	9.06945E-06	0.001633956	0.383146509	0.225294105	0.116056934	0.86440678	0.394817247	0.605182753	0.195106246	0.176624891	0.195106246	0.173843954	0.13559322	0.252354991	0.382251077	0.024552868	0.010199635	0.011094061	0.048163583	0.040362493	0.376520132	0.105412256	0.059837794	0.027970452	0.016023231	0.000223285	0.002236699	0.129808354	0.010113857	0.003092205	0.14505197	0.071140099	0.002682868	0.003230249	0.008577178	0.000394986	0.000236725	6.31821E-07	0.006195202	0.056510549	0.089777579	0.00078034	0.259316191	0.049827329	0.045494766	0.056449849	0.765972741	0.0436328	0.000451917	0.000361687	0.053231992	0.063105359	0.322619115	2.90368E-05	0.004812632	0.001175373	0.000607494	0.042743786	0.025059712	0.065565082	0.088291752
Design 1	0.14164306	0.195106246	0.037905237	0.312773234	0.133333333	0.371941272	0.237288136	0.85915493	0.761904762	0.333333333	0	0	0.237922986	0.312910988	0.31235555	0.002583819	0.856290959	9.06945E-06	0.003545165	0.383146509	0.244881095	0.13686147	0.762711864	0.56291389	0.43708611	0.195106246	0.176624891	0.195106246	0.173843954	0.237288136	0.164978545	0.382251077	0.028947145	0.012036393	0.011094061	0.056785476	0.078824681	0.376520132	0.105412256	0.059837794	0.027970452	0.016023231	0.000223285	0.002236699	0.129808354	0.010113857	0.003092205	0.14505197	0.083976614	0.002682868	0.003001487	0.008577178	0.000394986	0.000275824	7.36177E-07	0.012011768	0.052508926	0.064608566	0.000901954	0.259316191	0.049827329	0.039677402	0.052447968	0.618404502	0.0436328	0.000306112	0.000247677	0.053231992	0.056542581	0.322619115	1.98112E-05	0.004812632	0.001119825	0.000607494	0.042743786	0.025059712	0.057385506	0.050988969
Design 1	0.14164306	0.195106246	0.037905237	0.312773234	0.133333333	0.371941272	0.406779661	0.85915493	0.761904762	0.333333333	0	0	0.39447312	0.312910988	0.31235555	0.004306386	0.856290959	9.06945E-06	0.01012214	0.383146509	0.274470098	0.171535696	0.593220339	0.75256364	0.24743636	0.195106246	0.176624891	0.195106246	0.173843954	0.406779661	0.094868808	0.382251077	0.03627094	0.015097656	0.011094061	0.071155299	0.16463329	0.376520132	0.105412256	0.059837794	0.027970452	0.016023231	0.000223285	0.002236699	0.129808354	0.010113857	0.003092205	0.14505197	0.105370807	0.002682868	0.002638797	0.008577178	0.000394986	0.000359892	9.60557E-07	0.025127179	0.046164573	0.044534948	0.00115771	0.259316191	0.049827329	0.031265936	0.046103207	0.405032029	0.0436328	0.000229376	0.000187674	0.053231992	0.050170063	0.322619115	1.49558E-05	0.004812632	0.001075891	0.000607494	0.042743786	0.025059712	0.049824735	0.035065902
Design 1	0.14164306	0.195106246	0.037905237	0.312773234	0.133333333	0.371941272	0.593220339	0.85915493	0.761904762	0.333333333	0	0	0.566678267	0.312910988	0.31235555	0.006201211	0.856290959	9.06945E-06	0.0546981	0.383146509	0.303738672	0.209677345	0.406779661	0.888796604	0.111203396	0.195106246	0.176624891	0.195106246	0.173843954	0.593220339	0.052541909	0.382251077	0.044327116	0.018465045	0.011094061	0.086962104	0.306021615	0.376520132	0.105412256	0.059837794	0.027970452	0.016023231	0.000223285	0.002236699	0.129808354	0.010113857	0.003092205	0.14505197	0.12890442	0.002682868	0.002266984	0.008577178	0.000394986	0.000491277	1.31123E-06	0.045634051	0.039660642	0.032851006	0.001544766	0.259316191	0.049827329	0.023667136	0.039598858	0.212274332	0.0436328	0.000209074	0.0001718	0.053231992	0.045640449	0.322619115	1.36713E-05	0.004812632	0.001051353	0.000607494	0.042743786	0.025059712	0.044780094	0.024049215
Design 1	0.14164306	0.195106246	0.037905237	0.312773234	0.133333333	0.371941272	0.796610169	0.85915493	0.761904762	0.333333333	0	0	0.754538428	0.312910988	0.31235555	0.008268292	0.856290959	9.06945E-06	0.981557974	0.383146509	0.332770627	0.251286417	0.203389831	0.990282953	0.009717047	0.195106246	0.176624891	0.195106246	0.173843954	0.796610169	0.022301272	0.382251077	0.05311567	0.022138561	0.011094061	0.104205891	0.556694677	0.376520132	0.105412256	0.059837794	0.027970452	0.016023231	0.000223285	0.002236699	0.129808354	0.010113857	0.003092205	0.14505197	0.154577451	0.002682868	0.001894225	0.008577178	0.000394986	0.000708061	0.06319689	0.063047475	0.000173347	0.027821442	0.002158057	0.259316191	0.049827329	0.017081477	0.033077962	0.045216866	0.0436328	0.00021769	0.000178537	0.053231992	0.04199852	0.322619115	1.42164E-05	0.004812632	0.001035657	0.000607494	0.042743786	0.025059712	0.040995326	0.014237901
Design 1	0.065155807	0.356084997	0.194513716	0.08576988	0.166666667	0.469820555	0	0.85915493	0.761904762	0.333333333	0	0	0.011676562	0.085549436	0.084453844	1.9216E-06	0.140517705	1.21614E-06	0	0.307125315	0.115252829	0.066708024	1	0.00999684	0.99000316	0.356084997	0.322354999	0.356084997	0.173843954	0	1	0.333028164	0.034428939	0.035471529	0.051648433	0.014580023	0	0.465559641	0.218130311	0.099606802	0.007991166	0.045250263	0.004319273	0.007374501	0.05945839	0.017992716	0.001863557	0.190396714	0.06887686	0.022264385	0.035734338	0.041895695	0.000101558	2.86437E-05	7.64503E-08	0.000163081	0.156832039	0.443338003	0.000241193	0.28837874	0.103810707	0.113851727	0.156777793	0.998759961	0.017662475	0.003226713	0.001371142	0.047565224	0.124395432	0.231728047	0.000156938	0.004715434	0.00069236	0.000314648	0.030710443	0.012592595	0.124657977	0.165813014
Design 1	0.065155807	0.356084997	0.194513716	0.08576988	0.166666667	0.469820555	0.020338983	0.85915493	0.761904762	0.333333333	0	0	0.016872497	0.085549436	0.084453844	4.26646E-06	0.140517705	1.21614E-06	0.000201022	0.307125315	0.116032814	0.067593562	0.979661017	0.03522737	0.96477263	0.356084997	0.322354999	0.356084997	0.173843954	0.020338983	0.636893489	0.333028164	0.034884692	0.035941918	0.051648433	0.014773174	0.005383617	0.465559641	0.218130311	0.099606802	0.007991166	0.045250263	0.004319273	0.007374501	0.05945839	0.017992716	0.001863557	0.190396714	0.069796343	0.022264385	0.035331376	0.041895695	0.000101558	2.95401E-05	7.88428E-08	0.000545414	0.155063444	0.299606465	0.000246004	0.28837874	0.103810707	0.112000698	0.155009084	0.976202853	0.017662475	0.001482733	0.000631616	0.047565224	0.108927628	0.231728047	7.22341E-05	0.004715434	0.000617645	0.000314648	0.030710443	0.012592595	0.105538763	0.164510356
Design 1	0.065155807	0.356084997	0.194513716	0.08576988	0.166666667	0.469820555	0.103389831	0.85915493	0.761904762	0.333333333	0	0	0.038089231	0.085549436	0.084453844	1.38413E-05	0.140517705	1.21614E-06	0.001173978	0.307125315	0.119166074	0.07120951	0.896610169	0.131756562	0.868243438	0.356084997	0.322354999	0.356084997	0.173843954	0.103389831	0.300392639	0.333028164	0.036745683	0.037862673	0.051648433	0.015561877	0.029762048	0.465559641	0.218130311	0.099606802	0.007991166	0.045250263	0.004319273	0.007374501	0.05945839	0.017992716	0.001863557	0.190396714	0.073550899	0.022264385	0.033704378	0.041895695	0.000101558	3.34923E-05	8.93914E-08	0.00205489	0.14792257	0.168631226	0.000266821	0.28837874	0.103810707	0.104639608	0.147867751	0.886498758	0.017662475	0.000481576	0.000207081	0.047565224	0.088446254	0.231728047	2.36085E-05	0.004715434	0.000522207	0.000314648	0.030710443	0.012592595	0.081089805	0.387411117
Design 1	0.065155807	0.356084997	0.194513716	0.08576988	0.166666667	0.469820555	0.186440678	0.85915493	0.761904762	0.333333333	0	0	0.059305965	0.085549436	0.084453844	2.34161E-05	0.140517705	1.21614E-06	0.002487251	0.307125315	0.122220947	0.074825458	0.813559322	0.218979639	0.781020361	0.356084997	0.322354999	0.356084997	0.173843954	0.186440678	0.200699988	0.333028164	0.038606674	0.039783428	0.051648433	0.016350579	0.058583414	0.465559641	0.218130311	0.099606802	0.007991166	0.045250263	0.004319273	0.007374501	0.05945839	0.017992716	0.001863557	0.190396714	0.077305454	0.022264385	0.032107297	0.041895695	0.000101558	3.79708E-05	1.01344E-07	0.003487752	0.140913	0.131187694	0.000289696	0.28837874	0.103810707	0.097591253	0.14085773	0.80060573	0.017662475	0.000299939	0.000130059	0.047565224	0.080042232	0.231728047	1.47865E-05	0.004715434	0.000485701	0.000314648	0.030710443	0.012592595	0.071489841	0.496649194
Design 1	0.065155807	0.356084997	0.194513716	0.08576988	0.166666667	0.469820555	0.355932203	0.85915493	0.761904762	0.333333333	0	0	0.102605422	0.085549436	0.084453844	4.29566E-05	0.140517705	1.21614E-06	0.007383069	0.307125315	0.128234886	0.082204943	0.644067797	0.373230936	0.626769064	0.356084997	0.322354999	0.356084997	0.173843954	0.355932203	0.111080978	0.333028164	0.042404614	0.043703336	0.051648433	0.017960176	0.13548366	0.465559641	0.218130311	0.099606802	0.007991166	0.045250263	0.004319273	0.007374501	0.05945839	0.017992716	0.001863557	0.190396714	0.084967813	0.022264385	0.028942577	0.041895695	0.000101558	4.91345E-05	1.31141E-07	0.006213067	0.127023076	0.099017485	0.000343918	0.28837874	0.103810707	0.084153556	0.126966913	0.636850563	0.017662475	0.000184122	8.09472E-05	0.047565224	0.070718088	0.231728047	9.16132E-06	0.004715434	0.000448807	0.000314648	0.030710443	0.012592595	0.061326051	0.462410964
Design 1	0.065155807	0.356084997	0.194513716	0.08576988	0.166666667	0.469820555	0.525423729	0.85915493	0.761904762	0.333333333	0	0	0.145904879	0.085549436	0.084453844	6.24971E-05	0.140517705	1.21614E-06	0.0244548	0.307125315	0.133985019	0.089584429	0.474576271	0.502122818	0.497877182	0.356084997	0.322354999	0.356084997	0.173843954	0.525423729	0.065647018	0.333028164	0.046202555	0.047623245	0.051648433	0.019569773	0.24729909	0.465559641	0.218130311	0.099606802	0.007991166	0.045250263	0.004319273	0.007374501	0.05945839	0.017992716	0.001863557	0.190396714	0.092630171	0.022264385	0.02590812	0.041895695	0.000101558	6.39047E-05	1.70563E-07	0.008744396	0.113704881	0.083622759	0.000410723	0.28837874	0.103810707	0.071946158	0.11364786	0.488088134	0.017662475	0.000145068	6.43865E-05	0.047565224	0.065034764	0.231728047	7.26448E-06	0.004715434	0.000429059	0.000314648	0.030710443	0.012592595	0.055501468	0.391962112
Design 1	0.065155807	0.356084997	0.194513716	0.08576988	0.166666667	0.469820555	0.694915254	0.85915493	0.761904762	0.333333333	0	0	0.189204337	0.085549436	0.084453844	8.20376E-05	0.140517705	1.21614E-06	0.894324254	0.307125315	0.139503287	0.096963915	0.305084746	0.61143402	0.38856598	0.356084997	0.322354999	0.356084997	0.173843954	0.694915254	0.03606609	0.333028164	0.050000495	0.051543153	0.051648433	0.02117937	0.414832841	0.465559641	0.218130311	0.099606802	0.007991166	0.045250263	0.004319273	0.007374501	0.05945839	0.017992716	0.001863557	0.190396714	0.10029253	0.022264385	0.023008166	0.041895695	0.000101558	8.3824E-05	0.002733273	0.002574215	0.000959578	0.151676564	0.000494063	0.28837874	0.103810707	0.060919633	0.100919174	0.353716112	0.017662475	0.000128993	5.75701E-05	0.047565224	0.060867984	0.231728047	6.48375E-06	0.004715434	0.000416279	0.000314648	0.030710443	0.012592595	0.05147986	0.331263994
Design 1	0.065155807	0.356084997	0.194513716	0.08576988	0.166666667	0.469820555	0.830508475	0.85915493	0.761904762	0.333333333	0	0	0.223843903	0.085549436	0.084453844	9.767E-05	0.140517705	1.21614E-06	0.987689056	0.307125315	0.143768574	0.102867503	0.169491525	0.687611534	0.312388466	0.356084997	0.322354999	0.356084997	0.173843954	0.830508475	0.018168424	0.333028164	0.053038848	0.05467908	0.051648433	0.022467047	0.613457935	0.465559641	0.218130311	0.099606802	0.007991166	0.045250263	0.004319273	0.007374501	0.05945839	0.017992716	0.001863557	0.190396714	0.106422417	0.022264385	0.020788159	0.041895695	0.000101558	0.00010503	0.0040375	0.00387865	0.000787885	0.124629705	0.000576305	0.28837874	0.103810707	0.052914875	0.091174964	0.256168117	0.017662475	0.000124229	5.55501E-05	0.047565224	0.058139913	0.231728047	6.25238E-06	0.004715434	0.000408789	0.000314648	0.030710443	0.012592595	0.048988571	0.284999826
Design 1	0.071104816	0.436574372	0.148129676	0.076073854	0.203030303	0.34502447	0.003389831	0.85915493	0.761904762	0.333333333	0	0	0.016570444	0.075391059	0.073530447	5.09637E-06	0.243058943	3.73396E-06	3.26404E-05	0.389265422	0.167976512	0.111475971	0.996610169	0.012021032	0.987978968	0.436574372	0.395220052	0.436574372	0.173843954	0.003389831	0.903045171	0.432880359	0.106258596	0.062106437	0.089306064	0.026049628	0.000882413	0.332794372	0.202562812	0.064304171	0.007920633	0.028521633	0.002418147	0.005058872	0.082016232	0.029096375	0.004927995	0.348808996	0.126258448	0.014711489	0.023496318	0.042348069	0.00013392	4.01676E-05	1.07208E-07	0.000208013	0.11300377	0.340351428	0.000468494	0.232537527	0.075147171	0.082093048	0.112946704	0.99310831	0.031168054	0.007174911	0.004413543	0.074280977	0.188476374	0.312640688	0.000367263	0.010485313	0.001278866	0.000688459	0.057119978	0.022613257	0.177108439	0.084481309
Design 1	0.071104816	0.436574372	0.148129676	0.076073854	0.203030303	0.34502447	0.118644068	0.85915493	0.761904762	0.333333333	0	0	0.042573293	0.075391059	0.073530447	3.41597E-05	0.243058943	3.73396E-06	0.001385057	0.389265422	0.173480822	0.118782223	0.881355932	0.135911247	0.864088753	0.436574372	0.395220052	0.436574372	0.173843954	0.118644068	0.275552038	0.432880359	0.113211148	0.066174224	0.089306064	0.027754805	0.034697236	0.332794372	0.202562812	0.064304171	0.007920633	0.028521633	0.002418147	0.005058872	0.082016232	0.029096375	0.004927995	0.348808996	0.134557798	0.014711489	0.021957355	0.042348069	0.00013392	4.75089E-05	1.26802E-07	0.002228712	0.1056019	0.132943476	0.000524251	0.232537527	0.075147171	0.074118622	0.105544358	0.858904152	0.031168054	0.001179273	0.000730231	0.074280977	0.139236857	0.312640688	6.05792E-05	0.010485313	0.000989182	0.000688459	0.057119978	0.022613257	0.12145699	0.09474885
Design 1	0.071104816	0.436574372	0.148129676	0.076073854	0.203030303	0.34502447	0.305084746	0.85915493	0.761904762	0.333333333	0	0	0.084636727	0.075391059	0.073530447	8.11739E-05	0.243058943	3.73396E-06	0.005425368	0.389265422	0.182038477	0.13060116	0.694915254	0.307016135	0.692983865	0.436574372	0.395220052	0.436574372	0.173843954	0.305084746	0.130709362	0.432880359	0.124457923	0.072754467	0.089306064	0.03051318	0.10942065	0.332794372	0.202562812	0.064304171	0.007920633	0.028521633	0.002418147	0.005058872	0.082016232	0.029096375	0.004927995	0.348808996	0.147983218	0.014711489	0.019557321	0.042348069	0.00013392	6.26018E-05	1.67085E-07	0.005333165	0.094058587	0.087340629	0.000632801	0.232537527	0.075147171	0.062329164	0.094000303	0.660495598	0.031168054	0.000582791	0.000363793	0.074280977	0.119716226	0.312640688	3.00684E-05	0.010485313	0.000886644	0.000688459	0.057119978	0.022613257	0.101001635	0.175397366
Design 1	0.071104816	0.436574372	0.148129676	0.076073854	0.203030303	0.34502447	0.508474576	0.85915493	0.761904762	0.333333333	0	0	0.130524109	0.075391059	0.073530447	0.000132462	0.243058943	3.73396E-06	0.021051088	0.389265422	0.190943885	0.143494545	0.491525424	0.461572037	0.538427963	0.436574372	0.395220052	0.436574372	0.173843954	0.508474576	0.069265651	0.432880359	0.136727131	0.079932913	0.089306064	0.033522315	0.234049006	0.332794372	0.202562812	0.064304171	0.007920633	0.028521633	0.002418147	0.005058872	0.082016232	0.029096375	0.004927995	0.348808996	0.16262913	0.014711489	0.017069025	0.042348069	0.00013392	8.54466E-05	2.28058E-07	0.008634679	0.082090763	0.068827591	0.000785067	0.232537527	0.075147171	0.05095672	0.082031709	0.469105106	0.031168054	0.000433033	0.000271793	0.074280977	0.109011719	0.312640688	2.24081E-05	0.010485313	0.000837851	0.000688459	0.057119978	0.022613257	0.09057672	0.161965804
Design 1	0.071104816	0.436574372	0.148129676	0.076073854	0.203030303	0.34502447	0.677966102	0.85915493	0.761904762	0.333333333	0	0	0.168763594	0.075391059	0.073530447	0.000175202	0.243058943	3.73396E-06	0.801231059	0.389265422	0.198063952	0.154239033	0.322033898	0.570654028	0.429345972	0.436574372	0.395220052	0.436574372	0.173843954	0.677966102	0.038596545	0.432880359	0.146951472	0.085914952	0.089306064	0.036029928	0.394687363	0.332794372	0.202562812	0.064304171	0.007920633	0.028521633	0.002418147	0.005058872	0.082016232	0.029096375	0.004927995	0.348808996	0.174834056	0.014711489	0.015102658	0.042348069	0.00013392	0.000112037	0.003687603	0.003528698	0.000674665	0.106794166	0.000948749	0.232537527	0.075147171	0.042598741	0.072573571	0.328446013	0.031168054	0.000390133	0.000245438	0.074280977	0.102851349	0.312640688	2.02137E-05	0.010485313	0.000813242	0.000688459	0.057119978	0.022613257	0.084966226	0.111736933
Design 1	0.071104816	0.436574372	0.148129676	0.076073854	0.203030303	0.34502447	0.830508475	0.85915493	0.761904762	0.333333333	0	0	0.20317913	0.075391059	0.073530447	0.000213669	0.243058943	3.73396E-06	0.987689056	0.389265422	0.204262971	0.163909072	0.169491525	0.656614533	0.343385467	0.436574372	0.395220052	0.436574372	0.173843954	0.830508475	0.018168424	0.432880359	0.156153379	0.091298787	0.089306064	0.03828678	0.613457935	0.332794372	0.202562812	0.064304171	0.007920633	0.028521633	0.002418147	0.005058872	0.082016232	0.029096375	0.004927995	0.348808996	0.18581849	0.014711489	0.013419173	0.042348069	0.00013392	0.000144691	0.005767927	0.005609354	0.000537594	0.085201352	0.001134997	0.232537527	0.075147171	0.035896775	0.064476082	0.215656483	0.031168054	0.000379151	0.000238691	0.074280977	0.098384809	0.312640688	1.96519E-05	0.010485313	0.00079727	0.000688459	0.057119978	0.022613257	0.081127933	0.069773503
Design 1	0.049858357	0.678042498	0.224937656	0.081681648	0.251515152	0.437194127	0.016949153	0.85915493	0.761904762	0.333333333	0	0	0.02630641	0.080376806	0.077159233	2.53305E-06	0.088944851	2.02874E-06	0.000166637	0.422889312	0.161121687	0.150982686	0.983050847	0.028641786	0.971358214	0.678042498	0.613815214	0.678042498	0.173843954	0.016949153	0.673659193	0.500386068	0.372068088	0.214899793	0.301595785	0.027026659	0.004471341	0.410876634	0.270365508	0.073107768	0.005483313	0.028393444	0.00687436	0.008052951	0.07214793	0.024233382	0.00411996	0.54344343	0.198418984	0.031029324	0.04897998	0.065537981	8.08513E-05	2.26707E-05	6.05084E-08	0.000484123	0.174837442	0.321790692	0.000333965	0.296463845	0.117681142	0.127452596	0.174784355	0.981506676	0.031563473	0.002931689	0.002068215	0.057618988	0.166513005	0.304922788	0.000136792	0.008672549	0.000848811	0.000527474	0.051172627	0.017271535	0.14369894	0.163039059
Design 1	0.049858357	0.678042498	0.224937656	0.081681648	0.251515152	0.437194127	0.152542373	0.85915493	0.761904762	0.333333333	0	0	0.058884751	0.080376806	0.077159233	1.27951E-05	0.088944851	2.02874E-06	0.001899438	0.422889312	0.167560784	0.163078785	0.847457627	0.17450057	0.82549943	0.678042498	0.613815214	0.678042498	0.173843954	0.152542373	0.232646815	0.500386068	0.401839455	0.232100249	0.301595785	0.029190126	0.046226489	0.410876634	0.270365508	0.073107768	0.005483313	0.028393444	0.00687436	0.008052951	0.07214793	0.024233382	0.00411996	0.54344343	0.214342383	0.031029324	0.045411152	0.065537981	8.08513E-05	2.80782E-05	7.49412E-08	0.002898842	0.162097808	0.147111113	0.000377357	0.296463845	0.117681142	0.114508658	0.162043901	0.842347127	0.031563473	0.000640763	0.000457599	0.057618988	0.127937515	0.304922788	3.00452E-05	0.008672549	0.000679791	0.000527474	0.051172627	0.017271535	0.102811341	0.296148068
Design 1	0.049858357	0.678042498	0.224937656	0.081681648	0.251515152	0.437194127	0.322033898	0.85915493	0.761904762	0.333333333	0	0	0.099607678	0.080376806	0.077159233	2.56226E-05	0.088944851	2.02874E-06	0.006012775	0.422889312	0.175282879	0.178198909	0.677966102	0.329007319	0.670992681	0.678042498	0.613815214	0.678042498	0.173843954	0.322033898	0.123709243	0.500386068	0.439053664	0.253600819	0.301595785	0.031894459	0.117789961	0.410876634	0.270365508	0.073107768	0.005483313	0.028393444	0.00687436	0.008052951	0.07214793	0.024233382	0.00411996	0.54344343	0.234246632	0.031029324	0.041096387	0.065537981	8.08513E-05	3.65893E-05	9.76572E-08	0.00559501	0.146695404	0.106991026	0.000441753	0.296463845	0.117681142	0.099509123	0.146640505	0.681087978	0.031563473	0.000362192	0.000261752	0.057618988	0.113018476	0.304922788	1.70651E-05	0.008672549	0.000621839	0.000527474	0.051172627	0.017271535	0.088093709	0.368054837
Design 1	0.049858357	0.678042498	0.224937656	0.081681648	0.251515152	0.437194127	0.491525424	0.85915493	0.761904762	0.333333333	0	0	0.140330605	0.080376806	0.077159233	3.84501E-05	0.088944851	2.02874E-06	0.018323719	0.422889312	0.182684078	0.193319032	0.508474576	0.459368647	0.540631353	0.678042498	0.613815214	0.678042498	0.173843954	0.491525424	0.073043801	0.500386068	0.476267872	0.275101389	0.301595785	0.034598793	0.221317371	0.410876634	0.270365508	0.073107768	0.005483313	0.028393444	0.00687436	0.008052951	0.07214793	0.024233382	0.00411996	0.54344343	0.25415088	0.031029324	0.036948649	0.065537981	8.08513E-05	4.77387E-05	1.27415E-07	0.007997327	0.131889236	0.089713931	0.000520411	0.296463845	0.117681142	0.085782202	0.131833385	0.533510624	0.031563473	0.000276631	0.000201599	0.057618988	0.104482261	0.304922788	1.30783E-05	0.008672549	0.000592597	0.000527474	0.051172627	0.017271535	0.080185248	0.305557464
Design 1	0.049858357	0.678042498	0.224937656	0.081681648	0.251515152	0.437194127	0.661016949	0.85915493	0.761904762	0.333333333	0	0	0.181053533	0.080376806	0.077159233	5.12776E-05	0.088944851	2.02874E-06	0.503006387	0.422889312	0.189801344	0.208439155	0.338983051	0.570834314	0.429165686	0.678042498	0.613815214	0.678042498	0.173843954	0.661016949	0.041205913	0.500386068	0.513482081	0.296601959	0.301595785	0.037303126	0.37540281	0.410876634	0.270365508	0.073107768	0.005483313	0.028393444	0.00687436	0.008052951	0.07214793	0.024233382	0.00411996	0.54344343	0.274055129	0.031029324	0.032973215	0.065537981	8.08513E-05	6.26109E-05	1.67109E-07	0.010184415	0.117698139	0.079561169	0.000617629	0.296463845	0.117681142	0.073285281	0.117641375	0.399156938	0.031563473	0.000240972	0.000176529	0.057618988	0.09838578	0.304922788	1.14168E-05	0.008672549	0.000574086	0.000527474	0.051172627	0.017271535	0.074866162	0.260186353
Design 1	0.049858357	0.678042498	0.224937656	0.081681648	0.251515152	0.437194127	0.830508475	0.85915493	0.761904762	0.333333333	0	0	0.22177646	0.080376806	0.077159233	6.41051E-05	0.088944851	2.02874E-06	0.987689056	0.422889312	0.196665046	0.223559279	0.169491525	0.667235033	0.332764967	0.678042498	0.613815214	0.678042498	0.173843954	0.830508475	0.018168424	0.500386068	0.550696289	0.318102529	0.301595785	0.040007459	0.613457935	0.410876634	0.270365508	0.073107768	0.005483313	0.028393444	0.00687436	0.008052951	0.07214793	0.024233382	0.00411996	0.54344343	0.293959378	0.031029324	0.029175903	0.065537981	8.08513E-05	8.28613E-05	0.002961536	0.002802515	0.000945756	0.149499277	0.000739396	0.296463845	0.117681142	0.061974722	0.104085251	0.277557752	0.031563473	0.000227112	0.000166785	0.057618988	0.093554469	0.304922788	1.0771E-05	0.008672549	0.000561054	0.000527474	0.051172627	0.017271535	0.07089962	0.221579393
Design 1	0.02266289	0.459367354	0.149206484	0.081681648	0.161035121	0.685284666	0.089545424	0.85915493	0.761904762	0.333333333	0	0	0.03257806	0.081534489	0.080641644	2.62721E-05	0.426892559	1.09196E-06	0.000992156	0.177720384	0.045207169	0.027627415	0.910454576	0.112789225	0.887210775	0.459367354	0.415853978	0.459367354	0.173843954	0.089545424	0.32731748	0.202347659	0.014203948	0.074206768	0.102568827	0.003022269	0.025412412	0.681927717	0.456090651	0.216043958	0.019368867	0.027367934	0.001225238	0.001713344	0.018078553	0.005013751	0.000877237	0.119304343	0.045569198	0.009052035	0.013397797	0.013814703	0.000183651	6.84192E-05	1.82612E-07	0.001516077	0.095049711	0.166892822	0.000255503	0.245255217	0.068200727	0.068167046	0.09499149	0.875521733	0.00347555	0.000143816	8.97477E-05	0.025053805	0.045932258	0.12634269	8.12336E-06	0.001447679	0.000506243	0.000194883	0.01810141	0.010192829	0.035748211	0.731719351
Design 1	0.075779037	0.436574372	0.740648379	0.014135642	0.151515152	0.42903752	0.223728814	0.85915493	0.761904762	0.333333333	0	0	0.01638504	0.014130613	0.014020527	5.13702E-07	0.013808363	4.94477E-07	0.003239019	0.410419496	0.17153539	0.12319295	0.776271186	0.118780899	0.881219101	0.436574372	0.395220052	0.436574372	0.173843954	0.223728814	0.173430894	0.456085446	0.123443367	0.062077433	0.089306064	0.030264351	0.073215174	0.42903752	0.191690274	0.070963551	0.001106441	0.1427378	0.042949866	0.051536024	0.090756884	0.162436445	0.005544511	0.323350385	0.118986251	0.114856989	0.14821607	0.319154061	2.97389E-05	1.2154E-05	3.24393E-08	0.001172642	0.1681043	0.177222575	0.000297933	0.230976701	0.138421182	0.128643729	0.168050779	0.787141608	0.036227826	0.002821276	0.000515735	0.078511467	0.23821577	0.331583843	0.000111702	0.025060639	0.000537572	0.000629606	0.06135057	0.016934574	0.2253784	0.230445923
Design 1	0.075779037	0.436574372	0.740648379	0.059125201	0.151515152	0.42903752	0.029830508	0.85915493	0.761904762	0.333333333	0	0	0.013730679	0.059106637	0.058646158	7.37019E-08	0.003080325	1.24888E-07	0.000299263	0.410419496	0.170951333	0.122368487	0.970169492	0.035086338	0.964913662	0.436574372	0.395220052	0.436574372	0.173843954	0.029830508	0.556028437	0.456085446	0.122618489	0.061662195	0.089306064	0.030062042	0.007970637	0.42903752	0.191690274	0.070963551	0.001106441	0.1427378	0.167504656	0.094239244	0.090756884	0.040651606	0.001238264	0.323350385	0.118187256	0.303632704	0.387270652	0.319154061	1.08039E-05	2.46993E-06	6.59227E-09	0.000508575	0.439249581	0.495898169	6.3756E-05	0.4773582	0.366061805	0.393452143	0.439213505	0.971454864	0.036227826	0.001366652	0.000296335	0.039641998	0.136392381	0.269202093	4.78956E-05	0.005679202	0.000183084	0.000151265	0.023190871	0.004920427	0.132045971	0.63825043
Design 1	0.034271955	0.758531874	0.017456359	1	0.127939394	0.145986949	0.322033898	0.85915493	0.761904762	0.333333333	0	0	1	1	1	0.020769199	0.846581512	6.76434E-06	0.006012775	0.355703033	0.282685393	0.381299467	0.677966102	1	0	0.758531874	0.686680268	0.758531874	0.173843954	0.322033898	0.123709243	0.429083163	0.999906828	1	0.413741037	0.052959739	0.117789961	0.150163147	0.353968809	0.054918992	0.049231963	0.001409714	0.000238952	0.000948309	0.048026166	0	0.002128033	0.774511607	0.999968923	0.002816023	0.00298893	0.004063071	0.0003833	0.000298482	7.96651E-07	0.043308587	0.066941617	0.044992611	0.000837741	0.350471468	0.066980831	0.047527206	0.066881588	0.508875571	0.018227276	1.1292E-05	0.000123234	0.003209684	0.015105774	0.237161179	1.14672E-06	0.000833992	0.000844974	0.000370689	0.033548397	0.017772535	0.001681491	0.0886204
Design 1	0.034271955	0.758531874	0.017456359	0.666207334	0.127939394	0.145986949	0.322033898	0.85915493	0.761904762	0.333333333	0	0	0.667570252	0.666307763	0.666311342	0.020769199	0.896611229	1.18786E-05	0.006012775	0.355703033	0.245935172	0.289458431	0.677966102	0.893203756	0.106796244	0.758531874	0.686680268	0.758531874	0.173843954	0.322033898	0.123709243	0.429083163	0.759184996	0.759240553	0.413741037	0.040207265	0.117789961	0.150163147	0.353968809	0.054918992	0.049231963	0.001409714	0.000159305	0.00064324	0.048026166	0.00067128	0.003314837	0.774511607	0.759091588	0.002107933	0.002091043	0.004063071	0.000458501	0.000410306	1.09511E-06	0.036718446	0.046834963	0.039779705	0.001149654	0.282188005	0.050122872	0.035159074	0.04677364	0.498532063	0.018227276	3.65978E-05	0.000232054	0.01271499	0.027769654	0.252787784	2.85834E-06	0.001752599	0.001176065	0.000550178	0.044669159	0.023817134	0.011619415	0.061272857
Design 1	0.034271955	0.758531874	0.017456359	0.443678889	0.127939394	0.145986949	0.322033898	0.85915493	0.761904762	0.333333333	0	0	0.445950419	0.443846272	0.443852236	0.020769199	0.930734249	2.06586E-05	0.006012775	0.355703033	0.218066307	0.228231074	0.677966102	0.774295447	0.225704553	0.758531874	0.686680268	0.758531874	0.173843954	0.322033898	0.123709243	0.429083163	0.598703775	0.598734255	0.413741037	0.031705616	0.117789961	0.150163147	0.353968809	0.054918992	0.049231963	0.001409714	0.000106207	0.000439861	0.048026166	0.00167782	0.005094374	0.774511607	0.598506697	0.001577921	0.001451243	0.004063071	0.00054795	0.000571819	1.52619E-06	0.032022562	0.032507727	0.034654059	0.001565106	0.226439932	0.037504517	0.02610409	0.032445483	0.491545641	0.018227276	8.56776E-05	0.000432594	0.025335479	0.043662784	0.269280084	6.30121E-06	0.00312999	0.001631234	0.000801975	0.058285436	0.031455844	0.023787422	0.028780173
Design 1	0.034271955	0.758531874	0.017456359	0.399173356	0.127939394	0.145986949	0.322033898	0.85915493	0.761904762	0.333333333	0	0	0.401626607	0.399354129	0.39936057	0.020769199	0.937613442	2.38071E-05	0.006012775	0.355703033	0.212059581	0.215985645	0.677966102	0.742431041	0.257568959	0.758531874	0.686680268	0.758531874	0.173843954	0.322033898	0.123709243	0.429083163	0.566607643	0.566633108	0.413741037	0.030005292	0.117789961	0.150163147	0.353968809	0.054918992	0.049231963	0.001409714	9.55871E-05	0.000399186	0.048026166	0.002013231	0.005687371	0.774511607	0.566389831	0.001463543	0.001318248	0.004063071	0.000573845	0.000624638	1.66717E-06	0.031046426	0.029529518	0.033352686	0.001694031	0.213711869	0.034781443	0.024171187	0.029467082	0.490143854	0.018227276	0.000104695	0.00050803	0.029213293	0.048411159	0.273712963	7.66356E-06	0.003588981	0.001775422	0.00088259	0.062298256	0.033751071	0.027373426	0.023635032
Design 1	0.034271955	0.758531874	0.017456359	0.284730001	0.127939394	0.145986949	0.322033898	0.85915493	0.761904762	0.333333333	0	0	0.287650539	0.284945207	0.284952875	0.020769199	0.955366301	3.72032E-05	0.006012775	0.355703033	0.195781835	0.184497247	0.677966102	0.641090711	0.358909289	0.758531874	0.686680268	0.758531874	0.173843954	0.322033898	0.123709243	0.429083163	0.484074332	0.4840869	0.413741037	0.02563301	0.117789961	0.150163147	0.353968809	0.054918992	0.049231963	0.001409714	6.82795E-05	0.00029459	0.048026166	0.003354377	0.008058482	0.774511607	0.483803204	0.001150931	0.000966853	0.004063071	0.000664805	0.000832701	2.22249E-06	0.028467323	0.021660622	0.029324055	0.002176516	0.177279463	0.027338874	0.018923886	0.02159768	0.486536616	0.018227276	0.0001927	0.000847011	0.043466048	0.06554442	0.288291412	1.41024E-05	0.005424261	0.002325718	0.001193054	0.076621333	0.042088733	0.040173056	0.011946614
Design 1	0.034271955	0.758531874	0.017456359	0.221150445	0.127939394	0.145986949	0.322033898	0.85915493	0.761904762	0.333333333	0	0	0.224330587	0.221384781	0.22139313	0.020769199	0.965260884	5.15229E-05	0.006012775	0.355703033	0.18613422	0.167003716	0.677966102	0.568296494	0.431703506	0.758531874	0.686680268	0.758531874	0.173843954	0.322033898	0.123709243	0.429083163	0.438222555	0.438227957	0.413741037	0.023203967	0.117789961	0.150163147	0.353968809	0.054918992	0.049231963	0.001409714	5.31087E-05	0.000236482	0.048026166	0.004694715	0.010428163	0.774511607	0.437921806	0.000961868	0.000764864	0.004063071	0.0007418	0.001037264	2.76847E-06	0.026984803	0.017137424	0.026473262	0.002619865	0.153802336	0.022837737	0.015774204	0.017074191	0.484532542	0.018227276	0.000298134	0.001238748	0.056112884	0.080531508	0.299611589	2.20171E-05	0.007258435	0.002844216	0.001488906	0.089000717	0.049460582	0.05123573	0.009262193
Design 1	0.034271955	0.758531874	0.017456359	0.08697878	0.127939394	0.145986949	0.322033898	0.85915493	0.761904762	0.333333333	0	0	0.090706762	0.087253485	0.087263273	0.020769199	0.986190808	0.000157262	0.006012775	0.355703033	0.163955017	0.130087193	0.677966102	0.350520438	0.649479562	0.758531874	0.686680268	0.758531874	0.173843954	0.322033898	0.123709243	0.429083163	0.341461744	0.341452027	0.413741037	0.018077969	0.117789961	0.150163147	0.353968809	0.054918992	0.049231963	0.001409714	2.10936E-05	0.000113856	0.048026166	0.013832161	0.026582925	0.774511607	0.341098489	0.000497556	0.000336779	0.004063071	0.001107442	0.002133671	5.69479E-06	0.023842831	0.007551203	0.017447025	0.005131948	0.0889788	0.011783545	0.008106012	0.007487353	0.480308442	0.018227276	0.001392598	0.004970601	0.117770283	0.155909233	0.344584837	0.00010942	0.019762496	0.005932002	0.003302816	0.150436365	0.087862286	0.106136891	0.004005201
Design 1	0.034271955	0.758531874	0.017456359	0.053743907	0.127939394	0.145986949	0.322033898	0.85915493	0.761904762	0.333333333	0	0	0.057607591	0.054028611	0.054038755	0.020769199	0.991381616	0.000260434	0.006012775	0.355703033	0.157989592	0.120942818	0.677966102	0.276063889	0.723936111	0.758531874	0.686680268	0.758531874	0.173843954	0.322033898	0.123709243	0.429083163	0.317493694	0.317480231	0.413741037	0.016808238	0.117789961	0.150163147	0.353968809	0.054918992	0.049231963	0.001409714	1.31634E-05	8.34816E-05	0.048026166	0.022932068	0.042671319	0.774511607	0.317114955	0.000355465	0.000210217	0.004063071	0.001357365	0.003419386	9.12638E-06	0.022913914	0.004717059	0.013886681	0.007206856	0.065795555	0.008400684	0.005775757	0.004653026	0.479263992	0.018227276	0.00300897	0.010072269	0.156380173	0.209822145	0.36972894	0.000245765	0.032215187	0.008587672	0.004926758	0.194491995	0.116872218	0.145506627	0.002607065
Design 1	0.034271955	0.758531874	0.042394015	0.499310806	0.127939394	0.145986949	0.322033898	0.85915493	0.761904762	0.333333333	0	0	0.501355184	0.499461451	0.499466818	0.002596121	0.505187295	3.582E-06	0.006012775	0.355703033	0.22535261	0.24353786	0.677966102	0.809623289	0.190376711	0.758531874	0.686680268	0.758531874	0.173843954	0.322033898	0.123709243	0.429083163	0.638823941	0.63886069	0.413741037	0.033831021	0.117789961	0.150163147	0.353968809	0.054918992	0.024207629	0.004293961	0.000956279	0.001969853	0.048026166	0.001342358	0.002127319	0.774511607	0.63865278	0.007583322	0.009481361	0.010354206	0.000205699	0.000112449	3.00127E-07	0.022620486	0.106159664	0.062520966	0.000559312	0.350527457	0.090197794	0.069263568	0.106102158	0.582748844	0.018227276	2.59562E-05	0.000113543	0.010581493	0.02936395	0.237149893	1.76746E-06	0.001506035	0.000624348	0.000334648	0.033540952	0.014805033	0.013158321	0.295824177
Design 1	0.034271955	0.758531874	0.042394015	0.332414667	0.127939394	0.145986949	0.322033898	0.85915493	0.761904762	0.333333333	0	0	0.335140503	0.332615526	0.332622683	0.002596121	0.63041014	6.19714E-06	0.006012775	0.355703033	0.20272082	0.197617395	0.677966102	0.68723681	0.31276319	0.758531874	0.686680268	0.758531874	0.173843954	0.322033898	0.123709243	0.429083163	0.518463165	0.518481106	0.413741037	0.027454791	0.117789961	0.150163147	0.353968809	0.054918992	0.024207629	0.004293961	0.000637691	0.001359717	0.048026166	0.002683905	0.003313229	0.774511607	0.518214252	0.005677489	0.006842752	0.010354206	0.000247191	0.000146884	3.92036E-07	0.017778895	0.076616081	0.057459445	0.000787774	0.282256657	0.067511071	0.050364348	0.076556674	0.554971806	0.018227276	6.66547E-05	0.000217819	0.022149517	0.045585392	0.252769895	4.1966E-06	0.002759944	0.00088321	0.000499534	0.044655469	0.020064051	0.025669398	0.204106446
Design 1	0.034271955	0.758531874	0.042394015	0.221150445	0.127939394	0.145986949	0.322033898	0.85915493	0.761904762	0.333333333	0	0	0.224330587	0.221384781	0.22139313	0.002596121	0.737480817	1.05367E-05	0.006012775	0.355703033	0.18613422	0.167003716	0.677966102	0.568296494	0.431703506	0.758531874	0.686680268	0.758531874	0.173843954	0.322033898	0.123709243	0.429083163	0.438222555	0.438227957	0.413741037	0.023203967	0.117789961	0.150163147	0.353968809	0.054918992	0.024207629	0.004293961	0.000425299	0.000952959	0.048026166	0.004694715	0.005090757	0.774511607	0.437921806	0.004251026	0.004893468	0.010354206	0.000296531	0.000194715	5.19696E-07	0.014202147	0.054790625	0.052362491	0.001096937	0.226523999	0.050530702	0.036777053	0.054729814	0.531851734	0.018227276	0.000146862	0.000413083	0.036960006	0.065805279	0.269251769	9.16162E-06	0.004639393	0.001240483	0.000730766	0.0582603	0.026708047	0.040983699	0.11048725
Design 1	0.034271955	0.758531874	0.042394015	0.198897678	0.127939394	0.145986949	0.322033898	0.85915493	0.761904762	0.333333333	0	0	0.202168681	0.199138709	0.199147297	0.002596121	0.761200296	1.20541E-05	0.006012775	0.355703033	0.18263914	0.160881002	0.677966102	0.539083004	0.460916996	0.758531874	0.686680268	0.758531874	0.173843954	0.322033898	0.123709243	0.429083163	0.422174488	0.422177384	0.413741037	0.022353805	0.117789961	0.150163147	0.353968809	0.054918992	0.024207629	0.004293961	0.000382821	0.000871608	0.048026166	0.005364578	0.005682908	0.774511607	0.421863373	0.003943206	0.004478506	0.010354206	0.000310813	0.000210026	5.60562E-07	0.013440733	0.050144442	0.051027223	0.001193264	0.213800479	0.046866463	0.033924307	0.050083332	0.526807014	0.018227276	0.00017814	0.000486999	0.041383882	0.071815161	0.27368106	1.11391E-05	0.005265496	0.00135373	0.000804776	0.062268821	0.028703906	0.045495899	0.083866737
Design 1	0.034271955	0.758531874	0.042394015	0.141676001	0.127939394	0.145986949	0.322033898	0.85915493	0.761904762	0.333333333	0	0	0.145180647	0.141934248	0.14194345	0.002596121	0.825375118	1.83203E-05	0.006012775	0.355703033	0.1733339	0.145136803	0.677966102	0.452658914	0.547341086	0.758531874	0.686680268	0.758531874	0.173843954	0.322033898	0.123709243	0.429083163	0.380907833	0.38090428	0.413741037	0.020167664	0.117789961	0.150163147	0.353968809	0.054918992	0.024207629	0.004293961	0.00027359	0.000662417	0.048026166	0.008042032	0.008049742	0.774511607	0.38057006	0.00310193	0.003361188	0.010354206	0.000360962	0.000269264	7.18669E-07	0.011390562	0.037634217	0.046733122	0.001554025	0.177384284	0.03685205	0.026284735	0.037572302	0.513296224	0.018227276	0.000323507	0.000820487	0.057133564	0.093378325	0.28824472	2.05266E-05	0.007768041	0.001785435	0.001089707	0.076572607	0.035951971	0.061596981	0.039461934
Design 1	0.034271955	0.758531874	0.042394015	0.109886223	0.127939394	0.145986949	0.322033898	0.85915493	0.761904762	0.333333333	0	0	0.113520671	0.110154035	0.110163577	0.002596121	0.862761185	2.47332E-05	0.006012775	0.355703033	0.167945579	0.136390037	0.677966102	0.396035956	0.603964044	0.758531874	0.686680268	0.758531874	0.173843954	0.322033898	0.123709243	0.429083163	0.357981944	0.357974809	0.413741037	0.018953142	0.117789961	0.150163147	0.353968809	0.054918992	0.024207629	0.004293961	0.000212907	0.000546201	0.048026166	0.010716265	0.010413728	0.774511607	0.357629361	0.002593185	0.002702241	0.010354206	0.000403394	0.000326302	8.70905E-07	0.01018146	0.030256226	0.043506811	0.001885292	0.153921164	0.030796033	0.021778112	0.030193837	0.50551735	0.018227276	0.000498283	0.00120715	0.070447095	0.112084285	0.29954954	3.21089E-05	0.010267574	0.00219083	0.001361078	0.088929729	0.042357393	0.075506798	0.020279506
Design 1	0.034271955	0.758531874	0.042394015	0.042800585	0.127939394	0.145986949	0.322033898	0.85915493	0.761904762	0.333333333	0	0	0.046708952	0.043088581	0.043098843	0.002596121	0.944585568	6.64044E-05	0.006012775	0.355703033	0.155976356	0.117931829	0.677966102	0.249024505	0.750975495	0.758531874	0.686680268	0.758531874	0.173843954	0.322033898	0.123709243	0.429083163	0.309601679	0.309586983	0.413741037	0.016390151	0.117789961	0.150163147	0.353968809	0.054918992	0.024207629	0.004293961	8.48471E-05	0.00030095	0.048026166	0.028904411	0.026491806	0.774511607	0.309217842	0.001344107	0.001181748	0.010354206	0.000604585	0.000690982	1.84424E-06	0.007391502	0.01323179	0.031901358	0.003753992	0.089167332	0.015927218	0.011058214	0.013168305	0.488725405	0.018227276	0.002316809	0.004897836	0.127112902	0.204167476	0.344408444	0.000160344	0.027267545	0.004569187	0.003021373	0.150153578	0.075666151	0.144423534	0.008031833
Design 1	0.034271955	0.758531874	0.042394015	0.02618276	0.127939394	0.145986949	0.322033898	0.85915493	0.761904762	0.333333333	0	0	0.03015898	0.026475756	0.026486196	0.002596121	0.96525001	0.000101489	0.006012775	0.355703033	0.152869465	0.113359535	0.677966102	0.205222038	0.794777962	0.758531874	0.686680268	0.758531874	0.173843954	0.322033898	0.123709243	0.429083163	0.297617374	0.297600806	0.413741037	0.01575527	0.117789961	0.150163147	0.353968809	0.054918992	0.024207629	0.004293961	5.31253E-05	0.000240199	0.048026166	0.046944749	0.042439225	0.774511607	0.297225796	0.000962084	0.000765088	0.010354206	0.000741699	0.001036977	2.76771E-06	0.006626972	0.008566599	0.026476723	0.005288568	0.066033273	0.011379681	0.007866915	0.008502815	0.484534743	0.018227276	0.004995807	0.009930357	0.156502824	0.268426059	0.369429625	0.000359884	0.044129364	0.006573772	0.004502252	0.193922195	0.100747436	0.193691757	0.005235561
Design 1	0.034271955	0.758531874	0.092269327	0.248966404	0.127939394	0.145986949	0.322033898	0.85915493	0.761904762	0.333333333	0	0	0.252032969	0.24919237	0.249200422	0.000324487	0.157947002	1.82615E-06	0.006012775	0.355703033	0.190414265	0.174657109	0.677966102	0.60193619	0.39806381	0.758531874	0.686680268	0.758531874	0.173843954	0.322033898	0.123709243	0.429083163	0.458282637	0.458291175	0.413741037	0.024266669	0.117789961	0.150163147	0.353968809	0.054918992	0.011695462	0.010062454	0.003827606	0.004225623	0.048026166	0.004024649	0.00212589	0.774511607	0.457994848	0.020423093	0.027098744	0.026206872	0.000107653	4.97815E-05	1.32868E-07	0.013617027	0.151703044	0.080690231	0.000367548	0.350639553	0.121478382	0.101090319	0.151648468	0.664123584	0.018227276	4.86149E-05	0.000104397	0.018913333	0.047472097	0.237127303	2.61345E-06	0.002422764	0.000461732	0.00030143	0.033526054	0.012219101	0.027602136	0.426242316
Design 1	0.034271955	0.758531874	0.092269327	0.16551814	0.127939394	0.145986949	0.322033898	0.85915493	0.761904762	0.333333333	0	0	0.168925436	0.165769214	0.16577816	0.000324487	0.231301233	3.07862E-06	0.006012775	0.355703033	0.177269435	0.151696823	0.677966102	0.490846037	0.509153963	0.758531874	0.686680268	0.758531874	0.173843954	0.322033898	0.123709243	0.429083163	0.398102109	0.398101243	0.413741037	0.021078547	0.117789961	0.150163147	0.353968809	0.054918992	0.011695462	0.010062454	0.002553251	0.003005347	0.048026166	0.006703719	0.003310021	0.774511607	0.397775444	0.015294034	0.020142673	0.026206872	0.000130534	6.22656E-05	1.66188E-07	0.010426098	0.112760696	0.075118227	0.000517138	0.282393739	0.090950655	0.074417042	0.112703615	0.646383983	0.018227276	0.000110135	0.000198003	0.03203432	0.067982487	0.25273419	5.86042E-06	0.004133084	0.000664993	0.000452798	0.044628153	0.016791955	0.043343856	0.357230316
Design 1	0.034271955	0.758531874	0.092269327	0.109886223	0.127939394	0.145986949	0.322033898	0.85915493	0.761904762	0.333333333	0	0	0.113520671	0.110154035	0.110163577	0.000324487	0.329916411	5.04261E-06	0.006012775	0.355703033	0.167945579	0.136390037	0.677966102	0.396035956	0.603964044	0.758531874	0.686680268	0.758531874	0.173843954	0.322033898	0.123709243	0.429083163	0.357981944	0.357974809	0.413741037	0.018953142	0.117789961	0.150163147	0.353968809	0.054918992	0.011695462	0.010062454	0.001703685	0.002191834	0.048026166	0.010716265	0.00508354	0.774511607	0.357629361	0.011455503	0.014857746	0.026206872	0.000157728	7.87213E-05	2.10108E-07	0.008001766	0.083173955	0.069817673	0.000724665	0.226692048	0.068104042	0.054470644	0.08311497	0.623005298	0.018227276	0.000232273	0.000374792	0.047823307	0.093273566	0.269195203	1.2541E-05	0.006694696	0.00094459	0.000664924	0.058210103	0.022565647	0.062601767	0.218702987
Design 1	0.034271955	0.758531874	0.092269327	0.09875984	0.127939394	0.145986949	0.322033898	0.85915493	0.761904762	0.333333333	0	0	0.102439718	0.099030999	0.099040661	0.000324487	0.359478219	5.70217E-06	0.006012775	0.355703033	0.166019091	0.13332868	0.677966102	0.37446531	0.62553469	0.758531874	0.686680268	0.758531874	0.173843954	0.322033898	0.123709243	0.429083163	0.349957911	0.349949522	0.413741037	0.018528061	0.117789961	0.150163147	0.353968809	0.054918992	0.011695462	0.010062454	0.001533771	0.002029131	0.048026166	0.012052171	0.005674001	0.774511607	0.349600144	0.010627251	0.013710029	0.026206872	0.000165596	8.38298E-05	2.23743E-07	0.007475279	0.07674866	0.068472884	0.000790774	0.213977599	0.063174352	0.050184464	0.076689261	0.616100452	0.018227276	0.000280362	0.000442417	0.052324962	0.100732883	0.273617336	1.5226E-05	0.007547539	0.001032862	0.000732782	0.06221005	0.024299233	0.068273311	0.177821486
Design 1	0.034271955	0.758531874	0.092269327	0.070148807	0.127939394	0.145986949	0.322033898	0.85915493	0.761904762	0.333333333	0	0	0.073945508	0.070428575	0.070438543	0.000324487	0.461598186	8.3078E-06	0.006012775	0.355703033	0.160961286	0.125456527	0.677966102	0.314170519	0.685829481	0.758531874	0.686680268	0.758531874	0.173843954	0.322033898	0.123709243	0.429083163	0.329324443	0.32931283	0.413741037	0.017434983	0.117789961	0.150163147	0.353968809	0.054918992	0.011695462	0.010062454	0.001096847	0.001610748	0.048026166	0.017387855	0.008032338	0.774511607	0.328953348	0.008363834	0.010565979	0.026206872	0.00019321	0.000103061	2.75072E-07	0.006033022	0.059147245	0.064237643	0.001043855	0.177593491	0.049702686	0.038563821	0.059086714	0.592608343	0.018227276	0.000506643	0.000751536	0.067582891	0.127289299	0.288151622	2.81256E-05	0.010953842	0.001367626	0.000993851	0.076475509	0.03059124	0.088500373	0.071171661
Design 1	0.034271955	0.758531874	0.092269327	0.054253918	0.127939394	0.145986949	0.322033898	0.85915493	0.761904762	0.333333333	0	0	0.05811552	0.054538468	0.054548607	0.000324487	0.541057145	1.08159E-05	0.006012775	0.355703033	0.158082804	0.121083145	0.677966102	0.277291307	0.722708693	0.758531874	0.686680268	0.758531874	0.173843954	0.322033898	0.123709243	0.429083163	0.317861499	0.317848094	0.413741037	0.016827723	0.117789961	0.150163147	0.353968809	0.054918992	0.011695462	0.010062454	0.000854113	0.001378315	0.048026166	0.022710723	0.01038501	0.774511607	0.317482998	0.006995324	0.00866517	0.026206872	0.000216554	0.000120968	3.22866E-07	0.005161072	0.0485059	0.0611097	0.001282115	0.154158276	0.041557426	0.031658724	0.048444685	0.574709685	0.018227276	0.000782884	0.001115703	0.079587851	0.150082511	0.299425884	4.42783E-05	0.014351965	0.001679524	0.001242221	0.088788364	0.036146462	0.105958829	0.035603078
Design 1	0.034271955	0.758531874	0.092269327	0.020711099	0.127939394	0.145986949	0.322033898	0.85915493	0.761904762	0.333333333	0	0	0.02470966	0.021005741	0.02101624	0.000324487	0.784742823	2.48847E-05	0.006012775	0.355703033	0.151832831	0.111854041	0.677966102	0.190017078	0.809982922	0.758531874	0.686680268	0.758531874	0.173843954	0.322033898	0.123709243	0.429083163	0.293671366	0.293654182	0.413741037	0.015546227	0.117789961	0.150163147	0.353968809	0.054918992	0.011695462	0.010062454	0.000341874	0.000887814	0.048026166	0.058744893	0.026311873	0.774511607	0.293277239	0.003637092	0.004068754	0.026206872	0.000326901	0.000228092	6.0878E-07	0.003052578	0.022773667	0.049586194	0.002660543	0.089542473	0.02156951	0.015536818	0.022710796	0.521827251	0.018227276	0.00372302	0.004672148	0.122737954	0.259787139	0.344058585	0.000227186	0.037356198	0.003472774	0.002755449	0.149593736	0.064933865	0.192175056	0.014407334
Design 1	0.034271955	0.758531874	0.092269327	0.01240238	0.127939394	0.145986949	0.322033898	0.85915493	0.761904762	0.333333333	0	0	0.016434867	0.012699523	0.01271011	0.000324487	0.861460501	3.517E-05	0.006012775	0.355703033	0.150245293	0.109567947	0.677966102	0.166130733	0.833869267	0.758531874	0.686680268	0.758531874	0.173843954	0.322033898	0.123709243	0.429083163	0.287679354	0.287661233	0.413741037	0.015228794	0.117789961	0.150163147	0.353968809	0.054918992	0.011695462	0.010062454	0.000214989	0.000766314	0.048026166	0.09419799	0.041981906	0.774511607	0.287281356	0.002611279	0.002725395	0.026206872	0.00040166	0.000323844	8.64344E-07	0.002436345	0.015253105	0.043632151	0.003792661	0.066507394	0.01546396	0.010946496	0.01518975	0.505786852	0.018227276	0.008069414	0.009539036	0.140890841	0.334737227	0.368835704	0.000512756	0.059989475	0.004952642	0.004095098	0.192794905	0.086470308	0.253430198	0.009597746
Design 1	0.034271955	0.758531874	0.49127182	0.032001151	0.127939394	0.145986949	0.322033898	0.85915493	0.761904762	0.333333333	0	0	0.035953614	0.032292397	0.032302774	2.5637E-06	0.009019555	4.08262E-07	0.006012775	0.355703033	0.153964277	0.11496043	0.677966102	0.220954332	0.779045668	0.758531874	0.686680268	0.758531874	0.173843954	0.322033898	0.123709243	0.429083163	0.301813433	0.30179752	0.413741037	0.015977561	0.117789961	0.150163147	0.353968809	0.054918992	0.001685728	0.056210401	0.064293384	0.026378987	0.048026166	0.038602987	0.003284538	0.774511607	0.301424565	0.153216022	0.181940158	0.224641379	2.29361E-05	1.20057E-05	3.20434E-08	0.00323273	0.203703729	0.133904416	0.000218849	0.283489231	0.182303351	0.157017838	0.203652498	0.701079672	0.018227276	0.000378269	0.000185836	0.04382297	0.139633556	0.252449585	1.44965E-05	0.009518831	0.000327921	0.000356591	0.044410737	0.010694158	0.103724583	0.389275597
Design 1	0.034271955	0.758531874	0.49127182	0.020874768	0.127939394	0.145986949	0.322033898	0.85915493	0.761904762	0.333333333	0	0	0.024872661	0.021169361	0.021179858	2.5637E-06	0.0137734	5.88321E-07	0.006012775	0.355703033	0.151863939	0.111899073	0.677966102	0.190477817	0.809522183	0.758531874	0.686680268	0.758531874	0.173843954	0.322033898	0.123709243	0.429083163	0.2937894	0.293772233	0.413741037	0.01555248	0.117789961	0.150163147	0.353968809	0.054918992	0.001685728	0.056210401	0.043054233	0.022311421	0.048026166	0.058308858	0.005026511	0.774511607	0.293395349	0.115056278	0.140606122	0.224641379	2.96944E-05	1.47261E-05	3.93042E-08	0.00247429	0.157423452	0.124289996	0.000308424	0.228031944	0.136878631	0.117770747	0.157369244	0.699880218	0.018227276	0.000740572	0.000342455	0.053399861	0.178374388	0.268745921	2.93749E-05	0.014709883	0.000475688	0.000528216	0.057812291	0.014820302	0.136200336	0.170663029
Design 1	0.034271955	0.758531874	0.49127182	0.018649724	0.127939394	0.145986949	0.322033898	0.85915493	0.761904762	0.333333333	0	0	0.022656702	0.018944987	0.018955507	2.5637E-06	0.015348097	6.41559E-07	0.006012775	0.355703033	0.151440488	0.111286866	0.677966102	0.184182307	0.815817693	0.758531874	0.686680268	0.758531874	0.173843954	0.322033898	0.123709243	0.429083163	0.292184761	0.292167344	0.413741037	0.015467472	0.117789961	0.150163147	0.353968809	0.054918992	0.001685728	0.056210401	0.038806847	0.021497993	0.048026166	0.064837726	0.005603654	0.774511607	0.291789673	0.106829321	0.131457631	0.224641379	3.16427E-05	1.55102E-05	4.1397E-08	0.002306424	0.147180205	0.121932572	0.000336171	0.215390698	0.127085398	0.109306739	0.147125338	0.699483193	0.018227276	0.000879856	0.00040094	0.055703153	0.18957221	0.273111091	3.52141E-05	0.016429761	0.000521513	0.000582871	0.061744306	0.016054336	0.145728721	0.132689652
Design 1	0.034271955	0.758531874	0.49127182	0.012927517	0.127939394	0.145986949	0.322033898	0.85915493	0.761904762	0.333333333	0	0	0.01695786	0.013224502	0.013235083	2.5637E-06	0.021598956	8.29223E-07	0.006012775	0.355703033	0.150346116	0.109712435	0.677966102	0.167669843	0.832330157	0.758531874	0.686680268	0.758531874	0.173843954	0.322033898	0.123709243	0.429083163	0.288058067	0.288040006	0.413741037	0.015248857	0.117789961	0.150163147	0.353968809	0.054918992	0.001685728	0.056210401	0.027883728	0.019406077	0.048026166	0.090763247	0.007895436	0.774511607	0.287660314	0.084362336	0.105951088	0.224641379	3.84532E-05	1.82633E-05	4.87451E-08	0.001838404	0.118621419	0.114771746	0.000439734	0.179262513	0.100341077	0.08618479	0.118564715	0.697908605	0.018227276	0.001518577	0.000661547	0.062418045	0.228768686	0.287413305	6.25483E-05	0.023259234	0.000692423	0.000792034	0.075708113	0.020513194	0.179566972	0.082580452
Design 1	0.034271955	0.758531874	0.49127182	0.009748384	0.127939394	0.145986949	0.322033898	0.85915493	0.761904762	0.333333333	0	0	0.013791708	0.010046325	0.010056941	2.5637E-06	0.027772587	9.86684E-07	0.006012775	0.355703033	0.149734719	0.108837716	0.677966102	0.158289796	0.841710204	0.758531874	0.686680268	0.758531874	0.173843954	0.322033898	0.123709243	0.429083163	0.285765367	0.285746946	0.413741037	0.015127399	0.117789961	0.150163147	0.353968809	0.054918992	0.001685728	0.056210401	0.021815082	0.018243855	0.048026166	0.116385871	0.010160442	0.774511607	0.285366132	0.0707961	0.090117569	0.224641379	4.41722E-05	2.06E-05	5.49816E-08	0.001547874	0.100893181	0.109773951	0.000534421	0.156046203	0.084192057	0.072215199	0.100835336	0.696355707	0.018227276	0.002273556	0.000958955	0.066742917	0.261722726	0.298448793	9.56778E-05	0.030008917	0.000848273	0.000989322	0.087676246	0.024420951	0.20856914	0.067704284
Design 1	0.034271955	0.758531874	0.49127182	0.003039898	0.127939394	0.145986949	0.322033898	0.85915493	0.761904762	0.333333333	0	0	0.007110613	0.003339857	0.003350545	2.5637E-06	0.06790946	1.69095E-06	0.006012775	0.355703033	0.148436469	0.106991916	0.677966102	0.137993967	0.862006033	0.758531874	0.686680268	0.758531874	0.173843954	0.322033898	0.123709243	0.429083163	0.280927396	0.28090822	0.413741037	0.014871102	0.117789961	0.150163147	0.353968809	0.054918992	0.001685728	0.056210401	0.009009254	0.015791377	0.048026166	0.283725764	0.024953065	0.774511607	0.280525036	0.037641889	0.049587942	0.224641379	7.05683E-05	3.1894E-05	8.51255E-08	0.000804195	0.055513571	0.093761886	0.001059458	0.092503965	0.04472584	0.038020855	0.055452807	0.686313735	0.018227276	0.009706574	0.00365702	0.07772623	0.414206246	0.341348115	0.000441663	0.074090709	0.00170129	0.002153124	0.145303204	0.044134119	0.348215549	0.035938631
Design 1	0.034271955	0.758531874	0.49127182	0.001377999	0.127939394	0.145986949	0.322033898	0.85915493	0.761904762	0.333333333	0	0	0.0054555	0.001678459	0.001689164	2.5637E-06	0.104598086	2.12761E-06	0.006012775	0.355703033	0.148113129	0.106534655	0.677966102	0.132857564	0.867142436	0.758531874	0.686680268	0.758531874	0.173843954	0.322033898	0.123709243	0.429083163	0.279728882	0.279709518	0.413741037	0.01480761	0.117789961	0.150163147	0.353968809	0.054918992	0.001685728	0.056210401	0.005836855	0.015183822	0.048026166	0.438662391	0.038649257	0.774511607	0.279325748	0.027606978	0.036633639	0.224641379	8.76758E-05	3.98124E-05	1.0626E-07	0.000566496	0.041009091	0.086882118	0.001475647	0.070211257	0.03278045	0.027637283	0.040947394	0.677215778	0.018227276	0.019834832	0.007075945	0.080936865	0.513501912	0.364330896	0.000938011	0.11490515	0.002362369	0.003127209	0.184388492	0.058180854	0.442930248	0.026766857
Design 1	0.034271955	0.758531874	0.990024938	0.015311576	0.127939394	0.145986949	0.322033898	0.85915493	0.761904762	0.333333333	0	0	0.019332184	0.015607843	0.015618399	2.92067E-07	0.001768817	1.21977E-07	0.006012775	0.355703033	0.150803014	0.110368394	0.677966102	0.17460663	0.82539337	0.758531874	0.686680268	0.758531874	0.173843954	0.322033898	0.123709243	0.429083163	0.289777383	0.28975959	0.413741037	0.015339939	0.117789961	0.150163147	0.353968809	0.054918992	0.000434511	0.113895334	0.25947769	0.081117582	0.048026166	0.077839756	0.003253184	0.774511607	0.28938074	0.415064298	0.437154183	0.566176712	6.71449E-06	5.25334E-06	1.40212E-08	0.001859274	0.244724353	0.174638341	0.00014814	0.284853531	0.246959823	0.213053996	0.244675762	0.702911669	0.018227276	0.000635928	0.000183005	0.039503432	0.178638898	0.252096948	2.14192E-05	0.013242993	0.000228331	0.000318847	0.044142144	0.008575604	0.140883376	0.379488644
Design 1	0.034271955	0.758531874	0.990024938	0.009748384	0.127939394	0.145986949	0.322033898	0.85915493	0.761904762	0.333333333	0	0	0.013791708	0.010046325	0.010056941	2.92067E-07	0.002931569	1.7258E-07	0.006012775	0.355703033	0.149734719	0.108837716	0.677966102	0.158289796	0.841710204	0.758531874	0.686680268	0.758531874	0.173843954	0.322033898	0.123709243	0.429083163	0.285765367	0.285746946	0.413741037	0.015127399	0.117789961	0.150163147	0.353968809	0.054918992	0.000434511	0.113895334	0.174521085	0.07298245	0.048026166	0.116385871	0.004956897	0.774511607	0.285366132	0.312664	0.341634166	0.566176712	1.03871E-05	6.84191E-06	1.82611E-08	0.001421099	0.191249138	0.161793279	0.000213119	0.229697307	0.186012023	0.160437612	0.191197107	0.702617677	0.018227276	0.001225588	0.000334775	0.045016065	0.223541395	0.268191744	4.27943E-05	0.02017843	0.000336597	0.000473442	0.057323757	0.012105568	0.18111945	0.144266219
Design 1	0.034271955	0.758531874	0.990024938	0.008635668	0.127939394	0.145986949	0.322033898	0.85915493	0.761904762	0.333333333	0	0	0.012683535	0.008933944	0.008944572	2.92067E-07	0.003314642	1.8701E-07	0.006012775	0.355703033	0.149520147	0.108531559	0.677966102	0.154971063	0.845028937	0.758531874	0.686680268	0.758531874	0.173843954	0.322033898	0.123709243	0.429083163	0.284962907	0.284944362	0.413741037	0.015084888	0.117789961	0.150163147	0.353968809	0.054918992	0.000434511	0.113895334	0.157528579	0.07135531	0.048026166	0.129085221	0.005518199	0.774511607	0.284563155	0.290603113	0.320460744	0.566176712	1.14415E-05	7.28848E-06	1.9453E-08	0.001323971	0.179395568	0.158649014	0.000233122	0.21714195	0.172881568	0.149101187	0.179342773	0.702520837	0.018227276	0.001450452	0.000391008	0.046253741	0.236444159	0.27248898	5.1114E-05	0.02246337	0.000369918	0.000522419	0.061174755	0.013156573	0.192874391	0.121113084
Design 1	0.034271955	0.758531874	0.990024938	0.005774565	0.127939394	0.145986949	0.322033898	0.85915493	0.761904762	0.333333333	0	0	0.009834114	0.006073702	0.00608436	2.92067E-07	0.00482469	2.36609E-07	0.006012775	0.355703033	0.148967031	0.107744343	0.677966102	0.146351229	0.853648771	0.758531874	0.686680268	0.758531874	0.173843954	0.322033898	0.123709243	0.429083163	0.282899561	0.282880693	0.413741037	0.01497558	0.117789961	0.150163147	0.353968809	0.054918992	0.000434511	0.113895334	0.113836103	0.067171479	0.048026166	0.179146106	0.007730857	0.774511607	0.282498475	0.230424686	0.261373843	0.566176712	1.51085E-05	8.81766E-06	2.35344E-08	0.001052924	0.146316797	0.149123168	0.000307199	0.181325542	0.137063873	0.118174793	0.146261875	0.702139186	0.018227276	0.002470441	0.000638982	0.04968272	0.281353567	0.286511356	8.96246E-05	0.031470611	0.00049322	0.000708605	0.07477699	0.016932497	0.234394388	0.092591107
Design 1	0.034271955	0.758531874	0.990024938	0.004185193	0.127939394	0.145986949	0.322033898	0.85915493	0.761904762	0.333333333	0	0	0.008251231	0.004484807	0.004495483	2.92067E-07	0.006300019	2.77159E-07	0.006012775	0.355703033	0.148658897	0.107307037	0.677966102	0.141508276	0.858491724	0.758531874	0.686680268	0.758531874	0.173843954	0.322033898	0.123709243	0.429083163	0.28175335	0.281734303	0.413741037	0.014914858	0.117789961	0.150163147	0.353968809	0.054918992	0.000434511	0.113895334	0.08956448	0.064847318	0.048026166	0.228057959	0.009892728	0.774511607	0.281351524	0.194151169	0.224646595	0.566176712	1.81625E-05	1.00704E-05	2.6878E-08	0.000884447	0.125755688	0.142506156	0.000374088	0.158378289	0.115474179	0.099530817	0.125699443	0.701766439	0.018227276	0.003656117	0.000917463	0.051758839	0.318807359	0.297259821	0.000135506	0.040271111	0.0006044	0.000882377	0.086334668	0.020211746	0.269673503	0.078721596
Design 1	0.034271955	0.758531874	0.990024938	0.000830755	0.127939394	0.145986949	0.322033898	0.85915493	0.761904762	0.333333333	0	0	0.004910491	0.00113138	0.001142091	2.92067E-07	0.015543203	4.52173E-07	0.006012775	0.355703033	0.148006505	0.106384084	0.677966102	0.13115656	0.86884344	0.758531874	0.686680268	0.758531874	0.173843954	0.322033898	0.123709243	0.429083163	0.279334225	0.2793148	0.413741037	0.014786703	0.117789961	0.150163147	0.353968809	0.054918992	0.000434511	0.113895334	0.038338206	0.059942078	0.048026166	0.534575853	0.023440615	0.774511607	0.278930836	0.105906218	0.130425157	0.566176712	3.18763E-05	1.56043E-05	4.16482E-08	0.000452229	0.07300746	0.121660242	0.000729155	0.096095547	0.062951524	0.054156503	0.072947821	0.699434012	0.018227276	0.014592141	0.003292254	0.056613067	0.487791489	0.338177992	0.000583291	0.095421565	0.001192014	0.001870068	0.14038913	0.036250577	0.434671473	0.04712372
Design 1	0.034271955	0.758531874	0.990024938	0	0.127939394	0.145986949	0.322033898	0.85915493	0.761904762	0.333333333	0	0	0.004083127	0.000300874	0.000311594	2.92067E-07	0.02353061	5.56223E-07	0.006012775	0.355703033	0.147844498	0.106155507	0.677966102	0.128565107	0.871434893	0.758531874	0.686680268	0.758531874	0.173843954	0.322033898	0.123709243	0.429083163	0.278735108	0.278715589	0.413741037	0.014754964	0.117789961	0.150163147	0.353968809	0.054918992	0.000434511	0.113895334	0.025651574	0.058727253	0.048026166	0.799627467	0.03515572	0.774511607	0.278331332	0.079481294	0.100295631	0.566176712	4.03303E-05	1.90272E-05	5.07839E-08	0.000314017	0.056139971	0.113043212	0.000990133	0.074642572	0.047223631	0.040557766	0.056079247	0.697422484	0.018227276	0.028101568	0.006029578	0.057927556	0.592726654	0.359234182	0.001164272	0.143111168	0.001621275	0.002646139	0.175179727	0.047068272	0.540867665	0.036945289
Design 1	0.034273635	0.758531874	0.017456359	1	0.127939394	0.145986949	0.322033898	0.85915493	0.761904762	0.333333333	0	0	1	1	1	0.020769199	0.846581512	6.76476E-06	0.006012775	0.355714772	0.282698702	0.381323165	0.677966102	1	0	0.758531874	0.686680268	0.758531874	0.173843954	0.322033898	0.123709243	0.429097066	1	1	0.413741037	0.052964675	0.117789961	0.150163147	0.353957199	0.054916545	0.049230797	0.001409714	0.000238952	0.000948338	0.048029204	8.34369E-08	0.00212818	0.774535712	1	0.002816023	0.00298893	0.0040632	0.0003833	0.000298482	7.96651E-07	0.043308587	0.066941617	0.044992611	0.000837769	0.350471468	0.066980831	0.047527206	0.066881588	0.508875571	0.018228976	1.12945E-05	0.000123246	0.003210497	0.015107275	0.237169908	1.14688E-06	0.000834106	0.000845003	0.000370709	0.033549934	0.017773169	0.001682865	0.0886204
Design 1	0.034273635	0.758531874	0.017456359	0.666207334	0.127939394	0.145986949	0.322033898	0.85915493	0.761904762	0.333333333	0	0	0.667570252	0.666307763	0.666311342	0.020769199	0.896611229	1.18793E-05	0.006012775	0.355714772	0.245946769	0.289476424	0.677966102	0.893203756	0.106796244	0.758531874	0.686680268	0.758531874	0.173843954	0.322033898	0.123709243	0.429097066	0.759255738	0.759240553	0.413741037	0.040211013	0.117789961	0.150163147	0.353957199	0.054916545	0.049230797	0.001409714	0.000159305	0.00064326	0.048029204	0.000671405	0.003315058	0.774535712	0.759115183	0.002107933	0.002091043	0.0040632	0.000458501	0.000410306	1.09511E-06	0.036718446	0.046834963	0.039779705	0.001149691	0.282188005	0.050122872	0.035159074	0.04677364	0.498532063	0.018228976	3.66027E-05	0.000232076	0.012716099	0.027771549	0.252796999	2.85865E-06	0.00175277	0.001176104	0.000550206	0.044671042	0.023817936	0.011621097	0.061272857
Design 1	0.034273635	0.758531874	0.017456359	0.443678889	0.127939394	0.145986949	0.322033898	0.85915493	0.761904762	0.333333333	0	0	0.445950419	0.443846272	0.443852236	0.020769199	0.930734249	2.06599E-05	0.006012775	0.355714772	0.218076605	0.228245263	0.677966102	0.774295447	0.225704553	0.758531874	0.686680268	0.758531874	0.173843954	0.322033898	0.123709243	0.429097066	0.598759563	0.598734255	0.413741037	0.031708571	0.117789961	0.150163147	0.353957199	0.054916545	0.049230797	0.001409714	0.000106207	0.000439875	0.048029204	0.001678007	0.005094705	0.774535712	0.598525304	0.001577921	0.001451243	0.0040632	0.00054795	0.000571819	1.52619E-06	0.032022562	0.032507727	0.034654059	0.001565156	0.226439932	0.037504517	0.02610409	0.032445483	0.491545641	0.018228976	8.5687E-05	0.000432635	0.02533698	0.043665172	0.269289811	6.30185E-06	0.003130247	0.001631287	0.000802014	0.058287742	0.031456858	0.023789483	0.028780173
Design 1	0.034273635	0.758531874	0.017456359	0.399173356	0.127939394	0.145986949	0.322033898	0.85915493	0.761904762	0.333333333	0	0	0.401626607	0.399354129	0.39936057	0.020769199	0.937613442	2.38086E-05	0.006012775	0.355714772	0.2120696	0.215999073	0.677966102	0.742431041	0.257568959	0.758531874	0.686680268	0.758531874	0.173843954	0.322033898	0.123709243	0.429097066	0.56666044	0.566633108	0.413741037	0.030008089	0.117789961	0.150163147	0.353957199	0.054916545	0.049230797	0.001409714	9.55871E-05	0.000399198	0.048029204	0.002013439	0.00568774	0.774535712	0.566407441	0.001463543	0.001318248	0.0040632	0.000573845	0.000624638	1.66717E-06	0.031046426	0.029529518	0.033352686	0.001694085	0.213711869	0.034781443	0.024171187	0.029467082	0.490143854	0.018228976	0.000104706	0.000508078	0.029214914	0.048413695	0.273722828	7.66433E-06	0.003589266	0.00177548	0.000882633	0.062300687	0.033752148	0.027375598	0.023635032
Design 1	0.034273635	0.758531874	0.017456359	0.284730001	0.127939394	0.145986949	0.322033898	0.85915493	0.761904762	0.333333333	0	0	0.287650539	0.284945207	0.284952875	0.020769199	0.955366301	3.72055E-05	0.006012775	0.355714772	0.195791095	0.184508719	0.677966102	0.641090711	0.358909289	0.758531874	0.686680268	0.758531874	0.173843954	0.322033898	0.123709243	0.429097066	0.484119438	0.4840869	0.413741037	0.025635399	0.117789961	0.150163147	0.353957199	0.054916545	0.049230797	0.001409714	6.82795E-05	0.0002946	0.048029204	0.003354669	0.008058998	0.774535712	0.483818248	0.001150931	0.000966853	0.0040632	0.000664805	0.000832701	2.22249E-06	0.028467323	0.021660622	0.029324055	0.002176585	0.177279463	0.027338874	0.018923886	0.02159768	0.486536616	0.018228976	0.000192719	0.00084709	0.043468112	0.065547488	0.288301729	1.41037E-05	0.00542466	0.002325793	0.001193111	0.076624209	0.042090041	0.040175626	0.011946614
Design 1	0.034273635	0.758531874	0.017456359	0.221150445	0.127939394	0.145986949	0.322033898	0.85915493	0.761904762	0.333333333	0	0	0.224330587	0.221384781	0.22139313	0.020769199	0.965260884	5.15261E-05	0.006012775	0.355714772	0.18614303	0.167014102	0.677966102	0.568296494	0.431703506	0.758531874	0.686680268	0.758531874	0.173843954	0.322033898	0.123709243	0.429097066	0.438263389	0.438227957	0.413741037	0.02320613	0.117789961	0.150163147	0.353957199	0.054916545	0.049230797	0.001409714	5.31087E-05	0.00023649	0.048029204	0.00469509	0.010428826	0.774535712	0.437935426	0.000961868	0.000764864	0.0040632	0.0007418	0.001037264	2.76847E-06	0.026984803	0.017137424	0.026473262	0.002619948	0.153802336	0.022837737	0.015774204	0.017074191	0.484532542	0.018228976	0.000298163	0.001238864	0.056115341	0.080535042	0.299622258	2.20192E-05	0.007258948	0.002844307	0.001488977	0.089003977	0.049462094	0.051238643	0.009262193
Design 1	0.034273635	0.758531874	0.017456359	0.08697878	0.127939394	0.145986949	0.322033898	0.85915493	0.761904762	0.333333333	0	0	0.090706762	0.087253485	0.087263273	0.020769199	0.986190808	0.000157272	0.006012775	0.355714772	0.163962794	0.130095286	0.677966102	0.350520438	0.649479562	0.758531874	0.686680268	0.758531874	0.173843954	0.322033898	0.123709243	0.429097066	0.341493562	0.341452027	0.413741037	0.018079654	0.117789961	0.150163147	0.353957199	0.054916545	0.049230797	0.001409714	2.10936E-05	0.00011386	0.048029204	0.013833104	0.026584592	0.774535712	0.341109102	0.000497556	0.000336779	0.0040632	0.001107442	0.002133671	5.69479E-06	0.023842831	0.007551203	0.017447025	0.005132108	0.0889788	0.011783545	0.008106012	0.007487353	0.480308442	0.018228976	0.00139273	0.004971064	0.117774654	0.155915108	0.344596903	0.000109431	0.019763786	0.005932189	0.003302969	0.150441533	0.087864862	0.106141509	0.004005201
Design 1	0.034273635	0.758531874	0.017456359	0.053743907	0.127939394	0.145986949	0.322033898	0.85915493	0.761904762	0.333333333	0	0	0.057607591	0.054028611	0.054038755	0.020769199	0.991381616	0.00026045	0.006012775	0.355714772	0.157997091	0.120950343	0.677966102	0.276063889	0.723936111	0.758531874	0.686680268	0.758531874	0.173843954	0.322033898	0.123709243	0.429097066	0.317523278	0.317480231	0.413741037	0.016809805	0.117789961	0.150163147	0.353957199	0.054916545	0.049230797	0.001409714	1.31634E-05	8.34843E-05	0.048029204	0.022933576	0.042673985	0.774535712	0.317124823	0.000355465	0.000210217	0.0040632	0.001357365	0.003419386	9.12638E-06	0.022913914	0.004717059	0.013886681	0.007207081	0.065795555	0.008400684	0.005775757	0.004653026	0.479263992	0.018228976	0.003009252	0.010073208	0.156385743	0.209829694	0.369741787	0.000245788	0.032217251	0.008587941	0.004926984	0.194498532	0.116875598	0.145512468	0.002607065
Design 1	0.034273635	0.758531874	0.042394015	0.499310806	0.127939394	0.145986949	0.322033898	0.85915493	0.761904762	0.333333333	0	0	0.501355184	0.499461451	0.499466818	0.002596121	0.505187295	3.58222E-06	0.006012775	0.355714772	0.225363248	0.243553	0.677966102	0.809623289	0.190376711	0.758531874	0.686680268	0.758531874	0.173843954	0.322033898	0.123709243	0.429097066	0.638883467	0.63886069	0.413741037	0.033834174	0.117789961	0.150163147	0.353957199	0.054916545	0.024207046	0.004293961	0.000956279	0.001969915	0.048029204	0.001342525	0.002127466	0.774535712	0.638672634	0.007583322	0.009481361	0.01035453	0.000205699	0.000112449	3.00127E-07	0.022620486	0.106159664	0.062520966	0.000559331	0.350527457	0.090197794	0.069263568	0.106102158	0.582748844	0.018228976	2.596E-05	0.000113554	0.010582536	0.029365894	0.237158622	1.76767E-06	0.001506191	0.00062437	0.000334667	0.033542489	0.014805585	0.013160052	0.295824177
Design 1	0.034273635	0.758531874	0.042394015	0.332414667	0.127939394	0.145986949	0.322033898	0.85915493	0.761904762	0.333333333	0	0	0.335140503	0.332615526	0.332622683	0.002596121	0.63041014	6.19753E-06	0.006012775	0.355714772	0.202730403	0.197629682	0.677966102	0.68723681	0.31276319	0.758531874	0.686680268	0.758531874	0.173843954	0.322033898	0.123709243	0.429097066	0.518511476	0.518481106	0.413741037	0.027457351	0.117789961	0.150163147	0.353957199	0.054916545	0.024207046	0.004293961	0.000637691	0.001359759	0.048029204	0.002684156	0.00331345	0.774535712	0.518230365	0.005677489	0.006842752	0.01035453	0.000247191	0.000146884	3.92036E-07	0.017778895	0.076616081	0.057459445	0.0007878	0.282256657	0.067511071	0.050364348	0.076556674	0.554971806	0.018228976	6.66623E-05	0.000217839	0.022150919	0.04558784	0.252779109	4.19704E-06	0.002760177	0.00088324	0.00049956	0.044657352	0.020064749	0.025671517	0.204106446
Design 1	0.034273635	0.758531874	0.042394015	0.221150445	0.127939394	0.145986949	0.322033898	0.85915493	0.761904762	0.333333333	0	0	0.224330587	0.221384781	0.22139313	0.002596121	0.737480817	1.05374E-05	0.006012775	0.355714772	0.18614303	0.167014102	0.677966102	0.568296494	0.431703506	0.758531874	0.686680268	0.758531874	0.173843954	0.322033898	0.123709243	0.429097066	0.438263389	0.438227957	0.413741037	0.02320613	0.117789961	0.150163147	0.353957199	0.054916545	0.024207046	0.004293961	0.000425299	0.000952989	0.048029204	0.00469509	0.005091089	0.774535712	0.437935426	0.004251026	0.004893468	0.01035453	0.000296531	0.000194715	5.19696E-07	0.014202147	0.054790625	0.052362491	0.001096973	0.226523999	0.050530702	0.036777053	0.054729814	0.531851734	0.018228976	0.000146877	0.000413122	0.036961868	0.065808355	0.269261495	9.16252E-06	0.004639743	0.001240524	0.000730802	0.058262605	0.026708929	0.040986294	0.11048725
Design 1	0.034273635	0.758531874	0.042394015	0.198897678	0.127939394	0.145986949	0.322033898	0.85915493	0.761904762	0.333333333	0	0	0.202168681	0.199138709	0.199147297	0.002596121	0.761200296	1.20549E-05	0.006012775	0.355714772	0.182647788	0.160891007	0.677966102	0.539083004	0.460916996	0.758531874	0.686680268	0.758531874	0.173843954	0.322033898	0.123709243	0.429097066	0.422213827	0.422177384	0.413741037	0.022355889	0.117789961	0.150163147	0.353957199	0.054916545	0.024207046	0.004293961	0.000382821	0.000871635	0.048029204	0.005364995	0.005683276	0.774535712	0.421876494	0.003943206	0.004478506	0.01035453	0.000310813	0.000210026	5.60562E-07	0.013440733	0.050144442	0.051027223	0.001193303	0.213800479	0.046866463	0.033924307	0.050083332	0.526807014	0.018228976	0.000178158	0.000487044	0.041385881	0.071818423	0.273690924	1.11402E-05	0.005265886	0.001353775	0.000804816	0.062271251	0.028704843	0.045498634	0.083866737
Design 1	0.034273635	0.758531874	0.042394015	0.141676001	0.127939394	0.145986949	0.322033898	0.85915493	0.761904762	0.333333333	0	0	0.145180647	0.141934248	0.14194345	0.002596121	0.825375118	1.83214E-05	0.006012775	0.355714772	0.173342115	0.14514583	0.677966102	0.452658914	0.547341086	0.758531874	0.686680268	0.758531874	0.173843954	0.322033898	0.123709243	0.429097066	0.380943326	0.38090428	0.413741037	0.020169544	0.117789961	0.150163147	0.353957199	0.054916545	0.024207046	0.004293961	0.00027359	0.000662438	0.048029204	0.008042615	0.008050257	0.774535712	0.380581898	0.00310193	0.003361188	0.01035453	0.000360962	0.000269264	7.18669E-07	0.011390562	0.037634217	0.046733122	0.001554074	0.177384284	0.03685205	0.026284735	0.037572302	0.513296224	0.018228976	0.000323538	0.000820564	0.057136053	0.093382257	0.288255036	2.05286E-05	0.007768585	0.001785493	0.00108976	0.07657548	0.035953109	0.061600216	0.039461934
Design 1	0.034273635	0.758531874	0.042394015	0.109886223	0.127939394	0.145986949	0.322033898	0.85915493	0.761904762	0.333333333	0	0	0.113520671	0.110154035	0.110163577	0.002596121	0.862761185	2.47347E-05	0.006012775	0.355714772	0.167953542	0.136398522	0.677966102	0.396035956	0.603964044	0.758531874	0.686680268	0.758531874	0.173843954	0.322033898	0.123709243	0.429097066	0.358015301	0.357974809	0.413741037	0.018954909	0.117789961	0.150163147	0.353957199	0.054916545	0.024207046	0.004293961	0.000212907	0.000546218	0.048029204	0.010717014	0.01041439	0.774535712	0.357640487	0.002593185	0.002702241	0.01035453	0.000403394	0.000326302	8.70905E-07	0.01018146	0.030256226	0.043506811	0.001885352	0.153921164	0.030796033	0.021778112	0.030193837	0.50551735	0.018228976	0.00049833	0.001207263	0.070449997	0.112088798	0.299560207	3.21119E-05	0.010268274	0.002190901	0.001361143	0.088932986	0.042358708	0.075510465	0.020279506
Design 1	0.034273635	0.758531874	0.042394015	0.042800585	0.127939394	0.145986949	0.322033898	0.85915493	0.761904762	0.333333333	0	0	0.046708952	0.043088581	0.043098843	0.002596121	0.944585568	6.64085E-05	0.006012775	0.355714772	0.155983762	0.117939167	0.677966102	0.249024505	0.750975495	0.758531874	0.686680268	0.758531874	0.173843954	0.322033898	0.123709243	0.429097066	0.309630528	0.309586983	0.413741037	0.016391679	0.117789961	0.150163147	0.353957199	0.054916545	0.024207046	0.004293961	8.48471E-05	0.00030096	0.048029204	0.02890629	0.026493467	0.774535712	0.309227465	0.001344107	0.001181748	0.01035453	0.000604585	0.000690982	1.84424E-06	0.007391502	0.01323179	0.031901358	0.00375411	0.089167332	0.015927218	0.011058214	0.013168305	0.488725405	0.018228976	0.002317026	0.004898293	0.127117564	0.20417485	0.344420505	0.000160359	0.027269301	0.004569332	0.003021513	0.150158737	0.07566839	0.144429342	0.008031833
Design 1	0.034273635	0.758531874	0.042394015	0.02618276	0.127939394	0.145986949	0.322033898	0.85915493	0.761904762	0.333333333	0	0	0.03015898	0.026475756	0.026486196	0.002596121	0.96525001	0.000101496	0.006012775	0.355714772	0.152876726	0.113366589	0.677966102	0.205222038	0.794777962	0.758531874	0.686680268	0.758531874	0.173843954	0.322033898	0.123709243	0.429097066	0.297645106	0.297600806	0.413741037	0.015756739	0.117789961	0.150163147	0.353957199	0.054916545	0.024207046	0.004293961	5.31253E-05	0.000240207	0.048029204	0.046947749	0.042441877	0.774535712	0.297235045	0.000962084	0.000765088	0.01035453	0.000741699	0.001036977	2.76771E-06	0.006626972	0.008566599	0.026476723	0.005288734	0.066033273	0.011379681	0.007866915	0.008502815	0.484534743	0.018228976	0.004996274	0.009931283	0.156508399	0.268435429	0.369442463	0.000359918	0.044132168	0.006573979	0.004502459	0.193928713	0.10075037	0.193699094	0.005235561
Design 1	0.034273635	0.758531874	0.092269327	0.248966404	0.127939394	0.145986949	0.322033898	0.85915493	0.761904762	0.333333333	0	0	0.252032969	0.24919237	0.249200422	0.000324487	0.157947002	1.82627E-06	0.006012775	0.355714772	0.190423275	0.17466797	0.677966102	0.60193619	0.39806381	0.758531874	0.686680268	0.758531874	0.173843954	0.322033898	0.123709243	0.429097066	0.45832534	0.458291175	0.413741037	0.024268932	0.117789961	0.150163147	0.353957199	0.054916545	0.01169517	0.010062454	0.003827606	0.004225754	0.048029204	0.004024982	0.002126037	0.774535712	0.458009091	0.020423093	0.027098744	0.026207688	0.000107653	4.97815E-05	1.32868E-07	0.013617027	0.151703044	0.080690231	0.000367561	0.350639553	0.121478382	0.101090319	0.151648468	0.664123584	0.018228976	4.86208E-05	0.000104407	0.018914635	0.047474603	0.237136032	2.61374E-06	0.002422977	0.000461749	0.000301447	0.033527591	0.012219581	0.027604315	0.426242316
Design 1	0.034273635	0.758531874	0.092269327	0.16551814	0.127939394	0.145986949	0.322033898	0.85915493	0.761904762	0.333333333	0	0	0.168925436	0.165769214	0.16577816	0.000324487	0.231301233	3.07881E-06	0.006012775	0.355714772	0.177277832	0.151706258	0.677966102	0.490846037	0.509153963	0.758531874	0.686680268	0.758531874	0.173843954	0.322033898	0.123709243	0.429097066	0.398139205	0.398101243	0.413741037	0.021080512	0.117789961	0.150163147	0.353957199	0.054916545	0.01169517	0.010062454	0.002553251	0.003005441	0.048029204	0.006704218	0.003310242	0.774535712	0.397787816	0.015294034	0.020142673	0.026207688	0.000130534	6.22656E-05	1.66188E-07	0.010426098	0.112760696	0.075118227	0.000517156	0.282393739	0.090950655	0.074417042	0.112703615	0.646383983	0.018228976	0.000110147	0.000198021	0.032036028	0.06798563	0.252743403	5.86102E-06	0.004133403	0.000665016	0.000452822	0.044630035	0.016792562	0.043346524	0.357230316
Design 1	0.034273635	0.758531874	0.092269327	0.109886223	0.127939394	0.145986949	0.322033898	0.85915493	0.761904762	0.333333333	0	0	0.113520671	0.110154035	0.110163577	0.000324487	0.329916411	5.04292E-06	0.006012775	0.355714772	0.167953542	0.136398522	0.677966102	0.396035956	0.603964044	0.758531874	0.686680268	0.758531874	0.173843954	0.322033898	0.123709243	0.429097066	0.358015301	0.357974809	0.413741037	0.018954909	0.117789961	0.150163147	0.353957199	0.054916545	0.01169517	0.010062454	0.001703685	0.002191902	0.048029204	0.010717014	0.005083871	0.774535712	0.357640487	0.011455503	0.014857746	0.026207688	0.000157728	7.87213E-05	2.10108E-07	0.008001766	0.083173955	0.069817673	0.000724689	0.226692048	0.068104042	0.054470644	0.08311497	0.623005298	0.018228976	0.000232296	0.000374827	0.047825506	0.093277495	0.269204928	1.25423E-05	0.006695174	0.000944622	0.000664958	0.058212406	0.022566414	0.062605033	0.218702987
Design 1	0.034273635	0.758531874	0.092269327	0.09875984	0.127939394	0.145986949	0.322033898	0.85915493	0.761904762	0.333333333	0	0	0.102439718	0.099030999	0.099040661	0.000324487	0.359478219	5.70253E-06	0.006012775	0.355714772	0.166026964	0.133336974	0.677966102	0.37446531	0.62553469	0.758531874	0.686680268	0.758531874	0.173843954	0.322033898	0.123709243	0.429097066	0.34999052	0.349949522	0.413741037	0.018529789	0.117789961	0.150163147	0.353957199	0.054916545	0.01169517	0.010062454	0.001533771	0.002029194	0.048029204	0.012053003	0.005674369	0.774535712	0.349611021	0.010627251	0.013710029	0.026207688	0.000165596	8.38298E-05	2.23743E-07	0.007475279	0.07674866	0.068472884	0.0007908	0.213977599	0.063174352	0.050184464	0.076689261	0.616100452	0.018228976	0.000280389	0.000442459	0.052327301	0.100737044	0.273627197	1.52275E-05	0.00754807	0.001032897	0.000732819	0.062212478	0.024300048	0.068276753	0.177821486
Design 1	0.034273635	0.758531874	0.092269327	0.070148807	0.127939394	0.145986949	0.322033898	0.85915493	0.761904762	0.333333333	0	0	0.073945508	0.070428575	0.070438543	0.000324487	0.461598186	8.30832E-06	0.006012775	0.355714772	0.160968924	0.125464332	0.677966102	0.314170519	0.685829481	0.758531874	0.686680268	0.758531874	0.173843954	0.322033898	0.123709243	0.429097066	0.32935513	0.32931283	0.413741037	0.017436609	0.117789961	0.150163147	0.353957199	0.054916545	0.01169517	0.010062454	0.001096847	0.001610798	0.048029204	0.017389019	0.008032852	0.774535712	0.328963583	0.008363834	0.010565979	0.026207688	0.00019321	0.000103061	2.75072E-07	0.006033022	0.059147245	0.064237643	0.001043889	0.177593491	0.049702686	0.038563821	0.059086714	0.592608343	0.018228976	0.000506692	0.000751606	0.067585704	0.127294285	0.288161935	2.81282E-05	0.010954585	0.001367671	0.000993899	0.076478379	0.030592229	0.088504443	0.071171661
Design 1	0.034273635	0.758531874	0.092269327	0.054253918	0.127939394	0.145986949	0.322033898	0.85915493	0.761904762	0.333333333	0	0	0.05811552	0.054538468	0.054548607	0.000324487	0.541057145	1.08166E-05	0.006012775	0.355714772	0.158090308	0.121090678	0.677966102	0.277291307	0.722708693	0.758531874	0.686680268	0.758531874	0.173843954	0.322033898	0.123709243	0.429097066	0.317891118	0.317848094	0.413741037	0.016829292	0.117789961	0.150163147	0.353957199	0.054916545	0.01169517	0.010062454	0.000854113	0.001378358	0.048029204	0.022712218	0.010385671	0.774535712	0.317492877	0.006995324	0.00866517	0.026207688	0.000216554	0.000120968	3.22866E-07	0.005161072	0.0485059	0.0611097	0.001282157	0.154158276	0.041557426	0.031658724	0.048444685	0.574709685	0.018228976	0.000782959	0.001115807	0.079591037	0.150088204	0.299436548	4.42825E-05	0.014352918	0.001679579	0.00124228	0.088791617	0.036147606	0.105963441	0.035603078
Design 1	0.034273635	0.758531874	0.092269327	0.020711099	0.127939394	0.145986949	0.322033898	0.85915493	0.761904762	0.333333333	0	0	0.02470966	0.021005741	0.02101624	0.000324487	0.784742823	2.48863E-05	0.006012775	0.355714772	0.151840044	0.111861001	0.677966102	0.190017078	0.809982922	0.758531874	0.686680268	0.758531874	0.173843954	0.322033898	0.123709243	0.429097066	0.293698731	0.293654182	0.413741037	0.015547676	0.117789961	0.150163147	0.353957199	0.054916545	0.01169517	0.010062454	0.000341874	0.000887841	0.048029204	0.058748626	0.026313523	0.774535712	0.293286366	0.003637092	0.004068754	0.026207688	0.000326901	0.000228092	6.0878E-07	0.003052578	0.022773667	0.049586194	0.002660628	0.089542473	0.02156951	0.015536818	0.022710796	0.521827251	0.018228976	0.003723368	0.004672583	0.12274248	0.259796239	0.344070635	0.000227207	0.037358581	0.003472885	0.002755577	0.149598878	0.064935806	0.192182346	0.014407334
Design 1	0.034273635	0.758531874	0.092269327	0.01240238	0.127939394	0.145986949	0.322033898	0.85915493	0.761904762	0.333333333	0	0	0.016434867	0.012699523	0.01271011	0.000324487	0.861460501	3.51722E-05	0.006012775	0.355714772	0.150252431	0.109574765	0.677966102	0.166130733	0.833869267	0.758531874	0.686680268	0.758531874	0.173843954	0.322033898	0.123709243	0.429097066	0.28770616	0.287661233	0.413741037	0.015230214	0.117789961	0.150163147	0.353957199	0.054916545	0.01169517	0.010062454	0.000214989	0.000766338	0.048029204	0.094203925	0.041984529	0.774535712	0.287290297	0.002611279	0.002725395	0.026207688	0.00040166	0.000323844	8.64344E-07	0.002436345	0.015253105	0.043632151	0.00379278	0.066507394	0.01546396	0.010946496	0.01518975	0.505786852	0.018228976	0.008070167	0.009539925	0.140895931	0.334748656	0.368848523	0.000512804	0.059993264	0.004952798	0.004095287	0.192801388	0.086472846	0.253439391	0.009597746
Design 1	0.034273635	0.758531874	0.19201995	0.082070264	0.127939394	0.145986949	0.322033898	0.85915493	0.761904762	0.333333333	0	0	0.085818288	0.082346446	0.082356286	4.05325E-05	0.05977448	1.40882E-06	0.006012775	0.355714772	0.163095197	0.128744653	0.677966102	0.340188592	0.659811408	0.758531874	0.686680268	0.758531874	0.173843954	0.322033898	0.123709243	0.429097066	0.337953349	0.337911591	0.413741037	0.017892108	0.117789961	0.150163147	0.353957199	0.054916545	0.005439232	0.021599441	0.010231642	0.007147562	0.048029204	0.014722572	0.003303826	0.774535712	0.337566822	0.041223134	0.054120443	0.066155144	6.61278E-05	2.99226E-05	7.98639E-08	0.006383502	0.151485027	0.095890605	0.000354452	0.282668422	0.12259749	0.104368044	0.151430437	0.688341518	0.018228976	0.000186815	0.000189647	0.040244785	0.095456247	0.252671917	8.56494E-06	0.006001259	0.000497516	0.000409523	0.044575371	0.013935482	0.065551594	0.426425214
Design 1	0.034273635	0.758531874	0.19201995	0.054253918	0.127939394	0.145986949	0.322033898	0.85915493	0.761904762	0.333333333	0	0	0.05811552	0.054538468	0.054548607	4.05325E-05	0.089475497	2.18854E-06	0.006012775	0.355714772	0.158090308	0.121090678	0.677966102	0.277291307	0.722708693	0.758531874	0.686680268	0.758531874	0.173843954	0.322033898	0.123709243	0.429097066	0.317891118	0.317848094	0.413741037	0.016829292	0.117789961	0.150163147	0.353957199	0.054916545	0.005439232	0.021599441	0.00683333	0.005520462	0.048029204	0.022712218	0.005069511	0.774535712	0.317492877	0.030896925	0.040924636	0.066155144	8.10927E-05	3.67018E-05	9.79575E-08	0.004870188	0.114547815	0.08931539	0.000493361	0.227027375	0.091867125	0.077677533	0.114490849	0.68095648	0.018228976	0.000376784	0.000352891	0.054753119	0.1263579	0.269092198	1.77548E-05	0.009485068	0.000713064	0.000603734	0.058112443	0.018944256	0.089729283	0.243182261
Design 1	0.034273635	0.758531874	0.19201995	0.048690726	0.127939394	0.145986949	0.322033898	0.85915493	0.761904762	0.333333333	0	0	0.052575043	0.048976951	0.048987149	4.05325E-05	0.099271688	2.43653E-06	0.006012775	0.355714772	0.157070565	0.119559904	0.677966102	0.26374719	0.73625281	0.758531874	0.686680268	0.758531874	0.173843954	0.322033898	0.123709243	0.429097066	0.313878727	0.313835451	0.413741037	0.016616731	0.117789961	0.150163147	0.353957199	0.054916545	0.005439232	0.021599441	0.006153678	0.005195047	0.048029204	0.025369027	0.005656657	0.774535712	0.313478144	0.028669244	0.038024075	0.066155144	8.54184E-05	3.87364E-05	1.03388E-07	0.004537548	0.106428673	0.087690276	0.000536914	0.214330985	0.085237639	0.071910546	0.106371184	0.678531814	0.018228976	0.000450589	0.000414496	0.058623153	0.135387346	0.273500233	2.13997E-05	0.010643544	0.000780622	0.000665793	0.062095479	0.020446711	0.096843125	0.193815446
Design 1	0.034273635	0.758531874	0.19201995	0.034385598	0.127939394	0.145986949	0.322033898	0.85915493	0.761904762	0.333333333	0	0	0.038328324	0.034676126	0.034686478	4.05325E-05	0.137826298	3.36517E-06	0.006012775	0.355714772	0.154418077	0.11562369	0.677966102	0.227275962	0.772724038	0.758531874	0.686680268	0.758531874	0.173843954	0.322033898	0.123709243	0.429097066	0.303561312	0.303517385	0.413741037	0.016070156	0.117789961	0.150163147	0.353957199	0.054916545	0.005439232	0.021599441	0.004406026	0.004358277	0.048029204	0.035964279	0.007998173	0.774535712	0.303154705	0.022582901	0.029990275	0.066155144	0.000100585	4.61597E-05	1.23201E-07	0.00361622	0.08394076	0.082706956	0.000701781	0.178012323	0.067124938	0.056131694	0.083881824	0.669042358	0.018228976	0.000793592	0.000692664	0.070927435	0.167263974	0.287975919	3.86933E-05	0.015263503	0.001034959	0.000904214	0.076284595	0.025893346	0.122185388	0.074347625
Design 1	0.034273635	0.758531874	0.19201995	0.026437959	0.127939394	0.145986949	0.322033898	0.85915493	0.761904762	0.333333333	0	0	0.030413137	0.026730879	0.026741316	4.05325E-05	0.175203628	4.20001E-06	0.006012775	0.355714772	0.152924908	0.11343681	0.677966102	0.205921366	0.794078634	0.758531874	0.686680268	0.758531874	0.173843954	0.322033898	0.123709243	0.429097066	0.297829166	0.297784877	0.413741037	0.01576649	0.117789961	0.150163147	0.353957199	0.054916545	0.005439232	0.021599441	0.003435066	0.003893385	0.048029204	0.046509455	0.010328621	0.774535712	0.297419213	0.018904047	0.025051764	0.066155144	0.000113384	5.27979E-05	1.40918E-07	0.003049865	0.070117062	0.079169522	0.000855892	0.154632152	0.056176822	0.046575572	0.070057237	0.659923188	0.018228976	0.001207381	0.00101662	0.079790776	0.194340209	0.299190042	6.00873E-05	0.019861626	0.001269692	0.001130554	0.088510225	0.03069337	0.144020796	0.048568138
Design 1	0.034273635	0.758531874	0.19201995	0.00966655	0.127939394	0.145986949	0.322033898	0.85915493	0.761904762	0.333333333	0	0	0.013710207	0.009964515	0.009975132	4.05325E-05	0.38924086	8.31882E-06	0.006012775	0.355714772	0.149726062	0.108821971	0.677966102	0.158046356	0.841953644	0.758531874	0.686680268	0.758531874	0.173843954	0.322033898	0.123709243	0.429097066	0.285732972	0.285687921	0.413741037	0.015125683	0.117789961	0.150163147	0.353957199	0.054916545	0.005439232	0.021599441	0.00138611	0.002912352	0.048029204	0.117242351	0.025960356	0.774535712	0.285315957	0.009885928	0.012681178	0.066155144	0.000173519	8.9138E-05	2.3791E-07	0.001631188	0.03548978	0.06718637	0.001770243	0.090289945	0.029339277	0.023158068	0.035427727	0.609196279	0.018228976	0.005598639	0.004178554	0.106639498	0.322279147	0.343377949	0.000301263	0.050704028	0.002592321	0.002498181	0.148494529	0.055396433	0.251154883	0.022680933
Design 1	0.034273635	0.758531874	0.19201995	0.005512385	0.127939394	0.145986949	0.322033898	0.85915493	0.761904762	0.333333333	0	0	0.009573004	0.0058116	0.005822261	4.05325E-05	0.532115766	1.1046E-05	0.006012775	0.355714772	0.148923321	0.107678906	0.677966102	0.145555048	0.854444952	0.758531874	0.686680268	0.758531874	0.173843954	0.322033898	0.123709243	0.429097066	0.282736827	0.282691586	0.413741037	0.014966959	0.117789961	0.150163147	0.353957199	0.054916545	0.005439232	0.021599441	0.000878597	0.002669357	0.048029204	0.185737254	0.041097501	0.774535712	0.282318062	0.007137991	0.008863095	0.066155144	0.00021379	0.000118766	3.16988E-07	0.001193325	0.024802343	0.061462588	0.002555711	0.067449281	0.021161534	0.016164149	0.024739602	0.576707386	0.018228976	0.012157101	0.008562072	0.115988322	0.408201939	0.367680507	0.000681011	0.080570575	0.003660715	0.003691285	0.190597398	0.073643182	0.326352095	0.015831442
Design 1	0.034273635	0.758531874	0.291770574	0.054253918	0.127939394	0.145986949	0.322033898	0.85915493	0.761904762	0.333333333	0	0	0.05811552	0.054538468	0.054548607	1.19868E-05	0.0262386	8.43654E-07	0.006012775	0.355714772	0.158090308	0.121090678	0.677966102	0.277291307	0.722708693	0.758531874	0.686680268	0.758531874	0.173843954	0.322033898	0.123709243	0.429097066	0.317891118	0.317848094	0.413741037	0.016829292	0.117789961	0.150163147	0.353957199	0.054916545	0.00335392	0.033136428	0.023062636	0.012423969	0.048029204	0.022712218	0.003297458	0.774535712	0.317492877	0.073664968	0.093496535	0.113647789	4.28232E-05	2.00462E-05	5.35036E-08	0.00475547	0.174466991	0.110883495	0.000286868	0.282941801	0.146067518	0.125312682	0.17441388	0.696741355	0.018228976	0.000255708	0.000187637	0.043114413	0.113927345	0.252600852	1.08103E-05	0.0073884	0.000416391	0.000385577	0.044521065	0.012432616	0.08106847	0.432034935
Design 1	0.034273635	0.758531874	0.291770574	0.035710075	0.127939394	0.145986949	0.322033898	0.85915493	0.761904762	0.333333333	0	0	0.039647393	0.036000205	0.036010542	1.19868E-05	0.039529861	1.26559E-06	0.006012775	0.355714772	0.154665539	0.115988135	0.677966102	0.230756562	0.769243438	0.758531874	0.686680268	0.758531874	0.173843954	0.322033898	0.123709243	0.429097066	0.304516576	0.304472709	0.413741037	0.016120762	0.117789961	0.150163147	0.353957199	0.054916545	0.00335392	0.033136428	0.015416595	0.009983371	0.048029204	0.03464272	0.005055192	0.774535712	0.304110527	0.055247985	0.071480988	0.113647789	5.33609E-05	2.44241E-05	6.51883E-08	0.003633348	0.133383591	0.103135675	0.000400561	0.227363112	0.109528739	0.093683749	0.133327837	0.693404446	0.018228976	0.000507696	0.000347369	0.055750036	0.148254917	0.268979523	2.21498E-05	0.011550718	0.000599667	0.000569696	0.058012628	0.017034901	0.108648243	0.230509163
Design 1	0.034273635	0.758531874	0.291770574	0.032001151	0.127939394	0.145986949	0.322033898	0.85915493	0.761904762	0.333333333	0	0	0.035953614	0.032292397	0.032302774	1.19868E-05	0.043937427	1.39529E-06	0.006012775	0.355714772	0.153971589	0.114967583	0.677966102	0.220954332	0.779045668	0.758531874	0.686680268	0.758531874	0.173843954	0.322033898	0.123709243	0.429097066	0.301841556	0.30179752	0.413741037	0.015979051	0.117789961	0.150163147	0.353957199	0.054916545	0.00335392	0.033136428	0.013887323	0.00949523	0.048029204	0.038605469	0.005639028	0.774535712	0.301433945	0.051275386	0.066621858	0.113647789	5.64044E-05	2.57137E-05	6.86302E-08	0.00338568	0.124315927	0.10123096	0.000435968	0.214684296	0.101647213	0.086855649	0.124259589	0.692300146	0.018228976	0.000605078	0.000407326	0.058971078	0.158233692	0.273373535	2.66236E-05	0.012933244	0.000656842	0.000628467	0.061978854	0.018414173	0.116756097	0.185490655
Design 1	0.034273635	0.758531874	0.291770574	0.02246414	0.127939394	0.145986949	0.322033898	0.85915493	0.761904762	0.333333333	0	0	0.026455544	0.022758255	0.022768735	1.19868E-05	0.061442324	1.86665E-06	0.006012775	0.355714772	0.152172936	0.112343369	0.677966102	0.194932823	0.805067177	0.758531874	0.686680268	0.758531874	0.173843954	0.322033898	0.123709243	0.429097066	0.294963093	0.294918623	0.413741037	0.015614657	0.117789961	0.150163147	0.353957199	0.054916545	0.00335392	0.033136428	0.009955	0.008240042	0.048029204	0.054385474	0.007963914	0.774535712	0.294551466	0.040423877	0.053112701	0.113647789	6.70641E-05	3.03356E-05	8.09661E-08	0.002697125	0.099106374	0.095427434	0.000568935	0.17842867	0.080118121	0.06818812	0.099048415	0.687925468	0.018228976	0.001054564	0.000676199	0.068812092	0.193311756	0.287791495	4.77054E-05	0.018438578	0.000871163	0.000853957	0.076092763	0.023408531	0.145608086	0.072518094
Design 1	0.034273635	0.758531874	0.291770574	0.017165844	0.127939394	0.145986949	0.322033898	0.85915493	0.761904762	0.333333333	0	0	0.021178881	0.017461553	0.01747209	1.19868E-05	0.078730194	2.27564E-06	0.006012775	0.355714772	0.151164624	0.110885484	0.677966102	0.179945262	0.820054738	0.758531874	0.686680268	0.758531874	0.173843954	0.322033898	0.123709243	0.429097066	0.291141755	0.291097045	0.413741037	0.015412218	0.117789961	0.150163147	0.353957199	0.054916545	0.00335392	0.033136428	0.007770394	0.007542721	0.048029204	0.070053169	0.010272253	0.774535712	0.290727898	0.033867314	0.044761174	0.113647789	7.6045E-05	3.43713E-05	9.17374E-08	0.002271452	0.08352152	0.091353014	0.000691728	0.155104152	0.067110084	0.056893071	0.083462557	0.683622395	0.018228976	0.001591276	0.000986117	0.075538736	0.222957298	0.298945345	7.35204E-05	0.02390473	0.001067895	0.001067547	0.088231446	0.027801554	0.170422271	0.055876045
Design 1	0.034273635	0.758531874	0.291770574	0.005985163	0.127939394	0.145986949	0.322033898	0.85915493	0.761904762	0.333333333	0	0	0.010043852	0.006284236	0.006294892	1.19868E-05	0.18962699	4.18785E-06	0.006012775	0.355714772	0.149014894	0.107808997	0.677966102	0.146989996	0.853010004	0.758531874	0.686680268	0.758531874	0.173843954	0.322033898	0.123709243	0.429097066	0.283077813	0.283032593	0.413741037	0.014985023	0.117789961	0.150163147	0.353957199	0.054916545	0.00335392	0.033136428	0.003160349	0.006071206	0.048029204	0.174197962	0.025616021	0.774535712	0.282659247	0.017811349	0.023572445	0.113647789	0.000117985	5.52716E-05	1.47521E-07	0.001191472	0.043981053	0.07801455	0.001397048	0.091033415	0.035255498	0.029141704	0.043919546	0.656425284	0.018228976	0.00709565	0.003911213	0.094212177	0.361792623	0.342694755	0.000354619	0.060238806	0.002163417	0.002347661	0.147410613	0.050257313	0.29139773	0.028052642
Design 1	0.034273635	0.758531874	0.291770574	0.00321559	0.127939394	0.145986949	0.322033898	0.85915493	0.761904762	0.333333333	0	0	0.007285588	0.003515497	0.003526182	1.19868E-05	0.28551164	5.40996E-06	0.006012775	0.355714772	0.148477668	0.107046918	0.677966102	0.138534415	0.861465585	0.758531874	0.686680268	0.758531874	0.173843954	0.322033898	0.123709243	0.429097066	0.281080289	0.281034944	0.413741037	0.014879202	0.117789961	0.150163147	0.353957199	0.054916545	0.00335392	0.033136428	0.002018392	0.005706696	0.048029204	0.273511794	0.040248039	0.774535712	0.280660557	0.012930028	0.016895124	0.113647789	0.000145758	7.12526E-05	1.90174E-07	0.000851132	0.031520446	0.072012171	0.001988065	0.068380137	0.025571094	0.020678362	0.031458138	0.633466287	0.018228976	0.015050586	0.007838621	0.100161126	0.454009181	0.366541422	0.000782648	0.094887455	0.003035066	0.003448706	0.188464473	0.06664145	0.375321008	0.020133329
Design 1	0.034273635	0.758531874	0.391521197	0.040345939	0.127939394	0.145986949	0.322033898	0.85915493	0.761904762	0.333333333	0	0	0.044264328	0.040634674	0.040644962	5.03816E-06	0.014467055	5.67709E-07	0.006012775	0.355714772	0.15552865	0.117263744	0.677966102	0.242769056	0.757230944	0.758531874	0.686680268	0.758531874	0.173843954	0.322033898	0.123709243	0.429097066	0.307860142	0.307816486	0.413741037	0.016297891	0.117789961	0.150163147	0.353957199	0.054916545	0.002311263	0.044673414	0.041074017	0.018834725	0.048029204	0.030673107	0.003291096	0.774535712	0.307456045	0.111251026	0.136386334	0.166816424	3.05669E-05	1.50772E-05	4.02411E-08	0.003834827	0.190875693	0.123214748	0.000246596	0.283215639	0.16545703	0.14233099	0.190823637	0.69970531	0.018228976	0.000319056	0.000186604	0.043939825	0.128080295	0.252529748	1.27574E-05	0.008531175	0.000364854	0.000369116	0.044466765	0.011433738	0.093375062	0.411877236
Design 1	0.034273635	0.758531874	0.391521197	0.026437959	0.127939394	0.145986949	0.322033898	0.85915493	0.761904762	0.333333333	0	0	0.030413137	0.026730879	0.026741316	5.03816E-06	0.021924329	8.31581E-07	0.006012775	0.355714772	0.152924908	0.11343681	0.677966102	0.205921366	0.794078634	0.758531874	0.686680268	0.758531874	0.173843954	0.322033898	0.123709243	0.429097066	0.297829166	0.297784877	0.413741037	0.01576649	0.117789961	0.150163147	0.353957199	0.054916545	0.002311263	0.044673414	0.02748096	0.015580571	0.048029204	0.046509455	0.005040986	0.774535712	0.297419213	0.08349011	0.104943719	0.166816424	3.87757E-05	1.83944E-05	4.90949E-08	0.002933356	0.146869195	0.114468095	0.000345913	0.227697537	0.124149368	0.106619548	0.146814308	0.697826707	0.018228976	0.000628165	0.000344538	0.054904493	0.164881507	0.268867479	2.59695E-05	0.013247626	0.000527442	0.000546187	0.057913469	0.015763484	0.123626699	0.200241938
Design 1	0.034273635	0.758531874	0.391521197	0.021892463	0.127939394	0.145986949	0.322033898	0.85915493	0.761904762	0.333333333	0	0	0.0258862	0.02218675	0.022197235	5.03816E-06	0.026266835	9.68454E-07	0.006012775	0.355714772	0.152064456	0.112186066	0.677966102	0.193334405	0.806665595	0.758531874	0.686680268	0.758531874	0.173843954	0.322033898	0.123709243	0.429097066	0.294550776	0.294506281	0.413741037	0.015592814	0.117789961	0.150163147	0.353957199	0.054916545	0.002311263	0.044673414	0.023038388	0.014517027	0.048029204	0.055737016	0.006060617	0.774535712	0.294138909	0.073609637	0.093431528	0.166816424	4.28484E-05	2.00565E-05	5.35312E-08	0.002603297	0.130756946	0.110862385	0.000399513	0.20664536	0.109447431	0.093902292	0.130701023	0.696734255	0.018228976	0.000842507	0.000450395	0.05943632	0.183221927	0.276317241	3.53549E-05	0.015995819	0.000615326	0.000644738	0.06472172	0.018004666	0.138943517	0.122142456
Design 1	0.034273635	0.758531874	0.391521197	0.016503799	0.127939394	0.145986949	0.322033898	0.85915493	0.761904762	0.333333333	0	0	0.020519539	0.016799708	0.016810251	5.03816E-06	0.034220576	1.19372E-06	0.006012775	0.355714772	0.151038167	0.110703316	0.677966102	0.178044805	0.821955195	0.758531874	0.686680268	0.758531874	0.173843954	0.322033898	0.123709243	0.429097066	0.290664263	0.290619522	0.413741037	0.015386923	0.117789961	0.150163147	0.353957199	0.054916545	0.002311263	0.044673414	0.017771742	0.013256201	0.048029204	0.072652639	0.007929765	0.774535712	0.290250126	0.061153042	0.078627165	0.166816424	4.94321E-05	2.2777E-05	6.07922E-08	0.002178851	0.110037035	0.105795459	0.000492082	0.178846292	0.090912278	0.07786082	0.109979778	0.694736165	0.018228976	0.001294929	0.000667717	0.06564915	0.212928447	0.287606994	5.55628E-05	0.021033704	0.000766933	0.000818965	0.075901144	0.02174835	0.164094356	0.077354649
Design 1	0.034273635	0.758531874	0.391521197	0.010257232	0.127939394	0.145986949	0.322033898	0.85915493	0.761904762	0.333333333	0	0	0.014298477	0.01055502	0.01056563	5.03816E-06	0.052382734	1.61977E-06	0.006012775	0.355714772	0.149839862	0.108984503	0.677966102	0.159801257	0.840198743	0.758531874	0.686680268	0.758531874	0.173843954	0.322033898	0.123709243	0.429097066	0.286158995	0.28611397	0.413741037	0.015148252	0.117789961	0.150163147	0.353957199	0.054916545	0.002311263	0.044673414	0.011666617	0.011794645	0.048029204	0.111374337	0.012208448	0.774535712	0.285742228	0.045274706	0.059196636	0.166816424	6.1794E-05	2.80291E-05	7.48101E-08	0.001621771	0.082842429	0.098144204	0.000685295	0.140776443	0.067285647	0.057391162	0.082783423	0.690187351	0.018228976	0.002591959	0.001263832	0.074330228	0.268807965	0.306766131	0.000115358	0.03256597	0.00108165	0.001195592	0.097415253	0.029149421	0.212495587	0.054109754
Design 1	0.034273635	0.758531874	0.391521197	0.004827457	0.127939394	0.145986949	0.322033898	0.85915493	0.761904762	0.333333333	0	0	0.008890873	0.005126879	0.005137547	5.03816E-06	0.096084668	2.37131E-06	0.006012775	0.355714772	0.14879056	0.107490441	0.677966102	0.143470048	0.856529952	0.758531874	0.686680268	0.758531874	0.173843954	0.322033898	0.123709243	0.429097066	0.282242831	0.282197559	0.413741037	0.014940789	0.117789961	0.150163147	0.353957199	0.054916545	0.002311263	0.044673414	0.006359791	0.0105242	0.048029204	0.205428756	0.022601305	0.774535712	0.281823777	0.029351921	0.03891514	0.166816424	8.40371E-05	3.80828E-05	1.01644E-07	0.001040293	0.054456824	0.088197951	0.001095725	0.0982445	0.043592876	0.036817157	0.054395992	0.679320033	0.018228976	0.007043938	0.003177416	0.083617911	0.369551351	0.336350969	0.000330697	0.06057767	0.001739175	0.002034362	0.137594303	0.043546215	0.30288815	0.035111261
Design 1	0.034273635	0.758531874	0.391521197	0.002067193	0.127939394	0.145986949	0.322033898	0.85915493	0.761904762	0.333333333	0	0	0.006141879	0.002367445	0.002378143	5.03816E-06	0.164804875	3.21363E-06	0.006012775	0.355714772	0.148254348	0.106730924	0.677966102	0.134992975	0.865007025	0.758531874	0.686680268	0.758531874	0.173843954	0.322033898	0.123709243	0.429097066	0.28025202	0.280206623	0.413741037	0.014835324	0.117789961	0.150163147	0.353957199	0.054916545	0.002311263	0.044673414	0.003662028	0.00987836	0.048029204	0.357752094	0.03943278	0.774535712	0.279831805	0.019788045	0.026244335	0.166816424	0.000109963	5.09888E-05	1.3609E-07	0.000677016	0.036723002	0.080065703	0.001676728	0.069301478	0.029362029	0.024414597	0.036661029	0.662452315	0.018228976	0.017572321	0.007393338	0.089156763	0.487385364	0.365428561	0.000866379	0.105943275	0.002641587	0.003270416	0.186396287	0.061837024	0.412680105	0.023755021
Design 1	0.034273635	0.758531874	0.49127182	0.032001151	0.127939394	0.145986949	0.322033898	0.85915493	0.761904762	0.333333333	0	0	0.035953614	0.032292397	0.032302774	2.5637E-06	0.009019555	4.0829E-07	0.006012775	0.355714772	0.153971589	0.114967583	0.677966102	0.220954332	0.779045668	0.758531874	0.686680268	0.758531874	0.173843954	0.322033898	0.123709243	0.429097066	0.301841556	0.30179752	0.413741037	0.015979051	0.117789961	0.150163147	0.353957199	0.054916545	0.001685669	0.056210401	0.064293384	0.026379806	0.048029204	0.038605469	0.003284758	0.774535712	0.301433945	0.153216022	0.181940158	0.224648359	2.29361E-05	1.20057E-05	3.20434E-08	0.00323273	0.203703729	0.133904416	0.000218857	0.283489231	0.182303351	0.157017838	0.203652498	0.701079672	0.018228976	0.000378306	0.000185854	0.043825045	0.139638925	0.252458789	1.44979E-05	0.009519484	0.000327934	0.00035661	0.044412612	0.010694597	0.103729126	0.389275597
Design 1	0.034273635	0.758531874	0.49127182	0.020874768	0.127939394	0.145986949	0.322033898	0.85915493	0.761904762	0.333333333	0	0	0.024872661	0.021169361	0.021179858	2.5637E-06	0.0137734	5.8836E-07	0.006012775	0.355714772	0.151871154	0.111906036	0.677966102	0.190477817	0.809522183	0.758531874	0.686680268	0.758531874	0.173843954	0.322033898	0.123709243	0.429097066	0.293816775	0.293772233	0.413741037	0.01555393	0.117789961	0.150163147	0.353957199	0.054916545	0.001685669	0.056210401	0.043054233	0.022312114	0.048029204	0.058312564	0.005026839	0.774535712	0.29340448	0.115056278	0.140606122	0.224648359	2.96944E-05	1.47261E-05	3.93042E-08	0.00247429	0.157423452	0.124289996	0.000308436	0.228031944	0.136878631	0.117770747	0.157369244	0.699880218	0.018228976	0.000740642	0.000342488	0.053402233	0.17838096	0.268755632	2.93776E-05	0.014710859	0.000475706	0.000528243	0.057814582	0.014820854	0.136205888	0.170663029
Design 1	0.034273635	0.758531874	0.49127182	0.018649724	0.127939394	0.145986949	0.322033898	0.85915493	0.761904762	0.333333333	0	0	0.022656702	0.018944987	0.018955507	2.5637E-06	0.015348097	6.41601E-07	0.006012775	0.355714772	0.151447683	0.11129379	0.677966102	0.184182307	0.815817693	0.758531874	0.686680268	0.758531874	0.173843954	0.322033898	0.123709243	0.429097066	0.292211987	0.292167344	0.413741037	0.015468915	0.117789961	0.150163147	0.353957199	0.054916545	0.001685669	0.056210401	0.038806847	0.021498661	0.048029204	0.064841837	0.005604018	0.774535712	0.291798754	0.106829321	0.131457631	0.224648359	3.16427E-05	1.55102E-05	4.1397E-08	0.002306424	0.147180205	0.121932572	0.000336183	0.215390698	0.127085398	0.109306739	0.147125338	0.699483193	0.018228976	0.000879939	0.000400978	0.055705597	0.18957913	0.273120937	3.52174E-05	0.016430844	0.000521532	0.000582901	0.061746719	0.016054923	0.145734569	0.132689652
Design 1	0.034273635	0.758531874	0.49127182	0.012927517	0.127939394	0.145986949	0.322033898	0.85915493	0.761904762	0.333333333	0	0	0.01695786	0.013224502	0.013235083	2.5637E-06	0.021598956	8.29277E-07	0.006012775	0.355714772	0.15035326	0.109719262	0.677966102	0.167669843	0.832330157	0.758531874	0.686680268	0.758531874	0.173843954	0.322033898	0.123709243	0.429097066	0.288084909	0.288040006	0.413741037	0.015250279	0.117789961	0.150163147	0.353957199	0.054916545	0.001685669	0.056210401	0.027883728	0.01940668	0.048029204	0.090768968	0.007895941	0.774535712	0.287669267	0.084362336	0.105951088	0.224648359	3.84532E-05	1.82633E-05	4.87451E-08	0.001838404	0.118621419	0.114771746	0.000439749	0.179262513	0.100341077	0.08618479	0.118564715	0.697908605	0.018228976	0.00151872	0.000661609	0.062420698	0.228776824	0.287423595	6.25542E-05	0.023260742	0.000692447	0.000792073	0.07571096	0.020513905	0.179573871	0.082580452
Design 1	0.034273635	0.758531874	0.49127182	0.009748384	0.127939394	0.145986949	0.322033898	0.85915493	0.761904762	0.333333333	0	0	0.013791708	0.010046325	0.010056941	2.5637E-06	0.027772587	9.86747E-07	0.006012775	0.355714772	0.149741834	0.108844488	0.677966102	0.158289796	0.841710204	0.758531874	0.686680268	0.758531874	0.173843954	0.322033898	0.123709243	0.429097066	0.285791995	0.285746946	0.413741037	0.015128809	0.117789961	0.150163147	0.353957199	0.054916545	0.001685669	0.056210401	0.021815082	0.018244422	0.048029204	0.116393185	0.010161088	0.774535712	0.285375014	0.0707961	0.090117569	0.224648359	4.41722E-05	2.06E-05	5.49816E-08	0.001547874	0.100893181	0.109773951	0.000534439	0.156046203	0.084192057	0.072215199	0.100835336	0.696355707	0.018228976	0.002273769	0.000959044	0.066745704	0.261731887	0.298459426	9.56868E-05	0.030010844	0.000848302	0.00098937	0.087679464	0.02442177	0.20857694	0.067704284
Design 1	0.034273635	0.758531874	0.49127182	0.003039898	0.127939394	0.145986949	0.322033898	0.85915493	0.761904762	0.333333333	0	0	0.007110613	0.003339857	0.003350545	2.5637E-06	0.06790946	1.69106E-06	0.006012775	0.355714772	0.148443524	0.106998574	0.677966102	0.137993967	0.862006033	0.758531874	0.686680268	0.758531874	0.173843954	0.322033898	0.123709243	0.429097066	0.280953573	0.28090822	0.413741037	0.014872489	0.117789961	0.150163147	0.353957199	0.054916545	0.001685669	0.056210401	0.009009254	0.015791867	0.048029204	0.283743473	0.024954631	0.774535712	0.280533767	0.037641889	0.049587942	0.224648359	7.05683E-05	3.1894E-05	8.51255E-08	0.000804195	0.055513571	0.093761886	0.001059493	0.092503965	0.04472584	0.038020855	0.055452807	0.686313735	0.018228976	0.00970748	0.003657361	0.077729358	0.414220143	0.341360081	0.000441704	0.074095374	0.001701345	0.002153225	0.145308213	0.044135484	0.348227686	0.035938631
Design 1	0.034273635	0.758531874	0.49127182	0.001377999	0.127939394	0.145986949	0.322033898	0.85915493	0.761904762	0.333333333	0	0	0.0054555	0.001678459	0.001689164	2.5637E-06	0.104598086	2.12775E-06	0.006012775	0.355714772	0.148120168	0.106541285	0.677966102	0.132857564	0.867142436	0.758531874	0.686680268	0.758531874	0.173843954	0.322033898	0.123709243	0.429097066	0.279754947	0.279709518	0.413741037	0.014808991	0.117789961	0.150163147	0.353957199	0.054916545	0.001685669	0.056210401	0.005836855	0.015184294	0.048029204	0.438689724	0.038651673	0.774535712	0.279334441	0.027606978	0.036633639	0.224648359	8.76758E-05	3.98124E-05	1.0626E-07	0.000566496	0.041009091	0.086882118	0.001475695	0.070211257	0.03278045	0.027637283	0.040947394	0.677215778	0.018228976	0.019836681	0.007076605	0.080940093	0.513518893	0.364343575	0.000938099	0.11491235	0.002362445	0.003127354	0.184394714	0.058182608	0.442945327	0.026766857
Design 1	0.034273635	0.758531874	0.591022444	0.026437959	0.127939394	0.145986949	0.322033898	0.85915493	0.761904762	0.333333333	0	0	0.030413137	0.026730879	0.026741316	1.46995E-06	0.006062491	3.06534E-07	0.006012775	0.355714772	0.152924908	0.11343681	0.677966102	0.205921366	0.794078634	0.758531874	0.686680268	0.758531874	0.173843954	0.322033898	0.123709243	0.429097066	0.297829166	0.297784877	0.413741037	0.01576649	0.117789961	0.150163147	0.353957199	0.054916545	0.001268607	0.067747387	0.092748386	0.035059214	0.048029204	0.046509455	0.003278441	0.774535712	0.297419213	0.199056407	0.229669433	0.286490391	1.76979E-05	9.88072E-06	2.63718E-08	0.002804393	0.214285567	0.143448903	0.000198158	0.283762579	0.197378563	0.170116272	0.214235018	0.701826443	0.018228976	0.00043435	0.000185216	0.043243124	0.149450268	0.252387974	1.60846E-05	0.010398861	0.000299607	0.00034654	0.044358603	0.010112372	0.112746586	0.361020908
Design 1	0.034273635	0.758531874	0.591022444	0.018014052	0.127939394	0.145986949	0.322033898	0.85915493	0.761904762	0.333333333	0	0	0.022023626	0.018309506	0.018320034	1.46995E-06	0.008920437	4.2127E-07	0.006012775	0.355714772	0.151326488	0.111118878	0.677966102	0.182371028	0.817628972	0.758531874	0.686680268	0.758531874	0.173843954	0.322033898	0.123709243	0.429097066	0.291753516	0.291708844	0.413741037	0.015444627	0.117789961	0.150163147	0.353957199	0.054916545	0.001268607	0.067747387	0.064961464	0.030624454	0.048029204	0.066978141	0.004786279	0.774535712	0.291340016	0.154351551	0.183145615	0.286490391	2.27768E-05	1.19414E-05	3.18718E-08	0.002211569	0.170876321	0.134163454	0.000270256	0.233932025	0.15303197	0.131813918	0.170822978	0.701104695	0.018228976	0.000787178	0.000318718	0.050809857	0.185002178	0.26681292	3.00739E-05	0.015276392	0.000419037	0.000492484	0.056112406	0.013594599	0.143012222	0.168275885
Design 1	0.034273635	0.758531874	0.591022444	0.014135642	0.127939394	0.145986949	0.322033898	0.85915493	0.761904762	0.333333333	0	0	0.018161052	0.014432263	0.014442832	1.46995E-06	0.011259502	5.02474E-07	0.006012775	0.355714772	0.150584974	0.110051691	0.677966102	0.171195386	0.828804614	0.758531874	0.686680268	0.758531874	0.173843954	0.322033898	0.123709243	0.429097066	0.288956256	0.288911407	0.413741037	0.015296439	0.117789961	0.150163147	0.353957199	0.054916545	0.001268607	0.067747387	0.052168222	0.028582667	0.048029204	0.083732593	0.006020505	0.774535712	0.288541122	0.131969961	0.159135353	0.286490391	2.63132E-05	1.33661E-05	3.56744E-08	0.001905621	0.148473444	0.128789892	0.000324781	0.207375141	0.130829746	0.11263307	0.14841866	0.700514341	0.018228976	0.001131362	0.000444512	0.054997409	0.2098091	0.276044627	4.40617E-05	0.019268849	0.000509428	0.000606542	0.064464778	0.016124567	0.164519292	0.110846927
Design 1	0.034273635	0.758531874	0.591022444	0.010543071	0.127939394	0.145986949	0.322033898	0.85915493	0.761904762	0.333333333	0	0	0.014583149	0.010840772	0.01085138	1.46995E-06	0.014749905	6.08239E-07	0.006012775	0.355714772	0.149894901	0.109063155	0.677966102	0.160648603	0.839351397	0.758531874	0.686680268	0.758531874	0.173843954	0.322033898	0.123709243	0.429097066	0.286365153	0.286320141	0.413741037	0.015159173	0.117789961	0.150163147	0.353957199	0.054916545	0.001268607	0.067747387	0.040317841	0.02669136	0.048029204	0.108738361	0.007862568	0.774535712	0.285948507	0.109784182	0.134754363	0.286490391	3.09161E-05	1.52177E-05	4.06162E-08	0.001594949	0.125724657	0.122793409	0.000400892	0.179675744	0.108821763	0.093615076	0.12566841	0.699633997	0.018228976	0.001729023	0.000656477	0.059387119	0.242129234	0.28724199	6.88788E-05	0.025227532	0.0006355	0.000770194	0.07552292	0.019537236	0.192993628	0.085818739
Design 1	0.034273635	0.758531874	0.591022444	0.006381536	0.127939394	0.145986949	0.322033898	0.85915493	0.761904762	0.333333333	0	0	0.010438607	0.00668049	0.006691142	1.46995E-06	0.022678452	8.03341E-07	0.006012775	0.355714772	0.149091625	0.107918063	0.677966102	0.148190383	0.851809617	0.758531874	0.686680268	0.758531874	0.173843954	0.322033898	0.123709243	0.429097066	0.283363693	0.283318492	0.413741037	0.015000168	0.117789961	0.150163147	0.353957199	0.054916545	0.001268607	0.067747387	0.026590693	0.024500523	0.048029204	0.165566591	0.012048852	0.774535712	0.282945294	0.081549077	0.102696919	0.286490391	3.95131E-05	1.86944E-05	4.98955E-08	0.001186461	0.095813324	0.113784305	0.000558136	0.141827929	0.080812933	0.06939975	0.095755152	0.697636912	0.018228976	0.003421551	0.001231029	0.065228237	0.302569141	0.306162927	0.000141398	0.038769264	0.000895163	0.001121612	0.096686572	0.026245027	0.247489304	0.062897775
Design 1	0.034273635	0.758531874	0.591022444	0.003276093	0.127939394	0.145986949	0.322033898	0.85915493	0.761904762	0.333333333	0	0	0.007345844	0.003575982	0.003586667	1.46995E-06	0.037249924	1.07231E-06	0.006012775	0.355714772	0.148489424	0.107063566	0.677966102	0.138720417	0.861279583	0.758531874	0.686680268	0.758531874	0.173843954	0.322033898	0.123709243	0.429097066	0.281123926	0.281078584	0.413741037	0.014881514	0.117789961	0.150163147	0.353957199	0.054916545	0.001268607	0.067747387	0.016347144	0.022865665	0.048029204	0.270156232	0.019753506	0.774535712	0.28070422	0.057609973	0.074350069	0.286490391	5.17122E-05	2.37306E-05	6.33372E-08	0.000825255	0.069364174	0.104222584	0.000813764	0.106504147	0.057065676	0.048849215	0.069304301	0.693976118	0.018228976	0.007587294	0.002566376	0.070238324	0.388521889	0.329653087	0.000327356	0.063692173	0.001314335	0.001721677	0.127706746	0.036431399	0.327365183	0.044680473
Design 1	0.034273635	0.758531874	0.591022444	0.000918795	0.127939394	0.145986949	0.322033898	0.85915493	0.761904762	0.333333333	0	0	0.004998171	0.001219393	0.001230103	1.46995E-06	0.071381008	1.51004E-06	0.006012775	0.355714772	0.148030699	0.10641493	0.677966102	0.13143054	0.86856946	0.758531874	0.686680268	0.758531874	0.173843954	0.322033898	0.123709243	0.429097066	0.279423751	0.279378302	0.413741037	0.014791445	0.117789961	0.150163147	0.353957199	0.054916545	0.001268607	0.067747387	0.008571411	0.021624667	0.048029204	0.51645076	0.037896929	0.774535712	0.279003052	0.03632591	0.047911075	0.286490391	7.23741E-05	3.27051E-05	8.72903E-08	0.000488359	0.044695159	0.092942855	0.001330743	0.071116746	0.035952182	0.030543179	0.044633698	0.685449554	0.018228976	0.021863399	0.006818867	0.074493771	0.534813429	0.363277125	0.000999037	0.122382271	0.002149747	0.003006382	0.182441516	0.055228339	0.468305331	0.029207505
Design 1	0.034273635	0.758531874	0.690773067	0.02246414	0.127939394	0.145986949	0.322033898	0.85915493	0.761904762	0.333333333	0	0	0.026455544	0.022758255	0.022768735	9.13668E-07	0.00428098	2.37082E-07	0.006012775	0.355714772	0.152172936	0.112343369	0.677966102	0.194932823	0.805067177	0.758531874	0.686680268	0.758531874	0.173843954	0.322033898	0.123709243	0.429097066	0.294963093	0.294918623	0.413741037	0.015614657	0.117789961	0.150163147	0.353957199	0.054916545	0.000970705	0.079284374	0.126466089	0.044872868	0.048029204	0.054385474	0.003272164	0.774535712	0.294551466	0.248409231	0.279254022	0.351879466	1.38645E-05	8.3025E-06	2.21595E-08	0.002482247	0.22332783	0.152135998	0.000181899	0.28403498	0.211133107	0.182044157	0.223277862	0.702276589	0.018228976	0.000487783	0.000184634	0.042424129	0.157998787	0.252317483	1.75508E-05	0.011196172	0.00027688	0.000338117	0.044304878	0.009634565	0.1207811	0.336638416
Design 1	0.034273635	0.758531874	0.690773067	0.016074847	0.127939394	0.145986949	0.322033898	0.85915493	0.761904762	0.333333333	0	0	0.020092339	0.016370885	0.016381433	9.13668E-07	0.006044497	3.11322E-07	0.006012775	0.355714772	0.150956178	0.110585285	0.677966102	0.176810123	0.823189877	0.758531874	0.686680268	0.758531874	0.173843954	0.322033898	0.123709243	0.429097066	0.290354886	0.290310126	0.413741037	0.015370533	0.117789961	0.150163147	0.353957199	0.054916545	0.000970705	0.079284374	0.092998837	0.040294581	0.048029204	0.074440383	0.004538469	0.774535712	0.289940569	0.199440203	0.230061648	0.351879466	1.76623E-05	9.86618E-06	2.6333E-08	0.00202172	0.183985699	0.143521978	0.000238967	0.240469368	0.169496028	0.146089488	0.183933199	0.701830989	0.018228976	0.000814015	0.00029501	0.048304571	0.189460587	0.264725637	3.01003E-05	0.015586632	0.000371647	0.000458976	0.054315831	0.012504224	0.147916746	0.170353088
Design 1	0.034273635	0.758531874	0.690773067	0.012927517	0.127939394	0.145986949	0.322033898	0.85915493	0.761904762	0.333333333	0	0	0.01695786	0.013224502	0.013235083	9.13668E-07	0.007480267	3.64223E-07	0.006012775	0.355714772	0.15035326	0.109719262	0.677966102	0.167669843	0.832330157	0.758531874	0.686680268	0.758531874	0.173843954	0.322033898	0.123709243	0.429097066	0.288084909	0.288040006	0.413741037	0.015250279	0.117789961	0.150163147	0.353957199	0.054916545	0.000970705	0.079284374	0.076513057	0.038039343	0.048029204	0.090768968	0.005569487	0.774535712	0.287669267	0.17349321	0.203279956	0.351879466	2.0346E-05	1.09582E-05	2.92476E-08	0.001770997	0.162566752	0.138342657	0.0002823	0.216093648	0.147433981	0.127035489	0.162512875	0.701468337	0.018228976	0.001123789	0.000396672	0.051666011	0.211725454	0.272870517	4.22784E-05	0.019161317	0.000443647	0.000553467	0.061517088	0.014608916	0.167436438	0.120194862
Design 1	0.034273635	0.758531874	0.690773067	0.008840061	0.127939394	0.145986949	0.322033898	0.85915493	0.761904762	0.333333333	0	0	0.012887093	0.009138275	0.0091489	9.13668E-07	0.010626974	4.63467E-07	0.006012775	0.355714772	0.14956669	0.108594553	0.677966102	0.155582074	0.844417926	0.758531874	0.686680268	0.758531874	0.173843954	0.322033898	0.123709243	0.429097066	0.285136876	0.285091787	0.413741037	0.015094104	0.117789961	0.150163147	0.353957199	0.054916545	0.000970705	0.079284374	0.055102873	0.035110451	0.048029204	0.126559035	0.00782934	0.774535712	0.284719513	0.137231079	0.164828562	0.351879466	2.53994E-05	1.29984E-05	3.46928E-08	0.001411024	0.131814835	0.130107036	0.000370426	0.180089723	0.116601243	0.100401309	0.131758979	0.700673953	0.018228976	0.001927923	0.000651798	0.056607318	0.253691202	0.287060528	7.46659E-05	0.026996549	0.000589959	0.00075169	0.075335311	0.018731821	0.204892052	0.088100597
Design 1	0.034273635	0.758531874	0.690773067	0.004439616	0.127939394	0.145986949	0.322033898	0.85915493	0.761904762	0.333333333	0	0	0.008504616	0.004739155	0.004749827	9.13668E-07	0.018710627	6.56733E-07	0.006012775	0.355714772	0.148715332	0.107383722	0.677966102	0.142286174	0.857713826	0.758531874	0.686680268	0.758531874	0.173843954	0.322033898	0.123709243	0.429097066	0.281963104	0.281917815	0.413741037	0.01492597	0.117789961	0.150163147	0.353957199	0.054916545	0.000970705	0.079284374	0.032053253	0.031957286	0.048029204	0.218533834	0.013636804	0.774535712	0.281543888	0.093191957	0.116073231	0.351879466	3.5464E-05	1.7052E-05	4.55119E-08	0.000954589	0.092822233	0.117728617	0.000570283	0.132188359	0.079155933	0.068039859	0.092763868	0.698635891	0.018228976	0.004680286	0.001476406	0.06282977	0.337416896	0.31188551	0.000190169	0.047131853	0.000920621	0.001224855	0.103739457	0.027504891	0.2818842	0.060285866
Design 1	0.034273635	0.758531874	0.690773067	0.001777475	0.127939394	0.145986949	0.322033898	0.85915493	0.761904762	0.333333333	0	0	0.005853345	0.002077815	0.002088516	9.13668E-07	0.033573159	9.0548E-07	0.006012775	0.355714772	0.148197957	0.106651205	0.677966102	0.134096233	0.865903767	0.758531874	0.686680268	0.758531874	0.173843954	0.322033898	0.123709243	0.429097066	0.280043065	0.279997654	0.413741037	0.014824254	0.117789961	0.150163147	0.353957199	0.054916545	0.000970705	0.079284374	0.018108903	0.030049713	0.048029204	0.387844551	0.024327406	0.774535712	0.279622728	0.061979523	0.079620423	0.351879466	4.89304E-05	2.25681E-05	6.02345E-08	0.000613327	0.063668706	0.106153069	0.000885887	0.093953049	0.052616821	0.045081461	0.063608466	0.694898668	0.018228976	0.011901127	0.003493626	0.067160501	0.449857012	0.34006601	0.000508726	0.084197687	0.001438813	0.002019466	0.143288776	0.040263582	0.389086406	0.041140873
Design 1	0.034273635	0.758531874	0.690773067	0.000590682	0.127939394	0.145986949	0.322033898	0.85915493	0.761904762	0.333333333	0	0	0.004671397	0.000891378	0.000902092	9.13668E-07	0.051380736	1.12457E-06	0.006012775	0.355714772	0.147966738	0.106324645	0.677966102	0.130408819	0.869591181	0.758531874	0.686680268	0.758531874	0.173843954	0.322033898	0.123709243	0.429097066	0.279187103	0.279141639	0.413741037	0.014778909	0.117789961	0.150163147	0.353957199	0.054916545	0.000970705	0.079284374	0.011892454	0.029199309	0.048029204	0.591280562	0.037172743	0.774535712	0.278766266	0.045899001	0.059974175	0.351879466	6.11811E-05	2.77637E-05	7.41016E-08	0.000429404	0.047956408	0.098478466	0.001219003	0.072011204	0.038943975	0.033236381	0.047895157	0.690437809	0.018228976	0.023681658	0.006594869	0.069254611	0.55267181	0.362236522	0.001050911	0.128734298	0.001980214	0.002901197	0.180549145	0.052751245	0.490084194	0.031350555
Design 1	0.034273635	0.758531874	0.790523691	0.01948397	0.127939394	0.145986949	0.322033898	0.85915493	0.761904762	0.333333333	0	0	0.023487541	0.019778982	0.019789493	6.01375E-07	0.003125688	1.87318E-07	0.006012775	0.355714772	0.151606593	0.111523342	0.677966102	0.186550798	0.813449202	0.758531874	0.686680268	0.758531874	0.173843954	0.322033898	0.123709243	0.429097066	0.292813678	0.292769073	0.413741037	0.01550079	0.117789961	0.150163147	0.353957199	0.054916545	0.000747279	0.090821361	0.165475883	0.055821006	0.048029204	0.06223291	0.003265877	0.774535712	0.292400796	0.301001328	0.330470363	0.420466956	1.09291E-05	7.07191E-06	1.8875E-08	0.00223018	0.231251413	0.160151122	0.00016866	0.284308541	0.223859	0.193066696	0.231201955	0.702568603	0.018228976	0.000539004	0.00018408	0.041488493	0.165587382	0.252246773	1.89188E-05	0.011928597	0.000258061	0.000330874	0.04425102	0.00923077	0.128055283	0.339137096
Design 1	0.034273635	0.758531874	0.790523691	0.014135642	0.127939394	0.145986949	0.322033898	0.85915493	0.761904762	0.333333333	0	0	0.018161052	0.014432263	0.014442832	6.01375E-07	0.004392261	2.4229E-07	0.006012775	0.355714772	0.150584974	0.110051691	0.677966102	0.171195386	0.828804614	0.758531874	0.686680268	0.758531874	0.173843954	0.322033898	0.123709243	0.429097066	0.288956256	0.288911407	0.413741037	0.015296439	0.117789961	0.150163147	0.353957199	0.054916545	0.000747279	0.090821361	0.123658091	0.050815453	0.048029204	0.083732593	0.004453716	0.774535712	0.288541122	0.244456909	0.275341922	0.420466956	1.41253E-05	8.41077E-06	2.24485E-08	0.001835042	0.192673043	0.151487298	0.000219326	0.24282298	0.181790544	0.156744134	0.192621102	0.702248465	0.018228976	0.000874788	0.000287001	0.046520826	0.196220237	0.263990242	3.15189E-05	0.016302064	0.000342334	0.000442615	0.053690753	0.011863271	0.15480602	0.16377561
Design 1	0.034273635	0.758531874	0.790523691	0.011139182	0.127939394	0.145986949	0.322033898	0.85915493	0.761904762	0.333333333	0	0	0.015176827	0.011436705	0.011447306	6.01375E-07	0.005563777	2.86522E-07	0.006012775	0.355714772	0.150009619	0.109227182	0.677966102	0.162411807	0.837588193	0.758531874	0.686680268	0.758531874	0.173843954	0.322033898	0.123709243	0.429097066	0.286795092	0.286750107	0.413741037	0.015181949	0.117789961	0.150163147	0.353957199	0.054916545	0.000747279	0.090821361	0.100229211	0.048011037	0.048029204	0.103619296	0.00555244	0.774535712	0.286378697	0.210396772	0.241212055	0.420466956	1.66906E-05	9.46851E-06	2.52716E-08	0.001590413	0.16878928	0.145567939	0.000263019	0.216442994	0.156450159	0.134862359	0.168735803	0.701952438	0.018228976	0.001237219	0.000394737	0.049750097	0.220835656	0.272746415	4.54197E-05	0.020347418	0.000415027	0.000541853	0.061403471	0.014056309	0.176662664	0.118611145
Design 1	0.034273635	0.758531874	0.790523691	0.0075629	0.127939394	0.145986949	0.322033898	0.85915493	0.761904762	0.333333333	0	0	0.011615147	0.007861499	0.007872138	6.01375E-07	0.007956156	3.63206E-07	0.006012775	0.355714772	0.149320087	0.108243128	0.677966102	0.151753731	0.848246269	0.758531874	0.686680268	0.758531874	0.173843954	0.322033898	0.123709243	0.429097066	0.284215738	0.284170591	0.413741037	0.015045306	0.117789961	0.150163147	0.353957199	0.054916545	0.000747279	0.090821361	0.072266784	0.044663959	0.048029204	0.144232735	0.007796299	0.774535712	0.283797837	0.166559875	0.196026502	0.420466956	2.11747E-05	1.12939E-05	3.01436E-08	0.001266542	0.13716885	0.136867897	0.000345633	0.180503916	0.123835967	0.106695136	0.137113339	0.701348162	0.018228976	0.002117023	0.000647377	0.054078694	0.263902644	0.286879444	8.00093E-05	0.028609006	0.000552364	0.000735621	0.075148374	0.018048158	0.215613582	0.089577953
Design 1	0.034273635	0.758531874	0.790523691	0.004439616	0.127939394	0.145986949	0.322033898	0.85915493	0.761904762	0.333333333	0	0	0.008504616	0.004739155	0.004749827	6.01375E-07	0.012332269	4.74138E-07	0.006012775	0.355714772	0.148715332	0.107383722	0.677966102	0.142286174	0.857713826	0.758531874	0.686680268	0.758531874	0.173843954	0.322033898	0.123709243	0.429097066	0.281963104	0.281917815	0.413741037	0.01492597	0.117789961	0.150163147	0.353957199	0.054916545	0.000747279	0.090821361	0.047846285	0.041740846	0.048029204	0.218533834	0.011901373	0.774535712	0.281543888	0.124064614	0.150519416	0.420466956	2.78017E-05	1.39648E-05	3.72723E-08	0.000940366	0.105323416	0.126740079	0.0004817	0.142817946	0.092219938	0.07938188	0.105265856	0.700243694	0.018228976	0.004156336	0.001205982	0.058366448	0.327649333	0.305599459	0.000162938	0.043723339	0.000778021	0.001068959	0.096009	0.024285222	0.274729354	0.067543885
Design 1	0.034273635	0.758531874	0.790523691	0.001383041	0.127939394	0.145986949	0.322033898	0.85915493	0.761904762	0.333333333	0	0	0.005460521	0.001683499	0.001694205	6.01375E-07	0.02524743	7.01435E-07	0.006012775	0.355714772	0.14812115	0.106542672	0.677966102	0.132873213	0.867126787	0.758531874	0.686680268	0.758531874	0.173843954	0.322033898	0.123709243	0.429097066	0.279758584	0.279713155	0.413741037	0.014809184	0.117789961	0.150163147	0.353957199	0.054916545	0.000747279	0.090821361	0.023947372	0.038880168	0.048029204	0.437965344	0.024024781	0.774535712	0.27933808	0.075672644	0.095851068	0.420466956	4.19281E-05	1.96797E-05	5.25254E-08	0.000548525	0.067067015	0.111642068	0.000824354	0.09467221	0.056216819	0.048257036	0.067006994	0.69699061	0.018228976	0.012868907	0.003422613	0.063120388	0.464089124	0.339431379	0.000536516	0.088360109	0.001342821	0.001964562	0.142305219	0.038752092	0.405925642	0.043773329
Design 1	0.034273635	0.758531874	0.790523691	0.000344403	0.127939394	0.145986949	0.322033898	0.85915493	0.761904762	0.333333333	0	0	0.004426124	0.000645173	0.00065589	6.01375E-07	0.038492857	8.67578E-07	0.006012775	0.355714772	0.147918712	0.106256879	0.677966102	0.129640786	0.870359214	0.758531874	0.686680268	0.758531874	0.173843954	0.322033898	0.123709243	0.429097066	0.279009477	0.278964001	0.413741037	0.014769499	0.117789961	0.150163147	0.353957199	0.054916545	0.000747279	0.090821361	0.015826411	0.037908096	0.048029204	0.663385576	0.036479061	0.774535712	0.278588536	0.056293092	0.072752261	0.420466956	5.26178E-05	2.41111E-05	6.43528E-08	0.000382963	0.050902685	0.103620571	0.001128982	0.072892676	0.041798635	0.035777404	0.050841624	0.693664427	0.018228976	0.025317597	0.006393121	0.064882185	0.567954945	0.361223257	0.001095181	0.134215104	0.001840679	0.002807907	0.178719237	0.05061987	0.50911731	0.03335652
Design 1	0.034273635	0.758531874	0.890274314	0.017165844	0.127939394	0.145986949	0.322033898	0.85915493	0.761904762	0.333333333	0	0	0.021178881	0.017461553	0.01747209	4.12705E-07	0.002334367	1.50317E-07	0.006012775	0.355714772	0.151164624	0.110885484	0.677966102	0.179945262	0.820054738	0.758531874	0.686680268	0.758531874	0.173843954	0.322033898	0.123709243	0.429097066	0.291141755	0.291097045	0.413741037	0.015412218	0.117789961	0.150163147	0.353957199	0.054916545	0.000573503	0.102358347	0.209802235	0.067903238	0.048029204	0.070053169	0.003259652	0.774535712	0.290727898	0.356610295	0.383145582	0.491979132	8.60446E-06	6.07799E-06	1.62222E-08	0.002026952	0.238321674	0.167620963	0.000157592	0.284580106	0.235752045	0.203359602	0.238272671	0.702768664	0.018228976	0.000588337	0.000183547	0.040503135	0.172422395	0.252176658	2.02052E-05	0.012608382	0.000242111	0.000324525	0.04419765	0.008882188	0.134722601	0.387869523
Design 1	0.034273635	0.758531874	0.890274314	0.012584278	0.127939394	0.145986949	0.322033898	0.85915493	0.761904762	0.333333333	0	0	0.016616022	0.012881366	0.012891951	4.12705E-07	0.003283216	1.92503E-07	0.006012775	0.355714772	0.150287364	0.109624816	0.677966102	0.16666431	0.83333569	0.758531874	0.686680268	0.758531874	0.173843954	0.322033898	0.123709243	0.429097066	0.287837351	0.287792432	0.413741037	0.015237164	0.117789961	0.150163147	0.353957199	0.054916545	0.000573503	0.102358347	0.158797017	0.062476322	0.048029204	0.09298549	0.004385867	0.774535712	0.287421565	0.292272608	0.322071506	0.491979132	1.13573E-05	7.25293E-06	1.93582E-08	0.001681073	0.200331389	0.158892694	0.000203355	0.244753552	0.193203987	0.166626111	0.200279942	0.702528781	0.018228976	0.00093404	0.000280659	0.044877759	0.202422231	0.263393188	3.28973E-05	0.016980662	0.000318308	0.000429114	0.053186269	0.011328906	0.161213872	0.163383834
Design 1	0.034273635	0.758531874	0.890274314	0.009748384	0.127939394	0.145986949	0.322033898	0.85915493	0.761904762	0.333333333	0	0	0.013791708	0.010046325	0.010056941	4.12705E-07	0.004251715	2.29788E-07	0.006012775	0.355714772	0.149741834	0.108844488	0.677966102	0.158289796	0.841710204	0.758531874	0.686680268	0.758531874	0.173843954	0.322033898	0.123709243	0.429097066	0.285791995	0.285746946	0.413741037	0.015128809	0.117789961	0.150163147	0.353957199	0.054916545	0.000573503	0.102358347	0.127225854	0.059117175	0.048029204	0.116393185	0.005535427	0.774535712	0.285375014	0.249474291	0.280306623	0.491979132	1.37953E-05	8.27376E-06	2.20828E-08	0.001444546	0.174352122	0.152309572	0.000246894	0.216793178	0.164900432	0.142188311	0.174299003	0.702283985	0.018228976	0.00134596	0.000392865	0.047945362	0.229017641	0.272622246	4.83564E-05	0.021443576	0.000390805	0.00053161	0.061289917	0.013577962	0.185096953	0.119489363
Design 1	0.034273635	0.758531874	0.990024938	0.015311576	0.127939394	0.145986949	0.322033898	0.85915493	0.761904762	0.333333333	0	0	0.019332184	0.015607843	0.015618399	2.92067E-07	0.001768817	1.21986E-07	0.006012775	0.355714772	0.150810179	0.110375262	0.677966102	0.17460663	0.82539337	0.758531874	0.686680268	0.758531874	0.173843954	0.322033898	0.123709243	0.429097066	0.289804385	0.28975959	0.413741037	0.01534137	0.117789961	0.150163147	0.353957199	0.054916545	0.000434482	0.113895334	0.25947769	0.081120101	0.048029204	0.077844675	0.003253401	0.774535712	0.289389747	0.415064298	0.437154183	0.566194299	6.71449E-06	5.25334E-06	1.40212E-08	0.001859274	0.244724353	0.174638341	0.000148146	0.284853531	0.246959823	0.213053996	0.244675762	0.702911669	0.018228976	0.000635989	0.000183023	0.039505373	0.178645479	0.252106142	2.14213E-05	0.013243878	0.000228341	0.000318865	0.04414401	0.008575984	0.140889073	0.379488644
Design 1	0.034273635	0.758531874	0.990024938	0.01252998	0.127939394	0.145986949	0.322033898	0.85915493	0.761904762	0.333333333	0	0	0.016561946	0.012827084	0.01283767	2.92067E-07	0.002236389	1.4377E-07	0.006012775	0.355714772	0.150276937	0.109609875	0.677966102	0.166505084	0.833494916	0.758531874	0.686680268	0.758531874	0.173843954	0.322033898	0.123709243	0.429097066	0.28779819	0.287753268	0.413741037	0.015235089	0.117789961	0.150163147	0.353957199	0.054916545	0.000434482	0.113895334	0.216999387	0.077052409	0.048029204	0.093345936	0.003938547	0.774535712	0.28738238	0.365306198	0.391262766	0.566194299	8.29287E-06	5.94316E-06	1.58624E-08	0.001648758	0.219032844	0.168713631	0.000175166	0.258634915	0.217344219	0.187487466	0.2189826	0.702793438	0.018228976	0.000855611	0.000240441	0.042130799	0.19793581	0.259255593	2.92933E-05	0.016032953	0.00027336	0.000382256	0.049763437	0.010067445	0.158042032	0.119869362
Design 1	0.034273635	0.758531874	0.990024938	0.009748384	0.127939394	0.145986949	0.322033898	0.85915493	0.761904762	0.333333333	0	0	0.013791708	0.010046325	0.010056941	2.92067E-07	0.002931569	1.72593E-07	0.006012775	0.355714772	0.149741834	0.108844488	0.677966102	0.158289796	0.841710204	0.758531874	0.686680268	0.758531874	0.173843954	0.322033898	0.123709243	0.429097066	0.285791995	0.285746946	0.413741037	0.015128809	0.117789961	0.150163147	0.353957199	0.054916545	0.000434482	0.113895334	0.174521085	0.072984717	0.048029204	0.116393185	0.00495722	0.774535712	0.285375014	0.312664	0.341634166	0.566194299	1.03871E-05	6.84191E-06	1.82611E-08	0.001421099	0.191249138	0.161793279	0.000213127	0.229697307	0.186012023	0.160437612	0.191197107	0.702617677	0.018228976	0.001225704	0.000334807	0.045018177	0.22354937	0.268201437	4.27983E-05	0.020179746	0.00033661	0.000473467	0.057326033	0.012106045	0.181126398	0.144266219
Design 1	0.034273635	0.758531874	0.990024938	0.008635668	0.127939394	0.145986949	0.322033898	0.85915493	0.761904762	0.333333333	0	0	0.012683535	0.008933944	0.008944572	2.92067E-07	0.003314642	1.87024E-07	0.006012775	0.355714772	0.149527251	0.108538312	0.677966102	0.154971063	0.845028937	0.758531874	0.686680268	0.758531874	0.173843954	0.322033898	0.123709243	0.429097066	0.284989461	0.284944362	0.413741037	0.015086294	0.117789961	0.150163147	0.353957199	0.054916545	0.000434482	0.113895334	0.157528579	0.071357526	0.048029204	0.129093323	0.005518557	0.774535712	0.284572011	0.290603113	0.320460744	0.566194299	1.14415E-05	7.28848E-06	1.9453E-08	0.001323971	0.179395568	0.158649014	0.00023313	0.21714195	0.172881568	0.149101187	0.179342773	0.702520837	0.018228976	0.001450589	0.000391045	0.046255891	0.236452535	0.272498806	5.11189E-05	0.022464828	0.000369932	0.000522446	0.061177151	0.013157079	0.192881703	0.121113084
Design 1	0.034273635	0.758531874	0.990024938	0.005774565	0.127939394	0.145986949	0.322033898	0.85915493	0.761904762	0.333333333	0	0	0.009834114	0.006073702	0.00608436	2.92067E-07	0.00482469	2.36626E-07	0.006012775	0.355714772	0.14897411	0.107751048	0.677966102	0.146351229	0.853648771	0.758531874	0.686680268	0.758531874	0.173843954	0.322033898	0.123709243	0.429097066	0.282925922	0.282880693	0.413741037	0.014976976	0.117789961	0.150163147	0.353957199	0.054916545	0.000434482	0.113895334	0.113836103	0.067173566	0.048029204	0.179157318	0.007731353	0.774535712	0.282507267	0.230424686	0.261373843	0.566194299	1.51085E-05	8.81766E-06	2.35344E-08	0.001052924	0.146316797	0.149123168	0.00030721	0.181325542	0.137063873	0.118174793	0.146261875	0.702139186	0.018228976	0.002470673	0.000639042	0.049684977	0.281363338	0.286521618	8.9633E-05	0.031472628	0.000493238	0.00070864	0.074779808	0.016933108	0.23440299	0.092591107
Design 1	0.034273635	0.758531874	0.990024938	0.004185193	0.127939394	0.145986949	0.322033898	0.85915493	0.761904762	0.333333333	0	0	0.008251231	0.004484807	0.004495483	2.92067E-07	0.006300019	2.77178E-07	0.006012775	0.355714772	0.148665962	0.107313715	0.677966102	0.141508276	0.858491724	0.758531874	0.686680268	0.758531874	0.173843954	0.322033898	0.123709243	0.429097066	0.281779604	0.281734303	0.413741037	0.014916249	0.117789961	0.150163147	0.353957199	0.054916545	0.000434482	0.113895334	0.08956448	0.064849332	0.048029204	0.228072209	0.009893358	0.774535712	0.281360281	0.194151169	0.224646595	0.566194299	1.81625E-05	1.00704E-05	2.6878E-08	0.000884447	0.125755688	0.142506156	0.000374102	0.158378289	0.115474179	0.099530817	0.125699443	0.701766439	0.018228976	0.003656459	0.000917549	0.051761161	0.318818293	0.297270417	0.000135518	0.040273675	0.000604422	0.00088242	0.086337845	0.020212448	0.2696832	0.078721596
Design 1	0.034273635	0.758531874	0.990024938	0.000830755	0.127939394	0.145986949	0.322033898	0.85915493	0.761904762	0.333333333	0	0	0.004910491	0.00113138	0.001142091	2.92067E-07	0.015543203	4.52204E-07	0.006012775	0.355714772	0.148013539	0.106390704	0.677966102	0.13115656	0.86884344	0.758531874	0.686680268	0.758531874	0.173843954	0.322033898	0.123709243	0.429097066	0.279360254	0.2793148	0.413741037	0.014788082	0.117789961	0.150163147	0.353957199	0.054916545	0.000434482	0.113895334	0.038338206	0.05994394	0.048029204	0.534609144	0.023442087	0.774535712	0.278939518	0.105906218	0.130425157	0.566194299	3.18763E-05	1.56043E-05	4.16482E-08	0.000452229	0.07300746	0.121660242	0.00072918	0.096095547	0.062951524	0.054156503	0.072947821	0.699434012	0.018228976	0.014593502	0.003292561	0.05661554	0.487807671	0.338189859	0.000583345	0.095427555	0.001192053	0.001870156	0.140393985	0.036251723	0.434686296	0.04712372
Design 1	0.034273635	0.758531874	0.990024938	0	0.127939394	0.145986949	0.322033898	0.85915493	0.761904762	0.333333333	0	0	0.004083127	0.000300874	0.000311594	2.92067E-07	0.02353061	5.5626E-07	0.006012775	0.355714772	0.147851525	0.106162113	0.677966102	0.128565107	0.871434893	0.758531874	0.686680268	0.758531874	0.173843954	0.322033898	0.123709243	0.429097066	0.27876108	0.278715589	0.413741037	0.01475634	0.117789961	0.150163147	0.353957199	0.054916545	0.000434482	0.113895334	0.025651574	0.058729077	0.048029204	0.799677223	0.035157919	0.774535712	0.278339995	0.079481294	0.100295631	0.566194299	4.03303E-05	1.90272E-05	5.07839E-08	0.000314017	0.056139971	0.113043212	0.000990166	0.074642572	0.047223631	0.040557766	0.056079247	0.697422484	0.018228976	0.028104188	0.00603014	0.057930069	0.592746096	0.359246703	0.00116438	0.143120121	0.001621328	0.002646262	0.175185663	0.047069718	0.540885786	0.036945289
Design 1	0.047799551	0.597553123	0.017456359	1	0.127939394	0.145986949	0.322033898	0.85915493	0.761904762	0.333333333	0	0	1	1	1	0.020769199	0.846581512	6.76476E-06	0.006012775	0.368580875	0.316418665	0.381323165	0.677966102	1	0	0.597553123	0.54095016	0.597553123	0.173843954	0.322033898	0.123709243	0.429097066	0.639999932	0.511969128	0.211796819	0.066208671	0.117789961	0.150163147	0.279199754	0.049218067	0.0465153	0.002130776	0.000238952	0.001186009	0.060255519	0.000335896	0.00212818	0.619311809	0.799883195	0.002816023	0.00298893	0.004382838	0.0003833	0.000298482	7.96651E-07	0.043308587	0.066941617	0.044992611	0.000837769	0.350471468	0.066980831	0.047527206	0.066881588	0.508875571	0.022789608	1.7922E-05	0.000123246	0.005656156	0.016752545	0.253294786	1.56369E-06	0.00102827	0.000845003	0.000380248	0.033549934	0.018102524	0.005095278	0.097078519
Design 1	0.047799551	0.597553123	0.042394015	0.499310806	0.127939394	0.145986949	0.322033898	0.85915493	0.761904762	0.333333333	0	0	0.501355184	0.499461451	0.499466818	0.002596121	0.505187295	3.58222E-06	0.006012775	0.368580875	0.252315679	0.243553	0.677966102	0.809623289	0.190376711	0.597553123	0.54095016	0.597553123	0.173843954	0.322033898	0.123709243	0.429097066	0.408885351	0.327065801	0.211796819	0.042295546	0.117789961	0.150163147	0.279199754	0.049218067	0.022849297	0.005736084	0.000956279	0.002462979	0.060255519	0.002013947	0.002127466	0.619311809	0.510821302	0.007583322	0.009481361	0.011159968	0.000205699	0.000112449	3.00127E-07	0.022620486	0.106159664	0.062520966	0.000559331	0.350527457	0.090197794	0.069263568	0.106102158	0.582748844	0.022789608	3.62539E-05	0.000113554	0.013716463	0.031496499	0.253282852	2.33968E-06	0.001771346	0.00062437	0.000343433	0.033542489	0.015092256	0.017457783	0.264255433
Design 1	0.047799551	0.597553123	0.092269327	0.16551814	0.127939394	0.145986949	0.322033898	0.85915493	0.761904762	0.333333333	0	0	0.168925436	0.165769214	0.16577816	0.000324487	0.231301233	3.07881E-06	0.006012775	0.368580875	0.19855455	0.151706258	0.677966102	0.490846037	0.509153963	0.597553123	0.54095016	0.597553123	0.173843954	0.322033898	0.123709243	0.429097066	0.254809023	0.203796964	0.211796819	0.026353468	0.117789961	0.150163147	0.279199754	0.049218067	0.011016296	0.012946701	0.002553251	0.003757387	0.060255519	0.008716064	0.003310242	0.619311809	0.318113448	0.015294034	0.020142673	0.028237265	0.000130534	6.22656E-05	1.66188E-07	0.010426098	0.112760696	0.075118227	0.000517156	0.282393739	0.090950655	0.074417042	0.112703615	0.646383983	0.022789608	0.000141488	0.000198021	0.037172898	0.071430774	0.269761751	7.45637E-06	0.004676068	0.000665016	0.00046412	0.044630035	0.017107812	0.049972755	0.338675768
Design 1	0.047799551	0.597553123	0.19201995	0.054253918	0.127939394	0.145986949	0.322033898	0.85915493	0.761904762	0.333333333	0	0	0.05811552	0.054538468	0.054548607	4.05325E-05	0.089475497	2.18854E-06	0.006012775	0.368580875	0.177102246	0.121090678	0.677966102	0.277291307	0.722708693	0.597553123	0.54095016	0.597553123	0.173843954	0.322033898	0.123709243	0.429097066	0.203450247	0.162707352	0.211796819	0.021039442	0.117789961	0.150163147	0.279199754	0.049218067	0.005099795	0.027367934	0.00683333	0.006901163	0.060255519	0.028726064	0.005069511	0.619311809	0.253877497	0.030896925	0.040924636	0.071269357	8.10927E-05	3.67018E-05	9.79575E-08	0.004870188	0.114547815	0.08931539	0.000493361	0.227027375	0.091867125	0.077677533	0.114490849	0.68095648	0.022789608	0.000474784	0.000352891	0.062010903	0.131789918	0.287048497	2.23236E-05	0.010593025	0.000713064	0.000618266	0.058112443	0.019290456	0.099933353	0.229080527
Design 1	0.047799551	0.597553123	0.291770574	0.035710075	0.127939394	0.145986949	0.322033898	0.85915493	0.761904762	0.333333333	0	0	0.039647393	0.036000205	0.036010542	1.19868E-05	0.039529861	1.26559E-06	0.006012775	0.368580875	0.173273237	0.115988135	0.677966102	0.230756562	0.769243438	0.597553123	0.54095016	0.597553123	0.173843954	0.322033898	0.123709243	0.429097066	0.194890541	0.155859155	0.211796819	0.02015378	0.117789961	0.150163147	0.279199754	0.049218067	0.003127628	0.041789167	0.015416595	0.012479799	0.060255519	0.043639191	0.005055192	0.619311809	0.243171617	0.055247985	0.071480988	0.122429258	5.33609E-05	2.44241E-05	6.51883E-08	0.003633348	0.133383591	0.103135675	0.000400561	0.227363112	0.109528739	0.093683749	0.133327837	0.693404446	0.022789608	0.000638424	0.000347369	0.063100895	0.154432266	0.286929358	2.78173E-05	0.012876869	0.000599667	0.000583498	0.058012628	0.017353637	0.120311668	0.207375143
Design 1	0.047799551	0.597553123	0.391521197	0.026437959	0.127939394	0.145986949	0.322033898	0.85915493	0.761904762	0.333333333	0	0	0.030413137	0.026730879	0.026741316	5.03816E-06	0.021924329	8.31581E-07	0.006012775	0.368580875	0.171327153	0.11343681	0.677966102	0.205921366	0.794078634	0.597553123	0.54095016	0.597553123	0.173843954	0.322033898	0.123709243	0.429097066	0.190610598	0.152434985	0.211796819	0.01971094	0.117789961	0.150163147	0.279199754	0.049218067	0.002141545	0.056210401	0.02748096	0.019476299	0.060255519	0.05847261	0.005040986	0.619311809	0.237818565	0.08349011	0.104943719	0.179703434	3.87757E-05	1.83944E-05	4.90949E-08	0.002933356	0.146869195	0.114468095	0.000345913	0.227697537	0.124149368	0.106619548	0.146814308	0.697826707	0.022789608	0.000789011	0.000344538	0.06217641	0.171624792	0.286810886	3.25919E-05	0.014753019	0.000527442	0.000559485	0.057913469	0.016063932	0.136445521	0.174996981
Design 1	0.047799551	0.597553123	0.49127182	0.020874768	0.127939394	0.145986949	0.322033898	0.85915493	0.761904762	0.333333333	0	0	0.024872661	0.021169361	0.021179858	2.5637E-06	0.0137734	5.8836E-07	0.006012775	0.368580875	0.170149019	0.111906036	0.677966102	0.190477817	0.809522183	0.597553123	0.54095016	0.597553123	0.173843954	0.322033898	0.123709243	0.429097066	0.188042668	0.150380511	0.211796819	0.01944524	0.117789961	0.150163147	0.279199754	0.049218067	0.001549895	0.070631634	0.043054233	0.027890728	0.060255519	0.073226496	0.005026839	0.619311809	0.234606778	0.115056278	0.140606122	0.242000997	2.96944E-05	1.47261E-05	3.93042E-08	0.00247429	0.157423452	0.124289996	0.000308436	0.228031944	0.136878631	0.117770747	0.157369244	0.699880218	0.022789608	0.000929607	0.000342488	0.060533896	0.185583741	0.286692622	3.68521E-05	0.016370813	0.000475706	0.000541157	0.057814582	0.015107744	0.149995033	0.154341701
Design 1	0.047799551	0.597553123	0.591022444	0.018014052	0.127939394	0.145986949	0.322033898	0.85915493	0.761904762	0.333333333	0	0	0.022023626	0.018309506	0.018320034	1.46995E-06	0.008920437	4.2127E-07	0.006012775	0.368580875	0.169540065	0.111118878	0.677966102	0.182371028	0.817628972	0.597553123	0.54095016	0.597553123	0.173843954	0.322033898	0.123709243	0.429097066	0.186722182	0.149324056	0.211796819	0.019308611	0.117789961	0.150163147	0.279199754	0.049218067	0.001155461	0.085052867	0.064961464	0.038281153	0.060255519	0.084058467	0.004786279	0.619311809	0.232955207	0.154351551	0.183145615	0.308618307	2.27768E-05	1.19414E-05	3.18718E-08	0.002211569	0.170876321	0.134163454	0.000270256	0.233932025	0.15303197	0.131813918	0.170822978	0.701104695	0.022789608	0.000987777	0.000318718	0.05769949	0.192430331	0.284638455	3.77224E-05	0.016996082	0.000419037	0.000504632	0.056112406	0.013863851	0.157326389	0.155330995
Design 1	0.047799551	0.597553123	0.690773067	0.019255144	0.127939394	0.145986949	0.322033898	0.85915493	0.761904762	0.333333333	0	0	0.02325965	0.019550224	0.019560738	9.13668E-07	0.005032157	2.70147E-07	0.006012775	0.368580875	0.169804517	0.111460378	0.677966102	0.185902111	0.814097889	0.597553123	0.54095016	0.597553123	0.173843954	0.322033898	0.123709243	0.429097066	0.187295061	0.149782388	0.211796819	0.019367886	0.117789961	0.150163147	0.279199754	0.049218067	0.000873723	0.099474101	0.109657297	0.053217388	0.060255519	0.078995567	0.003811544	0.619311809	0.233671724	0.224350577	0.255288027	0.379056553	1.55644E-05	9.00566E-06	2.40362E-08	0.002257883	0.204160768	0.148068544	0.000206816	0.262988697	0.190676665	0.164380225	0.204109567	0.702086761	0.022789608	0.000777649	0.000229569	0.051604444	0.179060556	0.275331598	2.83298E-05	0.014552517	0.000318241	0.000400306	0.04875864	0.011133271	0.146383996	0.228533936
Design 1	0.047799551	0.597553123	0.790523691	0.016811745	0.127939394	0.145986949	0.322033898	0.85915493	0.761904762	0.333333333	0	0	0.020826228	0.017107561	0.017118101	6.01375E-07	0.003666936	2.11874E-07	0.006012775	0.368580875	0.16928349	0.11078805	0.677966102	0.178929566	0.821070434	0.597553123	0.54095016	0.597553123	0.173843954	0.322033898	0.123709243	0.429097066	0.186167206	0.148880047	0.211796819	0.019251188	0.117789961	0.150163147	0.279199754	0.049218067	0.00066242	0.113895334	0.14458215	0.066650641	0.060255519	0.089611239	0.003773476	0.619311809	0.232261082	0.273336008	0.303716122	0.452940187	1.23605E-05	7.67494E-06	2.04845E-08	0.002038417	0.212529044	0.156069303	0.000190826	0.264333745	0.203276291	0.175295789	0.212478381	0.702431786	0.022789608	0.000847572	0.000226223	0.050140724	0.18653446	0.274930195	3.01086E-05	0.015360985	0.000294919	0.000389004	0.048454404	0.010618828	0.154046288	0.220101343
Design 1	0.047799551	0.597553123	0.890274314	0.012584278	0.127939394	0.145986949	0.322033898	0.85915493	0.761904762	0.333333333	0	0	0.016616022	0.012881366	0.012891951	4.12705E-07	0.003283216	1.92503E-07	0.006012775	0.368580875	0.168378289	0.109624816	0.677966102	0.16666431	0.83333569	0.597553123	0.54095016	0.597553123	0.173843954	0.322033898	0.123709243	0.429097066	0.184215837	0.147318853	0.211796819	0.019049283	0.117789961	0.150163147	0.279199754	0.049218067	0.000498072	0.128316567	0.158797017	0.078095989	0.060255519	0.116567654	0.004385867	0.619311809	0.229820447	0.292272608	0.322071506	0.529974343	1.13573E-05	7.25293E-06	1.93582E-08	0.001681073	0.200331389	0.158892694	0.000203355	0.244753552	0.193203987	0.166626111	0.200279942	0.702528781	0.022789608	0.001171354	0.000280659	0.051213559	0.210443329	0.281022528	4.12517E-05	0.018880373	0.000318308	0.000439904	0.053186269	0.011565569	0.176932063	0.184899807
Design 1	0.047799551	0.597553123	0.990024938	0.009748384	0.127939394	0.145986949	0.322033898	0.85915493	0.761904762	0.333333333	0	0	0.013791708	0.010046325	0.010056941	2.92067E-07	0.002931569	1.72593E-07	0.006012775	0.368580875	0.167768367	0.108844488	0.677966102	0.158289796	0.841710204	0.597553123	0.54095016	0.597553123	0.173843954	0.322033898	0.123709243	0.429097066	0.182906809	0.146271564	0.211796819	0.018913839	0.117789961	0.150163147	0.279199754	0.049218067	0.000366594	0.1427378	0.174521085	0.091231482	0.060255519	0.145827272	0.00495722	0.619311809	0.228183206	0.312664	0.341634166	0.609920209	1.03871E-05	6.84191E-06	1.82611E-08	0.001421099	0.191249138	0.161793279	0.000213127	0.229697307	0.186012023	0.160437612	0.191197107	0.702617677	0.022789608	0.001535934	0.000334807	0.051367087	0.232289593	0.286106632	5.3628E-05	0.022417374	0.00033661	0.000485207	0.057326033	0.012353887	0.198380586	0.158951641
Design 1	0.070342744	0.436574372	0.017456359	1	0.127939394	0.145986949	0.322033898	0.85915493	0.761904762	0.333333333	0	0	1	1	1	0.020769199	0.846581512	6.76476E-06	0.006012775	0.385816521	0.365830029	0.381323165	0.677966102	1	0	0.436574372	0.395220052	0.436574372	0.173843954	0.322033898	0.123709243	0.429097066	0.359999879	0.215950402	0.089306064	0.088281998	0.117789961	0.150163147	0.204442308	0.042325302	0.043230689	0.003332545	0.000238952	0.001582126	0.08063271	0.000895583	0.00212818	0.464087906	0.59976639	0.002816023	0.00298893	0.004831613	0.0003833	0.000298482	7.96651E-07	0.043308587	0.066941617	0.044992611	0.000837769	0.350471468	0.066980831	0.047527206	0.066881588	0.508875571	0.030390661	2.89678E-05	0.000123246	0.009149082	0.018956575	0.275455985	2.25838E-06	0.001309157	0.000845003	0.000392848	0.033549934	0.018534137	0.009885924	0.074116131
Design 1	0.070342744	0.436574372	0.042394015	0.499310806	0.127939394	0.145986949	0.322033898	0.85915493	0.761904762	0.333333333	0	0	0.501355184	0.499461451	0.499466818	0.002596121	0.505187295	3.58222E-06	0.006012775	0.385816521	0.291810276	0.243553	0.677966102	0.809623289	0.190376711	0.436574372	0.395220052	0.436574372	0.173843954	0.322033898	0.123709243	0.429097066	0.229997927	0.137944311	0.089306064	0.056397831	0.117789961	0.150163147	0.204442308	0.042325302	0.021206992	0.008139623	0.000956279	0.003284753	0.08063271	0.003132985	0.002127466	0.464087906	0.38296997	0.007583322	0.009481361	0.012290809	0.000205699	0.000112449	3.00127E-07	0.022620486	0.106159664	0.062520966	0.000559331	0.350527457	0.090197794	0.069263568	0.106102158	0.582748844	0.030390661	5.34103E-05	0.000113554	0.018192385	0.034350692	0.275443161	3.29304E-06	0.002154934	0.00062437	0.000355013	0.033542489	0.015467931	0.023491316	0.246819394
Design 1	0.070342744	0.436574372	0.092269327	0.16551814	0.127939394	0.145986949	0.322033898	0.85915493	0.761904762	0.333333333	0	0	0.168925436	0.165769214	0.16577816	0.000324487	0.231301233	3.07881E-06	0.006012775	0.385816521	0.229732272	0.151706258	0.677966102	0.490846037	0.509153963	0.436574372	0.395220052	0.436574372	0.173843954	0.322033898	0.123709243	0.429097066	0.143329993	0.08594027	0.089306064	0.035141727	0.117789961	0.150163147	0.204442308	0.042325302	0.010195143	0.017753779	0.002553251	0.00501063	0.08063271	0.012069141	0.003310242	0.464087906	0.23843908	0.015294034	0.020142673	0.031086807	0.000130534	6.22656E-05	1.66188E-07	0.010426098	0.112760696	0.075118227	0.000517156	0.282393739	0.090950655	0.074417042	0.112703615	0.646383983	0.030390661	0.000193722	0.000198021	0.044509454	0.076045945	0.293150891	1.01153E-05	0.005461118	0.000665016	0.000479044	0.044630035	0.017520942	0.059275242	0.316136409
Design 1	0.070342744	0.436574372	0.19201995	0.054253918	0.127939394	0.145986949	0.322033898	0.85915493	0.761904762	0.333333333	0	0	0.05811552	0.054538468	0.054548607	4.05325E-05	0.089475497	2.18854E-06	0.006012775	0.385816521	0.204961284	0.121090678	0.677966102	0.277291307	0.722708693	0.436574372	0.395220052	0.436574372	0.173843954	0.322033898	0.123709243	0.429097066	0.114440681	0.06860559	0.089306064	0.02805636	0.117789961	0.150163147	0.204442308	0.042325302	0.004689219	0.03698209	0.00683333	0.009202332	0.08063271	0.03874914	0.005069511	0.464087906	0.190262116	0.030896925	0.040924636	0.078449753	8.10927E-05	3.67018E-05	9.79575E-08	0.004870188	0.114547815	0.08931539	0.000493361	0.227027375	0.091867125	0.077677533	0.114490849	0.68095648	0.030390661	0.000638117	0.000352891	0.072376581	0.139066742	0.311726708	2.99382E-05	0.012195859	0.000713064	0.000637461	0.058112443	0.019744143	0.114258721	0.197015213
Design 1	0.070342744	0.436574372	0.291770574	0.035710075	0.127939394	0.145986949	0.322033898	0.85915493	0.761904762	0.333333333	0	0	0.039647393	0.036000205	0.036010542	1.19868E-05	0.039529861	1.26559E-06	0.006012775	0.385816521	0.200539926	0.115988135	0.677966102	0.230756562	0.769243438	0.436574372	0.395220052	0.436574372	0.173843954	0.322033898	0.123709243	0.429097066	0.109625847	0.065716507	0.089306064	0.026875477	0.117789961	0.150163147	0.204442308	0.042325302	0.002853911	0.056210401	0.015416595	0.016640513	0.08063271	0.05863331	0.005055192	0.464087906	0.182232706	0.055247985	0.071480988	0.13475851	5.33609E-05	2.44241E-05	6.51883E-08	0.003633348	0.133383591	0.103135675	0.000400561	0.227363112	0.109528739	0.093683749	0.133327837	0.693404446	0.030390661	0.000856303	0.000347369	0.073599503	0.162707547	0.311598684	3.72632E-05	0.014795352	0.000599667	0.000601729	0.058012628	0.017771334	0.13668581	0.167801479
Design 1	0.070342744	0.436574372	0.391521197	0.026437959	0.127939394	0.145986949	0.322033898	0.85915493	0.761904762	0.333333333	0	0	0.030413137	0.026730879	0.026741316	5.03816E-06	0.021924329	8.31581E-07	0.006012775	0.385816521	0.198292782	0.11343681	0.677966102	0.205921366	0.794078634	0.436574372	0.395220052	0.436574372	0.173843954	0.322033898	0.123709243	0.429097066	0.107218379	0.064271935	0.089306064	0.026285024	0.117789961	0.150163147	0.204442308	0.042325302	0.001936256	0.075438712	0.02748096	0.02596918	0.08063271	0.078411202	0.005040986	0.464087906	0.178217917	0.08349011	0.104943719	0.197796897	3.87757E-05	1.83944E-05	4.90949E-08	0.002933356	0.146869195	0.114468095	0.000345913	0.227697537	0.124149368	0.106619548	0.146814308	0.697826707	0.030390661	0.001057086	0.000344538	0.072562272	0.18065821	0.311471378	4.36294E-05	0.016930806	0.000527442	0.000577052	0.057913469	0.016457664	0.154441709	0.146613712
Design 1	0.070342744	0.436574372	0.49127182	0.020874768	0.127939394	0.145986949	0.322033898	0.85915493	0.761904762	0.333333333	0	0	0.024872661	0.021169361	0.021179858	2.5637E-06	0.0137734	5.8836E-07	0.006012775	0.385816521	0.19693239	0.111906036	0.677966102	0.190477817	0.809522183	0.436574372	0.395220052	0.436574372	0.173843954	0.322033898	0.123709243	0.429097066	0.105773918	0.063405204	0.089306064	0.025930757	0.117789961	0.150163147	0.204442308	0.042325302	0.001385664	0.094667023	0.043054233	0.037188419	0.08063271	0.09808305	0.005026839	0.464087906	0.175809077	0.115056278	0.140606122	0.266364238	2.96944E-05	1.47261E-05	3.93042E-08	0.00247429	0.157423452	0.124289996	0.000308436	0.228031944	0.136878631	0.117770747	0.157369244	0.699880218	0.030390661	0.001244548	0.000342488	0.070719445	0.195232705	0.311344295	4.93097E-05	0.018772194	0.000475706	0.000558215	0.057814582	0.015483708	0.169353447	0.138432711
Design 1	0.070342744	0.436574372	0.591022444	0.018014052	0.127939394	0.145986949	0.322033898	0.85915493	0.761904762	0.333333333	0	0	0.022023626	0.018309506	0.018320034	1.46995E-06	0.008920437	4.2127E-07	0.006012775	0.385816521	0.19622923	0.111118878	0.677966102	0.182371028	0.817628972	0.436574372	0.395220052	0.436574372	0.173843954	0.322033898	0.123709243	0.429097066	0.105031145	0.062959512	0.089306064	0.025748585	0.117789961	0.150163147	0.204442308	0.042325302	0.001018602	0.113895334	0.064961464	0.051042318	0.08063271	0.112525678	0.004786279	0.464087906	0.174570399	0.154351551	0.183145615	0.339686074	2.27768E-05	1.19414E-05	3.18718E-08	0.002211569	0.170876321	0.134163454	0.000270256	0.233932025	0.15303197	0.131813918	0.170822978	0.701104695	0.030390661	0.001322108	0.000318718	0.067539369	0.202381209	0.309136949	5.047E-05	0.019483882	0.000419037	0.000520678	0.056112406	0.0142167	0.177421875	0.14304153
Design 1	0.070342744	0.436574372	0.690773067	0.019255144	0.127939394	0.145986949	0.322033898	0.85915493	0.761904762	0.333333333	0	0	0.02325965	0.019550224	0.019560738	9.13668E-07	0.005032157	2.70147E-07	0.006012775	0.385816521	0.196534593	0.111460378	0.677966102	0.185902111	0.814097889	0.436574372	0.395220052	0.436574372	0.173843954	0.322033898	0.123709243	0.429097066	0.105353389	0.063152871	0.089306064	0.025827618	0.117789961	0.150163147	0.204442308	0.042325302	0.000756416	0.133123645	0.109657297	0.070957298	0.08063271	0.105775145	0.003811544	0.464087906	0.175107787	0.224350577	0.255288027	0.417213395	1.55644E-05	9.00566E-06	2.40362E-08	0.002257883	0.204160768	0.148068544	0.000206816	0.262988697	0.190676665	0.164380225	0.204109567	0.702086761	0.030390661	0.001041937	0.000229569	0.060701001	0.188421868	0.29913608	3.79466E-05	0.016702591	0.000318241	0.000413462	0.04875864	0.01143538	0.165379367	0.14304153
Design 1	0.070342744	0.436574372	0.790523691	0.016811745	0.127939394	0.145986949	0.322033898	0.85915493	0.761904762	0.333333333	0	0	0.020826228	0.017107561	0.017118101	6.01375E-07	0.003666936	2.11874E-07	0.006012775	0.385816521	0.195932963	0.11078805	0.677966102	0.178929566	0.821070434	0.436574372	0.395220052	0.436574372	0.173843954	0.322033898	0.123709243	0.429097066	0.104718971	0.062772196	0.089306064	0.025672021	0.117789961	0.150163147	0.204442308	0.042325302	0.000559775	0.152351956	0.14458215	0.088868303	0.08063271	0.119929374	0.003773476	0.464087906	0.174049805	0.273336008	0.303716122	0.498532857	1.23605E-05	7.67494E-06	2.04845E-08	0.002038417	0.212529044	0.156069303	0.000190826	0.264333745	0.203276291	0.175295789	0.212478381	0.702431786	0.030390661	0.001135168	0.000226223	0.059058772	0.196225348	0.298704745	4.03183E-05	0.017622799	0.000294919	0.000401847	0.048454404	0.010911378	0.173812002	0.237194215
Design 1	0.070342744	0.436574372	0.890274314	0.012584278	0.127939394	0.145986949	0.322033898	0.85915493	0.761904762	0.333333333	0	0	0.016616022	0.012881366	0.012891951	4.12705E-07	0.003283216	1.92503E-07	0.006012775	0.385816521	0.194887726	0.109624816	0.677966102	0.16666431	0.83333569	0.436574372	0.395220052	0.436574372	0.173843954	0.322033898	0.123709243	0.429097066	0.103621326	0.062113567	0.089306064	0.025402814	0.117789961	0.150163147	0.204442308	0.042325302	0.000406833	0.171580267	0.158797017	0.104128766	0.08063271	0.155871261	0.004385867	0.464087906	0.172219328	0.292272608	0.322071506	0.583319917	1.13573E-05	7.25293E-06	1.93582E-08	0.001681073	0.200331389	0.158892694	0.000203355	0.244753552	0.193203987	0.166626111	0.200279942	0.702528781	0.030390661	0.001566877	0.000280659	0.060262445	0.221188524	0.305251383	5.51757E-05	0.021628601	0.000318308	0.000454157	0.053186269	0.011875711	0.198998642	0.191869984
Design 1	0.070342744	0.436574372	0.990024938	0.009748384	0.127939394	0.145986949	0.322033898	0.85915493	0.761904762	0.333333333	0	0	0.013791708	0.010046325	0.010056941	2.92067E-07	0.002931569	1.72593E-07	0.006012775	0.385816521	0.19418345	0.108844488	0.677966102	0.158289796	0.841710204	0.436574372	0.395220052	0.436574372	0.173843954	0.322033898	0.123709243	0.429097066	0.102884997	0.061671742	0.089306064	0.025222222	0.117789961	0.150163147	0.204442308	0.042325302	0.000284479	0.190808578	0.174521085	0.121642757	0.08063271	0.194884085	0.00495722	0.464087906	0.170991398	0.312664	0.341634166	0.671311728	1.03871E-05	6.84191E-06	1.82611E-08	0.001421099	0.191249138	0.161793279	0.000213127	0.229697307	0.186012023	0.160437612	0.191197107	0.702617677	0.030390661	0.002052983	0.000334807	0.060434696	0.243998141	0.310714609	7.16774E-05	0.025654452	0.00033661	0.000500715	0.057326033	0.012678677	0.222603533	0.175967916
Design 1	0.11542913	0.275595621	0.017456359	1	0.127939394	0.145986949	0.322033898	0.85915493	0.761904762	0.333333333	0	0	1	1	1	0.020769199	0.846581512	6.76476E-06	0.006012775	0.411407019	0.448718509	0.381323165	0.677966102	1	0	0.275595621	0.249489945	0.275595621	0.173843954	0.322033898	0.123709243	0.429097066	0.159999841	0.063940786	0.026405405	0.132428653	0.117789961	0.150163147	0.129684863	0.03341489	0.038984608	0.005736084	0.000238952	0.002374361	0.121387093	0.002014957	0.00212818	0.308864004	0.399649585	0.002816023	0.00298893	0.005541852	0.0003833	0.000298482	7.96651E-07	0.043308587	0.066941617	0.044992611	0.000837769	0.350471468	0.066980831	0.047527206	0.066881588	0.508875571	0.045592766	5.10594E-05	0.000123246	0.014807205	0.022228993	0.309524642	3.64777E-06	0.001772181	0.000845003	0.000411202	0.033549934	0.019156114	0.01746681	0.058710902
Design 1	0.11542913	0.275595621	0.042394015	0.499310806	0.127939394	0.145986949	0.322033898	0.85915493	0.761904762	0.333333333	0	0	0.501355184	0.499461451	0.499466818	0.002596121	0.505187295	3.58222E-06	0.006012775	0.411407019	0.358063195	0.243553	0.677966102	0.809623289	0.190376711	0.275595621	0.249489945	0.275595621	0.173843954	0.322033898	0.123709243	0.429097066	0.102221196	0.04082787	0.026405405	0.084602401	0.117789961	0.150163147	0.129684863	0.03341489	0.019083951	0.012946701	0.000956279	0.004928301	0.121387093	0.005371061	0.002127466	0.308864004	0.255118638	0.007583322	0.009481361	0.014080501	0.000205699	0.000112449	3.00127E-07	0.022620486	0.106159664	0.062520966	0.000559331	0.350527457	0.090197794	0.069263568	0.106102158	0.582748844	0.045592766	8.77231E-05	0.000113554	0.025442845	0.038588434	0.30951045	5.19975E-06	0.002787253	0.00062437	0.000371881	0.033542489	0.0160093	0.033038991	0.228739061
Design 1	0.11542913	0.275595621	0.092269327	0.16551814	0.127939394	0.145986949	0.322033898	0.85915493	0.761904762	0.333333333	0	0	0.168925436	0.165769214	0.16577816	0.000324487	0.231301233	3.07881E-06	0.006012775	0.411407019	0.282033478	0.151706258	0.677966102	0.490846037	0.509153963	0.275595621	0.249489945	0.275595621	0.173843954	0.322033898	0.123709243	0.429097066	0.063702114	0.025419265	0.026405405	0.052718246	0.117789961	0.150163147	0.129684863	0.03341489	0.009133623	0.027367934	0.002553251	0.007517117	0.121387093	0.018775295	0.003310242	0.308864004	0.158764711	0.015294034	0.020142673	0.035596547	0.000130534	6.22656E-05	1.66188E-07	0.010426098	0.112760696	0.075118227	0.000517156	0.282393739	0.090950655	0.074417042	0.112703615	0.646383983	0.045592766	0.000298191	0.000198021	0.056393797	0.082898286	0.329107274	1.54331E-05	0.006755221	0.000665016	0.000500782	0.044630035	0.018116282	0.073995825	0.278485262
Design 1	0.11542913	0.275595621	0.19201995	0.054253918	0.127939394	0.145986949	0.322033898	0.85915493	0.761904762	0.333333333	0	0	0.05811552	0.054538468	0.054548607	4.05325E-05	0.089475497	2.18854E-06	0.006012775	0.411407019	0.251695339	0.121090678	0.677966102	0.277291307	0.722708693	0.275595621	0.249489945	0.275595621	0.173843954	0.322033898	0.123709243	0.429097066	0.05086242	0.020283064	0.026405405	0.042090195	0.117789961	0.150163147	0.129684863	0.03341489	0.004158459	0.056210401	0.00683333	0.01380467	0.121387093	0.058795293	0.005069511	0.308864004	0.126646735	0.030896925	0.040924636	0.089813586	8.10927E-05	3.67018E-05	9.79575E-08	0.004870188	0.114547815	0.08931539	0.000493361	0.227027375	0.091867125	0.077677533	0.114490849	0.68095648	0.045592766	0.000964783	0.000352891	0.089167741	0.149870951	0.349664795	4.51675E-05	0.014838023	0.000713064	0.00066542	0.058112443	0.020397931	0.136927691	0.126874637
Design 1	0.11542913	0.275595621	0.291770574	0.035710075	0.127939394	0.145986949	0.322033898	0.85915493	0.761904762	0.333333333	0	0	0.039647393	0.036000205	0.036010542	1.19868E-05	0.039529861	1.26559E-06	0.006012775	0.411407019	0.246280303	0.115988135	0.677966102	0.230756562	0.769243438	0.275595621	0.249489945	0.275595621	0.173843954	0.322033898	0.123709243	0.429097066	0.048722494	0.019427039	0.026405405	0.040318871	0.117789961	0.150163147	0.129684863	0.03341489	0.002500071	0.085052867	0.015416595	0.024961942	0.121387093	0.088621548	0.005055192	0.308864004	0.121293795	0.055247985	0.071480988	0.154271022	5.33609E-05	2.44241E-05	6.51883E-08	0.003633348	0.133383591	0.103135675	0.000400561	0.227363112	0.109528739	0.093683749	0.133327837	0.693404446	0.045592766	0.001292062	0.000347369	0.090605994	0.174994209	0.349523114	5.61549E-05	0.017957844	0.000599667	0.000628286	0.058012628	0.018373258	0.162596829	0.119372902
Design 1	0.11542913	0.275595621	0.391521197	0.026437959	0.127939394	0.145986949	0.322033898	0.85915493	0.761904762	0.333333333	0	0	0.030413137	0.026730879	0.026741316	5.03816E-06	0.021924329	8.31581E-07	0.006012775	0.411407019	0.243528124	0.11343681	0.677966102	0.205921366	0.794078634	0.275595621	0.249489945	0.275595621	0.173843954	0.322033898	0.123709243	0.429097066	0.047652508	0.018999018	0.026405405	0.039433191	0.117789961	0.150163147	0.129684863	0.03341489	0.001670876	0.113895334	0.02748096	0.038954942	0.121387093	0.118288386	0.005040986	0.308864004	0.11861727	0.08349011	0.104943719	0.226431962	3.87757E-05	1.83944E-05	4.90949E-08	0.002933356	0.146869195	0.114468095	0.000345913	0.227697537	0.124149368	0.106619548	0.146814308	0.697826707	0.045592766	0.001593237	0.000344538	0.089386128	0.194070511	0.349382227	6.57043E-05	0.020520742	0.000527442	0.000602639	0.057913469	0.017025052	0.182919513	0.120662041
Design 1	0.11542913	0.275595621	0.49127182	0.020874768	0.127939394	0.145986949	0.322033898	0.85915493	0.761904762	0.333333333	0	0	0.024872661	0.021169361	0.021179858	2.5637E-06	0.0137734	5.8836E-07	0.006012775	0.411407019	0.241861992	0.111906036	0.677966102	0.190477817	0.809522183	0.275595621	0.249489945	0.275595621	0.173843954	0.322033898	0.123709243	0.429097066	0.047010525	0.018742209	0.026405405	0.03890179	0.117789961	0.150163147	0.129684863	0.03341489	0.00117336	0.1427378	0.043054233	0.0557838	0.121387093	0.147796158	0.005026839	0.308864004	0.117011376	0.115056278	0.140606122	0.304921973	2.96944E-05	1.47261E-05	3.93042E-08	0.00247429	0.157423452	0.124289996	0.000308436	0.228031944	0.136878631	0.117770747	0.157369244	0.699880218	0.045592766	0.001874429	0.000342488	0.087218818	0.209558934	0.349241586	7.42247E-05	0.022730712	0.000475706	0.000583063	0.057814582	0.016025491	0.199986885	0.122882338
Design 1	0.11542913	0.275595621	0.591022444	0.018014052	0.127939394	0.145986949	0.322033898	0.85915493	0.761904762	0.333333333	0	0	0.022023626	0.018309506	0.018320034	1.46995E-06	0.008920437	4.2127E-07	0.006012775	0.411407019	0.2410008	0.111118878	0.677966102	0.182371028	0.817628972	0.275595621	0.249489945	0.275595621	0.173843954	0.322033898	0.123709243	0.429097066	0.046680404	0.018610152	0.026405405	0.038628532	0.117789961	0.150163147	0.129684863	0.03341489	0.000841682	0.171580267	0.064961464	0.076564649	0.121387093	0.169460101	0.004786279	0.308864004	0.116185591	0.154351551	0.183145615	0.388854524	2.27768E-05	1.19414E-05	3.18718E-08	0.002211569	0.170876321	0.134163454	0.000270256	0.233932025	0.15303197	0.131813918	0.170822978	0.701104695	0.045592766	0.001990769	0.000318718	0.083478797	0.217155702	0.346798756	7.59653E-05	0.023584856	0.000419037	0.000544052	0.056112406	0.014725175	0.209221681	0.135419277
Design 1	0.11542913	0.275595621	0.690773067	0.019255144	0.127939394	0.145986949	0.322033898	0.85915493	0.761904762	0.333333333	0	0	0.02325965	0.019550224	0.019560738	9.13668E-07	0.005032157	2.70147E-07	0.006012775	0.411407019	0.241374792	0.111460378	0.677966102	0.185902111	0.814097889	0.275595621	0.249489945	0.275595621	0.173843954	0.322033898	0.123709243	0.429097066	0.046823624	0.018667443	0.026405405	0.038747082	0.117789961	0.150163147	0.129684863	0.03341489	0.00060477	0.200422733	0.109657297	0.106437119	0.121387093	0.1593343	0.003811544	0.308864004	0.116543849	0.224350577	0.255288027	0.477601152	1.55644E-05	9.00566E-06	2.40362E-08	0.002257883	0.204160768	0.148068544	0.000206816	0.262988697	0.190676665	0.164380225	0.204109567	0.702086761	0.045592766	0.001570512	0.000229569	0.075436336	0.202321007	0.335730975	5.71801E-05	0.020246847	0.000318241	0.000432625	0.04875864	0.011870735	0.195438314	0.182859555
Design 1	0.11542913	0.275595621	0.790523691	0.016811745	0.127939394	0.145986949	0.322033898	0.85915493	0.761904762	0.333333333	0	0	0.020826228	0.017107561	0.017118101	6.01375E-07	0.003666936	2.11874E-07	0.006012775	0.411407019	0.240637948	0.11078805	0.677966102	0.178929566	0.821070434	0.275595621	0.249489945	0.275595621	0.173843954	0.322033898	0.123709243	0.429097066	0.04654166	0.018554651	0.026405405	0.038513687	0.117789961	0.150163147	0.129684863	0.03341489	0.000427085	0.2292652	0.14458215	0.133303626	0.121387093	0.180565645	0.003773476	0.308864004	0.115838528	0.273336008	0.303716122	0.570688698	1.23605E-05	7.67494E-06	2.04845E-08	0.002038417	0.212529044	0.156069303	0.000190826	0.264333745	0.203276291	0.175295789	0.212478381	0.702431786	0.045592766	0.00171036	0.000226223	0.073504945	0.210613823	0.335253624	6.07377E-05	0.021351248	0.000294919	0.000420554	0.048454404	0.011332957	0.205089967	0.183030444
Design 1	0.11542913	0.275595621	0.890274314	0.012584278	0.127939394	0.145986949	0.322033898	0.85915493	0.761904762	0.333333333	0	0	0.016616022	0.012881366	0.012891951	4.12705E-07	0.003283216	1.92503E-07	0.006012775	0.411407019	0.2393578	0.109624816	0.677966102	0.16666431	0.83333569	0.275595621	0.249489945	0.275595621	0.173843954	0.322033898	0.123709243	0.429097066	0.046053818	0.018359501	0.026405405	0.038109876	0.117789961	0.150163147	0.129684863	0.03341489	0.000288886	0.258107666	0.158797017	0.156194321	0.121387093	0.234478474	0.004385867	0.308864004	0.11461821	0.292272608	0.322071506	0.667745653	1.13573E-05	7.25293E-06	1.93582E-08	0.001681073	0.200331389	0.158892694	0.000203355	0.244753552	0.193203987	0.166626111	0.200279942	0.702528781	0.045592766	0.002357922	0.000280659	0.07492056	0.237142374	0.34249867	8.30237E-05	0.026158873	0.000318308	0.000474918	0.053186269	0.012322642	0.233917576	0.164793665
Design 1	0.11542913	0.275595621	0.990024938	0.009748384	0.127939394	0.145986949	0.322033898	0.85915493	0.761904762	0.333333333	0	0	0.013791708	0.010046325	0.010056941	2.92067E-07	0.002931569	1.72593E-07	0.006012775	0.411407019	0.238495241	0.108844488	0.677966102	0.158289796	0.841710204	0.275595621	0.249489945	0.275595621	0.173843954	0.322033898	0.123709243	0.429097066	0.04572656	0.01822859	0.026405405	0.037838989	0.117789961	0.150163147	0.129684863	0.03341489	0.000178327	0.286950133	0.174521085	0.182465307	0.121387093	0.29299771	0.00495722	0.308864004	0.11379959	0.312664	0.341634166	0.768471132	1.03871E-05	6.84191E-06	1.82611E-08	0.001421099	0.191249138	0.161793279	0.000213127	0.229697307	0.186012023	0.160437612	0.191197107	0.702617677	0.045592766	0.003087083	0.000334807	0.075123141	0.261382322	0.348544723	0.000107776	0.030990559	0.00033661	0.000523305	0.057326033	0.013146718	0.260934778	0.152056304
Design 1	0.250688289	0.114616871	0.017456359	1	0.127939394	0.145986949	0.322033898	0.85915493	0.761904762	0.333333333	0	0	1	1	1	0.020769199	0.846581512	6.76476E-06	0.006012775	0.4589256	0.635818742	0.381323165	0.677966102	1	0	0.114616871	0.103759837	0.114616871	0.173843954	0.322033898	0.123709243	0.429097066	0.039999819	0.007937243	0.003231479	0.264868615	0.117789961	0.150163147	0.054927417	0.020126055	0.032652077	0.012946701	0.000238952	0.004751065	0.243650243	0.005373081	0.00212818	0.153640101	0.199532779	0.002816023	0.00298893	0.007002119	0.0003833	0.000298482	7.96651E-07	0.043308587	0.066941617	0.044992611	0.000837769	0.350471468	0.066980831	0.047527206	0.066881588	0.508875571	0.091199084	0.000117334	0.000123246	0.026882088	0.028305492	0.376393586	7.81591E-06	0.002788394	0.000845003	0.000444263	0.033549934	0.020257495	0.033050362	0.045487298
Design 1	0.250688289	0.114616871	0.042394015	0.499310806	0.127939394	0.145986949	0.322033898	0.85915493	0.761904762	0.333333333	0	0	0.501355184	0.499461451	0.499466818	0.002596121	0.505187295	3.58222E-06	0.006012775	0.4589256	0.507612768	0.243553	0.677966102	0.809623289	0.190376711	0.114616871	0.103759837	0.114616871	0.173843954	0.322033898	0.123709243	0.429097066	0.025555157	0.005048129	0.003231479	0.169216113	0.117789961	0.150163147	0.054927417	0.020126055	0.015917686	0.027367934	0.000956279	0.009858946	0.243650243	0.012085287	0.002127466	0.153640101	0.127267306	0.007583322	0.009481361	0.017760142	0.000205699	0.000112449	3.00127E-07	0.022620486	0.106159664	0.062520966	0.000559331	0.350527457	0.090197794	0.069263568	0.106102158	0.582748844	0.091199084	0.000190662	0.000113554	0.040915898	0.046457429	0.376376709	1.09199E-05	0.004175024	0.00062437	0.000402265	0.033542489	0.016967941	0.052665548	0.176136615
Design 1	0.250688289	0.114616871	0.092269327	0.16551814	0.127939394	0.145986949	0.322033898	0.85915493	0.761904762	0.333333333	0	0	0.168925436	0.165769214	0.16577816	0.000324487	0.231301233	3.07881E-06	0.006012775	0.4589256	0.400090511	0.151706258	0.677966102	0.490846037	0.509153963	0.114616871	0.103759837	0.114616871	0.173843954	0.322033898	0.123709243	0.429097066	0.015925387	0.003122053	0.003231479	0.105447803	0.117789961	0.150163147	0.054927417	0.020126055	0.00755049	0.056210401	0.002553251	0.015036577	0.243650243	0.038893755	0.003310242	0.153640101	0.079090343	0.015294034	0.020142673	0.044868661	0.000130534	6.22656E-05	1.66188E-07	0.010426098	0.112760696	0.075118227	0.000517156	0.282393739	0.090950655	0.074417042	0.112703615	0.646383983	0.091199084	0.000611597	0.000198021	0.081755924	0.095622288	0.399681392	3.13866E-05	0.009595427	0.000665016	0.00053994	0.044630035	0.019170496	0.104256004	0.15676336
Design 1	0.250688289	0.114616871	0.19201995	0.054253918	0.127939394	0.145986949	0.322033898	0.85915493	0.761904762	0.333333333	0	0	0.05811552	0.054538468	0.054548607	4.05325E-05	0.089475497	2.18854E-06	0.006012775	0.4589256	0.357185902	0.121090678	0.677966102	0.277291307	0.722708693	0.114616871	0.103759837	0.114616871	0.173843954	0.322033898	0.123709243	0.429097066	0.012715463	0.002480028	0.003231479	0.084191699	0.117789961	0.150163147	0.054927417	0.020126055	0.003366892	0.113895334	0.00683333	0.027611684	0.243650243	0.118933752	0.005069511	0.153640101	0.063031355	0.030896925	0.040924636	0.113177849	8.10927E-05	3.67018E-05	9.79575E-08	0.004870188	0.114547815	0.08931539	0.000493361	0.227027375	0.091867125	0.077677533	0.114490849	0.68095648	0.091199084	0.001944782	0.000352891	0.125001402	0.169933112	0.424128543	9.08554E-05	0.02063686	0.000713064	0.000715784	0.058112443	0.021555641	0.183526869	0.092782463
Design 1	0.250688289	0.114616871	0.291770574	0.035710075	0.127939394	0.145986949	0.322033898	0.85915493	0.761904762	0.333333333	0	0	0.039647393	0.036000205	0.036010542	1.19868E-05	0.039529861	1.26559E-06	0.006012775	0.4589256	0.349527885	0.115988135	0.677966102	0.230756562	0.769243438	0.114616871	0.103759837	0.114616871	0.173843954	0.322033898	0.123709243	0.429097066	0.012180482	0.002373025	0.003231479	0.080649053	0.117789961	0.150163147	0.054927417	0.020126055	0.00197236	0.171580267	0.015416595	0.049926227	0.243650243	0.178586262	0.005055192	0.153640101	0.060354885	0.055247985	0.071480988	0.19438913	5.33609E-05	2.44241E-05	6.51883E-08	0.003633348	0.133383591	0.103135675	0.000400561	0.227363112	0.109528739	0.093683749	0.133327837	0.693404446	0.091199084	0.00259934	0.000347369	0.126899189	0.197809113	0.423960054	0.00011283	0.024898662	0.000599667	0.000676122	0.058012628	0.019439128	0.215860484	0.111100404
Design 1	0.250688289	0.114616871	0.391521197	0.026437959	0.127939394	0.145986949	0.322033898	0.85915493	0.761904762	0.333333333	0	0	0.030413137	0.026730879	0.026741316	5.03816E-06	0.021924329	8.31581E-07	0.006012775	0.4589256	0.345635717	0.11343681	0.677966102	0.205921366	0.794078634	0.114616871	0.103759837	0.114616871	0.173843954	0.322033898	0.123709243	0.429097066	0.011912985	0.002319522	0.003231479	0.078877692	0.117789961	0.150163147	0.054927417	0.020126055	0.001275093	0.2292652	0.02748096	0.077912228	0.243650243	0.237919938	0.005040986	0.153640101	0.059016622	0.08349011	0.104943719	0.285306218	3.87757E-05	1.83944E-05	4.90949E-08	0.002933356	0.146869195	0.114468095	0.000345913	0.227697537	0.124149368	0.106619548	0.146814308	0.697826707	0.091199084	0.003201689	0.000344538	0.125289566	0.218975595	0.42379251	0.000131929	0.028399683	0.000527442	0.00064873	0.057913469	0.018029767	0.241459546	0.13259685
Design 1	0.250688289	0.114616871	0.49127182	0.020874768	0.127939394	0.145986949	0.322033898	0.85915493	0.761904762	0.333333333	0	0	0.024872661	0.021169361	0.021179858	2.5637E-06	0.0137734	5.8836E-07	0.006012775	0.4589256	0.34327945	0.111906036	0.677966102	0.190477817	0.809522183	0.114616871	0.103759837	0.114616871	0.173843954	0.322033898	0.123709243	0.429097066	0.01175249	0.002287421	0.003231479	0.077814891	0.117789961	0.150163147	0.054927417	0.020126055	0.000856733	0.286950133	0.043054233	0.111569944	0.243650243	0.296935483	0.005026839	0.153640101	0.058213675	0.115056278	0.140606122	0.384197435	2.96944E-05	1.47261E-05	3.93042E-08	0.00247429	0.157423452	0.124289996	0.000308436	0.228031944	0.136878631	0.117770747	0.157369244	0.699880218	0.091199084	0.003764074	0.000342488	0.122429784	0.236161076	0.423625259	0.00014897	0.031418591	0.000475706	0.000627821	0.057814582	0.016984866	0.26295812	0.140783732
Design 1	0.250688289	0.114616871	0.591022444	0.018014052	0.127939394	0.145986949	0.322033898	0.85915493	0.761904762	0.333333333	0	0	0.022023626	0.018309506	0.018320034	1.46995E-06	0.008920437	4.2127E-07	0.006012775	0.4589256	0.342061541	0.111118878	0.677966102	0.182371028	0.817628972	0.114616871	0.103759837	0.114616871	0.173843954	0.322033898	0.123709243	0.429097066	0.011669959	0.002270914	0.003231479	0.077268375	0.117789961	0.150163147	0.054927417	0.020126055	0.000577827	0.344635066	0.064961464	0.153131641	0.243650243	0.340263367	0.004786279	0.153640101	0.057800782	0.154351551	0.183145615	0.489945822	2.27768E-05	1.19414E-05	3.18718E-08	0.002211569	0.170876321	0.134163454	0.000270256	0.233932025	0.15303197	0.131813918	0.170822978	0.701104695	0.091199084	0.003996753	0.000318718	0.117494796	0.244590218	0.420720228	0.000152451	0.032585386	0.000419037	0.000586155	0.056112406	0.015625568	0.274590546	0.151850578
Design 1	0.250688289	0.114616871	0.690773067	0.019255144	0.127939394	0.145986949	0.322033898	0.85915493	0.761904762	0.333333333	0	0	0.02325965	0.019550224	0.019560738	9.13668E-07	0.005032157	2.70147E-07	0.006012775	0.4589256	0.342590445	0.111460378	0.677966102	0.185902111	0.814097889	0.114616871	0.103759837	0.114616871	0.173843954	0.322033898	0.123709243	0.429097066	0.011705764	0.002278075	0.003231479	0.077505475	0.117789961	0.150163147	0.054927417	0.020126055	0.000378608	0.402319999	0.109657297	0.212876582	0.243650243	0.320011766	0.003811544	0.153640101	0.057979912	0.224350577	0.255288027	0.601759568	1.55644E-05	9.00566E-06	2.40362E-08	0.002257883	0.204160768	0.148068544	0.000206816	0.262988697	0.190676665	0.164380225	0.204109567	0.702086761	0.091199084	0.00315624	0.000229569	0.106882705	0.228130093	0.407558345	0.00011488	0.028025531	0.000318241	0.000467144	0.04875864	0.01264165	0.257228604	0.181658831
Design 1	0.250688289	0.114616871	0.790523691	0.016811745	0.127939394	0.145986949	0.322033898	0.85915493	0.761904762	0.333333333	0	0	0.020826228	0.017107561	0.017118101	6.01375E-07	0.003666936	2.11874E-07	0.006012775	0.4589256	0.341548391	0.11078805	0.677966102	0.178929566	0.821070434	0.114616871	0.103759837	0.114616871	0.173843954	0.322033898	0.123709243	0.429097066	0.011635273	0.002263976	0.003231479	0.077038684	0.117789961	0.150163147	0.054927417	0.020126055	0.000229194	0.460004932	0.14458215	0.266609596	0.243650243	0.362474455	0.003773476	0.153640101	0.057627251	0.273336008	0.303716122	0.719042526	1.23605E-05	7.67494E-06	2.04845E-08	0.002038417	0.212529044	0.156069303	0.000190826	0.264333745	0.203276291	0.175295789	0.212478381	0.702431786	0.091199084	0.003435935	0.000226223	0.10433422	0.237331549	0.406990676	0.000121996	0.029534187	0.000294919	0.000454251	0.048454404	0.012079479	0.269386115	0.192845167
Design 1	0.250688289	0.114616871	0.890274314	0.012584278	0.127939394	0.145986949	0.322033898	0.85915493	0.761904762	0.333333333	0	0	0.016616022	0.012881366	0.012891951	4.12705E-07	0.003283216	1.92503E-07	0.006012775	0.4589256	0.339737988	0.109624816	0.677966102	0.16666431	0.83333569	0.114616871	0.103759837	0.114616871	0.173843954	0.322033898	0.123709243	0.429097066	0.011513313	0.002239583	0.003231479	0.076231062	0.117789961	0.150163147	0.054927417	0.020126055	0.000112983	0.517689865	0.158797017	0.312390986	0.243650243	0.470300113	0.004385867	0.153640101	0.057017092	0.292272608	0.322071506	0.841326627	1.13573E-05	7.25293E-06	1.93582E-08	0.001681073	0.200331389	0.158892694	0.000203355	0.244753552	0.193203987	0.166626111	0.200279942	0.702528781	0.091199084	0.00473106	0.000280659	0.106202135	0.266766819	0.415606536	0.000166568	0.036101596	0.000318308	0.000512316	0.053186269	0.013114056	0.305698236	0.180276787
Design 1	0.250688289	0.114616871	0.990024938	0.009748384	0.127939394	0.145986949	0.322033898	0.85915493	0.761904762	0.333333333	0	0	0.013791708	0.010046325	0.010056941	2.92067E-07	0.002931569	1.72593E-07	0.006012775	0.4589256	0.338518145	0.108844488	0.677966102	0.158289796	0.841710204	0.114616871	0.103759837	0.114616871	0.173843954	0.322033898	0.123709243	0.429097066	0.011431498	0.002223219	0.003231479	0.075689288	0.117789961	0.150163147	0.054927417	0.020126055	2.00139E-05	0.575374798	0.174521085	0.364932957	0.243650243	0.587338587	0.00495722	0.153640101	0.056607782	0.312664	0.341634166	0.968232778	1.03871E-05	6.84191E-06	1.82611E-08	0.001421099	0.191249138	0.161793279	0.000213127	0.229697307	0.186012023	0.160437612	0.191197107	0.702617677	0.091199084	0.006189381	0.000334807	0.106469441	0.293662725	0.422796545	0.000216073	0.042701874	0.00033661	0.000563996	0.057326033	0.013975512	0.339729914	0.172658955
Design 1	0.250688289	0.114616871	0.017456359	1	0.127939394	0.145986949	0.016949153	0.85915493	0.761904762	0.333333333	0	0	0.102169222	1	1	0.002076891	0.846581512	6.76476E-06	0.000166637	0.4589256	0.374827029	0.133262239	0.983050847	0.277637762	0.722362238	0.114616871	0.103759837	0.114616871	0.173843954	0.016949153	0.673659193	0.429097066	0.013991604	0.002735272	0.003231479	0.092642297	0.004471341	0.150163147	0.054927417	0.020126055	0.032652077	0.012946701	0.000238952	0.004751065	0.243650243	0.005373081	0.00212818	0.153640101	0.069415782	0.002816023	0.003717955	0.007002119	0.0003833	0.000189236	5.05072E-07	0.002765607	0.083266883	0.176138429	0.000541459	0.350471468	0.066980831	0.071357588	0.083207904	0.958759932	0.091199084	0.000867893	0.0008414	0.026882088	0.050813626	0.376393586	5.502E-05	0.002788394	0.001009749	0.000444263	0.033549934	0.020257495	0.065228726	0.077657001
Design 1	0.250688289	0.114616871	0.042394015	0.499310806	0.127939394	0.145986949	0.016949153	0.85915493	0.761904762	0.333333333	0	0	0.05230474	0.499461451	0.499466818	0.000259583	0.505187295	3.58222E-06	0.000166637	0.4589256	0.354794071	0.119485223	0.983050847	0.155704053	0.844295947	0.114616871	0.103759837	0.114616871	0.173843954	0.016949153	0.673659193	0.429097066	0.012547138	0.002446361	0.003231479	0.083077047	0.004471341	0.150163147	0.054927417	0.020126055	0.015917686	0.027367934	0.000956279	0.009858946	0.243650243	0.012085287	0.002127466	0.153640101	0.062189235	0.007583322	0.011565319	0.017760142	0.000205699	7.21569E-05	1.92588E-07	0.002011676	0.129493013	0.204627917	0.000386046	0.350527457	0.090197794	0.096803574	0.129437008	0.968962606	0.091199084	0.001458113	0.000834674	0.040915898	0.075605195	0.376376709	8.13501E-05	0.004175024	0.000787832	0.000402265	0.033542489	0.016967941	0.093192285	0.112678661
Design 1	0.250688289	0.114616871	0.092269327	0.16551814	0.127939394	0.145986949	0.016949153	0.85915493	0.761904762	0.333333333	0	0	0.019061765	0.165769214	0.16577816	3.24195E-05	0.231301233	3.07881E-06	0.000166637	0.4589256	0.340790826	0.110300548	0.983050847	0.057521557	0.942478443	0.114616871	0.103759837	0.114616871	0.173843954	0.016949153	0.673659193	0.429097066	0.011584161	0.002253753	0.003231479	0.076700216	0.004471341	0.150163147	0.054927417	0.020126055	0.00755049	0.056210401	0.002553251	0.015036577	0.243650243	0.038893755	0.003310242	0.153640101	0.057371539	0.015294034	0.024258999	0.044868661	0.000130534	3.96881E-05	1.05928E-07	0.000965569	0.135805226	0.232367065	0.000379831	0.282393739	0.090950655	0.098203737	0.135749628	0.977203577	0.091199084	0.004735337	0.001524343	0.081755924	0.142753623	0.399681392	0.0002413	0.009595427	0.0008863	0.00053994	0.044630035	0.019170496	0.166740031	0.108366106
Design 1	0.250688289	0.114616871	0.19201995	0.054253918	0.127939394	0.145986949	0.016949153	0.85915493	0.761904762	0.333333333	0	0	0.007980774	0.054538468	0.054548607	4.02404E-06	0.089475497	2.18854E-06	0.000166637	0.4589256	0.335994551	0.10723899	0.983050847	0.021063279	0.978936721	0.114616871	0.103759837	0.114616871	0.173843954	0.016949153	0.673659193	0.429097066	0.011263168	0.00218955	0.003231479	0.074574606	0.004471341	0.150163147	0.054927417	0.020126055	0.003366892	0.113895334	0.00683333	0.027611684	0.243650243	0.118933752	0.005069511	0.153640101	0.05576564	0.030896925	0.048777976	0.113177849	8.10927E-05	2.27462E-05	6.071E-08	0.000402938	0.136530592	0.268966476	0.000374215	0.227027375	0.091867125	0.099504178	0.13647504	0.98149061	0.091199084	0.01528732	0.002779544	0.125001402	0.244245931	0.424128543	0.000712889	0.02063686	0.000975345	0.000715784	0.058112443	0.021555641	0.279749178	0.106033716
Design 1	0.250688289	0.114616871	0.291770574	0.035710075	0.127939394	0.145986949	0.016949153	0.85915493	0.761904762	0.333333333	0	0	0.006133961	0.036000205	0.036010542	1.16947E-06	0.039529861	1.26559E-06	0.000166637	0.4589256	0.335188567	0.106728736	0.983050847	0.01478397	0.98521603	0.114616871	0.103759837	0.114616871	0.173843954	0.016949153	0.673659193	0.429097066	0.01120967	0.00217885	0.003231479	0.074220341	0.004471341	0.150163147	0.054927417	0.020126055	0.00197236	0.171580267	0.015416595	0.049926227	0.243650243	0.178586262	0.005055192	0.153640101	0.055497993	0.055247985	0.084632878	0.19438913	5.33609E-05	1.44324E-05	3.85203E-08	0.000273211	0.157926446	0.307191218	0.000305462	0.227363112	0.109528739	0.118756082	0.15787227	0.983003541	0.091199084	0.020612413	0.002765251	0.126899189	0.282318441	0.423960054	0.000893763	0.024898662	0.000829312	0.000676122	0.058012628	0.019439128	0.325844225	0.120259857
Design 1	0.250688289	0.114616871	0.391521197	0.026437959	0.127939394	0.145986949	0.016949153	0.85915493	0.761904762	0.333333333	0	0	0.005210535	0.026730879	0.026741316	4.74609E-07	0.021924329	8.31581E-07	0.000166637	0.4589256	0.334784845	0.106473603	0.983050847	0.01162172	0.98837828	0.114616871	0.103759837	0.114616871	0.173843954	0.016949153	0.673659193	0.429097066	0.01118292	0.0021735	0.003231479	0.074043205	0.004471341	0.150163147	0.054927417	0.020126055	0.001275093	0.2292652	0.02748096	0.077912228	0.243650243	0.237919938	0.005040986	0.153640101	0.055364166	0.08349011	0.123785721	0.285306218	3.87757E-05	1.02865E-05	2.74547E-08	0.000196143	0.17324011	0.339396388	0.000263502	0.227697537	0.124149368	0.134654594	0.173186919	0.983537238	0.091199084	0.025458425	0.002753058	0.125289566	0.311227219	0.42379251	0.001048304	0.028399683	0.000735043	0.00064873	0.057913469	0.018029767	0.362338442	0.130601635
Design 1	0.250688289	0.114616871	0.49127182	0.020874768	0.127939394	0.145986949	0.016949153	0.85915493	0.761904762	0.333333333	0	0	0.004656488	0.021169361	0.021179858	2.27163E-07	0.0137734	5.8836E-07	0.000166637	0.4589256	0.334542384	0.106320526	0.983050847	0.009717124	0.990282876	0.114616871	0.103759837	0.114616871	0.173843954	0.016949153	0.673659193	0.429097066	0.011166871	0.00217029	0.003231479	0.073936925	0.004471341	0.150163147	0.054927417	0.020126055	0.000856733	0.286950133	0.043054233	0.111569944	0.243650243	0.296935483	0.005026839	0.153640101	0.055283872	0.115056278	0.165446464	0.384197435	2.96944E-05	7.73844E-06	2.0654E-08	0.000144547	0.185236315	0.367634322	0.000234309	0.228031944	0.136878631	0.148482937	0.185183896	0.983784397	0.091199084	0.029962914	0.002741507	0.122429784	0.334698822	0.423625259	0.001185267	0.031418591	0.000667012	0.000627821	0.057814582	0.016984866	0.392986973	0.132738218
Design 1	0.250688289	0.114616871	0.591022444	0.018014052	0.127939394	0.145986949	0.016949153	0.85915493	0.761904762	0.333333333	0	0	0.004371584	0.018309506	0.018320034	1.17788E-07	0.008920437	4.2127E-07	0.000166637	0.4589256	0.334417637	0.10624181	0.983050847	0.008735606	0.991264394	0.114616871	0.103759837	0.114616871	0.173843954	0.016949153	0.673659193	0.429097066	0.011158618	0.002168639	0.003231479	0.073882273	0.004471341	0.150163147	0.054927417	0.020126055	0.000577827	0.344635066	0.064961464	0.153131641	0.243650243	0.340263367	0.004786279	0.153640101	0.055242583	0.154351551	0.215088824	0.489945822	2.27768E-05	5.78919E-06	1.54514E-08	0.000114893	0.200681068	0.39620221	0.000204283	0.233932025	0.15303197	0.166018025	0.200629643	0.983931573	0.091199084	0.031840942	0.002555558	0.117494796	0.346211183	0.420720228	0.001214114	0.032585386	0.000591631	0.000586155	0.056112406	0.015625568	0.409570247	0.141624966
Design 1	0.250688289	0.114616871	0.690773067	0.019255144	0.127939394	0.145986949	0.016949153	0.85915493	0.761904762	0.333333333	0	0	0.004495187	0.019550224	0.019560738	6.21601E-08	0.005032157	2.70147E-07	0.000166637	0.4589256	0.334471763	0.10627596	0.983050847	0.009161606	0.990838394	0.114616871	0.103759837	0.114616871	0.173843954	0.016949153	0.673659193	0.429097066	0.011162198	0.002169355	0.003231479	0.073905983	0.004471341	0.150163147	0.054927417	0.020126055	0.000378608	0.402319999	0.109657297	0.212876582	0.243650243	0.320011766	0.003811544	0.153640101	0.055260495	0.224350577	0.299199391	0.601759568	1.55644E-05	3.71862E-06	9.92505E-09	0.000120832	0.239279354	0.436624097	0.000154076	0.262988697	0.190676665	0.206863493	0.239230412	0.984049505	0.091199084	0.02518755	0.001849202	0.106882705	0.323730258	0.407558345	0.000916541	0.028025531	0.000456257	0.000467144	0.04875864	0.01264165	0.38481893	0.164214052
Design 1	0.250688289	0.114616871	0.790523691	0.016811745	0.127939394	0.145986949	0.016949153	0.85915493	0.761904762	0.333333333	0	0	0.004251844	0.017107561	0.017118101	3.09307E-08	0.003666936	2.11874E-07	0.000166637	0.4589256	0.334365194	0.106208728	0.983050847	0.008322659	0.991677341	0.114616871	0.103759837	0.114616871	0.173843954	0.016949153	0.673659193	0.429097066	0.011155149	0.002167945	0.003231479	0.073859304	0.004471341	0.150163147	0.054927417	0.020126055	0.000229194	0.460004932	0.14458215	0.266609596	0.243650243	0.362474455	0.003773476	0.153640101	0.055225229	0.273336008	0.355626335	0.719042526	1.23605E-05	2.7744E-06	7.4049E-09	9.55684E-05	0.248855328	0.459947166	0.000141424	0.264333745	0.203276291	0.220536291	0.248807002	0.984090914	0.091199084	0.027418058	0.001823138	0.10433422	0.336297431	0.406990676	0.000973363	0.029534187	0.000425351	0.000454251	0.048454404	0.012079479	0.402150771	0.169183756
Design 1	0.250688289	0.114616871	0.890274314	0.012584278	0.127939394	0.145986949	0.016949153	0.85915493	0.761904762	0.333333333	0	0	0.003830824	0.012881366	0.012891951	1.20637E-08	0.003283216	1.92503E-07	0.000166637	0.4589256	0.334180735	0.106092404	0.983050847	0.00686864	0.99313136	0.114616871	0.103759837	0.114616871	0.173843954	0.016949153	0.673659193	0.429097066	0.011142953	0.002165506	0.003231479	0.073778542	0.004471341	0.150163147	0.054927417	0.020126055	0.000112983	0.517689865	0.158797017	0.312390986	0.243650243	0.470300113	0.004385867	0.153640101	0.055164214	0.292272608	0.377008095	0.841326627	1.13573E-05	2.47418E-06	6.60363E-09	5.41401E-05	0.234503935	0.468185875	0.000151399	0.244753552	0.193203987	0.209612844	0.234454686	0.984102554	0.091199084	0.037716072	0.002256033	0.106202135	0.376499562	0.415606536	0.001327774	0.036101596	0.000457397	0.000512316	0.053186269	0.013114056	0.453917606	0.160361431
Design 1	0.250688289	0.114616871	0.990024938	0.009748384	0.127939394	0.145986949	0.016949153	0.85915493	0.761904762	0.333333333	0	0	0.003548392	0.010046325	0.010056941	0	0.002931569	1.72593E-07	0.000166637	0.4589256	0.334056938	0.106014371	0.983050847	0.005891462	0.994108538	0.114616871	0.103759837	0.114616871	0.173843954	0.016949153	0.673659193	0.429097066	0.011134772	0.00216387	0.003231479	0.073724365	0.004471341	0.150163147	0.054927417	0.020126055	2.00139E-05	0.575374798	0.174521085	0.364932957	0.243650243	0.587338587	0.00495722	0.153640101	0.055123283	0.312664	0.399793431	0.968232778	1.03871E-05	2.18142E-06	5.82223E-09	2.39965E-05	0.223808588	0.476653623	0.000159183	0.229697307	0.186012023	0.201813368	0.223758651	0.98411322	0.091199084	0.049312863	0.002686683	0.106469441	0.413233478	0.422796545	0.001721451	0.042701874	0.000482454	0.000563996	0.057326033	0.013975512	0.502433425	0.15480685
Design 1	0.11542913	0.275595621	0.017456359	1	0.127939394	0.145986949	0.016949153	0.85915493	0.761904762	0.333333333	0	0	0.102169222	1	1	0.002076891	0.846581512	6.76476E-06	0.000166637	0.411407019	0.264169499	0.133262239	0.983050847	0.277637762	0.722362238	0.275595621	0.249489945	0.275595621	0.173843954	0.016949153	0.673659193	0.429097066	0.055966982	0.022325017	0.026405405	0.046315494	0.004471341	0.150163147	0.129684863	0.03341489	0.038984608	0.005736084	0.000238952	0.002374361	0.121387093	0.002014957	0.00212818	0.308864004	0.13941559	0.002816023	0.003717955	0.005541852	0.0003833	0.000189236	5.05072E-07	0.002765607	0.083266883	0.176138429	0.000541459	0.350471468	0.066980831	0.071357588	0.083207904	0.958759932	0.045592766	0.000426339	0.0008414	0.014807205	0.042514459	0.309524642	2.72498E-05	0.001772181	0.001009749	0.000411202	0.033549934	0.019156114	0.043012696	0.156813206
Design 1	0.11542913	0.275595621	0.042394015	0.499310806	0.127939394	0.145986949	0.016949153	0.85915493	0.761904762	0.333333333	0	0	0.05230474	0.499461451	0.499466818	0.000259583	0.505187295	3.58222E-06	0.000166637	0.411407019	0.250004058	0.119485223	0.983050847	0.155704053	0.844295947	0.275595621	0.249489945	0.275595621	0.173843954	0.016949153	0.673659193	0.429097066	0.050189117	0.020013726	0.026405405	0.041532868	0.004471341	0.150163147	0.129684863	0.03341489	0.019083951	0.012946701	0.000956279	0.004928301	0.121387093	0.005371061	0.002127466	0.308864004	0.124962496	0.007583322	0.011565319	0.014080501	0.000205699	7.21569E-05	1.92588E-07	0.002011676	0.129493013	0.204627917	0.000386046	0.350527457	0.090197794	0.096803574	0.129437008	0.968962606	0.045592766	0.000721449	0.000834674	0.025442845	0.064857872	0.30951045	4.04148E-05	0.002787253	0.000787832	0.000371881	0.033542489	0.0160093	0.065212516	0.174996981
Design 1	0.11542913	0.275595621	0.092269327	0.16551814	0.127939394	0.145986949	0.016949153	0.85915493	0.761904762	0.333333333	0	0	0.019061765	0.165769214	0.16577816	3.24195E-05	0.231301233	3.07881E-06	0.000166637	0.411407019	0.240102269	0.110300548	0.983050847	0.057521557	0.942478443	0.275595621	0.249489945	0.275595621	0.173843954	0.016949153	0.673659193	0.429097066	0.046337209	0.018472865	0.026405405	0.038344453	0.004471341	0.150163147	0.129684863	0.03341489	0.009133623	0.027367934	0.002553251	0.007517117	0.121387093	0.018775295	0.003310242	0.308864004	0.115327103	0.015294034	0.024258999	0.035596547	0.000130534	3.96881E-05	1.05928E-07	0.000965569	0.135805226	0.232367065	0.000379831	0.282393739	0.090950655	0.098203737	0.135749628	0.977203577	0.045592766	0.002360061	0.001524343	0.056393797	0.125375424	0.329107274	0.00012039	0.006755221	0.0008863	0.000500782	0.044630035	0.018116282	0.12360089	0.10618099
Design 1	0.11542913	0.275595621	0.19201995	0.054253918	0.127939394	0.145986949	0.016949153	0.85915493	0.761904762	0.333333333	0	0	0.007980774	0.054538468	0.054548607	4.02404E-06	0.089475497	2.18854E-06	0.000166637	0.411407019	0.236710791	0.10723899	0.983050847	0.021063279	0.978936721	0.275595621	0.249489945	0.275595621	0.173843954	0.016949153	0.673659193	0.429097066	0.04505324	0.017959245	0.026405405	0.037281648	0.004471341	0.150163147	0.129684863	0.03341489	0.004158459	0.056210401	0.00683333	0.01380467	0.121387093	0.058795293	0.005069511	0.308864004	0.112115305	0.030896925	0.048777976	0.089813586	8.10927E-05	2.27462E-05	6.071E-08	0.000402938	0.136530592	0.268966476	0.000374215	0.227027375	0.091867125	0.099504178	0.13647504	0.98149061	0.045592766	0.007636052	0.002779544	0.089167741	0.216845413	0.349664795	0.000356184	0.014838023	0.000975345	0.00066542	0.058112443	0.020397931	0.213317036	0.101516261
Design 1	0.11542913	0.275595621	0.291770574	0.035710075	0.127939394	0.145986949	0.016949153	0.85915493	0.761904762	0.333333333	0	0	0.006133961	0.036000205	0.036010542	1.16947E-06	0.039529861	1.26559E-06	0.000166637	0.411407019	0.236140874	0.106728736	0.983050847	0.01478397	0.98521603	0.275595621	0.249489945	0.275595621	0.173843954	0.016949153	0.673659193	0.429097066	0.044839247	0.017873643	0.026405405	0.037104515	0.004471341	0.150163147	0.129684863	0.03341489	0.002500071	0.085052867	0.015416595	0.024961942	0.121387093	0.088621548	0.005055192	0.308864004	0.111580011	0.055247985	0.084632878	0.154271022	5.33609E-05	1.44324E-05	3.85203E-08	0.000273211	0.157926446	0.307191218	0.000305462	0.227363112	0.109528739	0.118756082	0.15787227	0.983003541	0.045592766	0.010298599	0.002765251	0.090605994	0.25115828	0.349523114	0.000446622	0.017957844	0.000829312	0.000628286	0.058012628	0.018373258	0.249911153	0.116564408
Design 1	0.11542913	0.275595621	0.391521197	0.026437959	0.127939394	0.145986949	0.016949153	0.85915493	0.761904762	0.333333333	0	0	0.005210535	0.026730879	0.026741316	4.74609E-07	0.021924329	8.31581E-07	0.000166637	0.411407019	0.235855399	0.106473603	0.983050847	0.01162172	0.98837828	0.275595621	0.249489945	0.275595621	0.173843954	0.016949153	0.673659193	0.429097066	0.044732249	0.01783084	0.026405405	0.037015947	0.004471341	0.150163147	0.129684863	0.03341489	0.001670876	0.113895334	0.02748096	0.038954942	0.121387093	0.118288386	0.005040986	0.308864004	0.111312359	0.08349011	0.123785721	0.226431962	3.87757E-05	1.02865E-05	2.74547E-08	0.000196143	0.17324011	0.339396388	0.000263502	0.227697537	0.124149368	0.134654594	0.173186919	0.983537238	0.045592766	0.012721605	0.002753058	0.089386128	0.27721233	0.349382227	0.000523892	0.020520742	0.000735043	0.000602639	0.057913469	0.017025052	0.278883326	0.127819626
Design 1	0.11542913	0.275595621	0.49127182	0.020874768	0.127939394	0.145986949	0.016949153	0.85915493	0.761904762	0.333333333	0	0	0.004656488	0.021169361	0.021179858	2.27163E-07	0.0137734	5.8836E-07	0.000166637	0.411407019	0.235683953	0.106320526	0.983050847	0.009717124	0.990282876	0.275595621	0.249489945	0.275595621	0.173843954	0.016949153	0.673659193	0.429097066	0.04466805	0.01780516	0.026405405	0.036962807	0.004471341	0.150163147	0.129684863	0.03341489	0.00117336	0.1427378	0.043054233	0.0557838	0.121387093	0.147796158	0.005026839	0.308864004	0.111151769	0.115056278	0.165446464	0.304921973	2.96944E-05	7.73844E-06	2.0654E-08	0.000144547	0.185236315	0.367634322	0.000234309	0.228031944	0.136878631	0.148482937	0.185183896	0.983784397	0.045592766	0.014973849	0.002741507	0.087218818	0.298366122	0.349241586	0.000592373	0.022730712	0.000667012	0.000583063	0.057814582	0.016025491	0.303214702	0.136797244
Design 1	0.11542913	0.275595621	0.591022444	0.018014052	0.127939394	0.145986949	0.016949153	0.85915493	0.761904762	0.333333333	0	0	0.004371584	0.018309506	0.018320034	1.17788E-07	0.008920437	4.2127E-07	0.000166637	0.411407019	0.235595744	0.10624181	0.983050847	0.008735606	0.991264394	0.275595621	0.249489945	0.275595621	0.173843954	0.016949153	0.673659193	0.429097066	0.044635038	0.017791954	0.026405405	0.036935482	0.004471341	0.150163147	0.129684863	0.03341489	0.000841682	0.171580267	0.064961464	0.076564649	0.121387093	0.169460101	0.004786279	0.308864004	0.111069191	0.154351551	0.215088824	0.388854524	2.27768E-05	5.78919E-06	1.54514E-08	0.000114893	0.200681068	0.39620221	0.000204283	0.233932025	0.15303197	0.166018025	0.200629643	0.983931573	0.045592766	0.015912863	0.002555558	0.083478797	0.308741643	0.346798756	0.000606797	0.023584856	0.000591631	0.000544052	0.056112406	0.014725175	0.316379897	0.155109457
Design 1	0.11542913	0.275595621	0.690773067	0.019255144	0.127939394	0.145986949	0.016949153	0.85915493	0.761904762	0.333333333	0	0	0.004495187	0.019550224	0.019560738	6.21601E-08	0.005032157	2.70147E-07	0.000166637	0.411407019	0.235634017	0.10627596	0.983050847	0.009161606	0.990838394	0.275595621	0.249489945	0.275595621	0.173843954	0.016949153	0.673659193	0.429097066	0.04464936	0.017797683	0.026405405	0.036947337	0.004471341	0.150163147	0.129684863	0.03341489	0.00060477	0.200422733	0.109657297	0.106437119	0.121387093	0.1593343	0.003811544	0.308864004	0.111105017	0.224350577	0.299199391	0.477601152	1.55644E-05	3.71862E-06	9.92505E-09	0.000120832	0.239279354	0.436624097	0.000154076	0.262988697	0.190676665	0.206863493	0.239230412	0.984049505	0.045592766	0.012586167	0.001849202	0.075436336	0.2884807	0.335730975	0.000458011	0.020246847	0.000456257	0.000432625	0.04875864	0.011870735	0.296730224	0.185237665
Design 1	0.11542913	0.275595621	0.790523691	0.016811745	0.127939394	0.145986949	0.016949153	0.85915493	0.761904762	0.333333333	0	0	0.004251844	0.017107561	0.017118101	3.09307E-08	0.003666936	2.11874E-07	0.000166637	0.411407019	0.235558661	0.106208728	0.983050847	0.008322659	0.991677341	0.275595621	0.249489945	0.275595621	0.173843954	0.016949153	0.673659193	0.429097066	0.044621164	0.017786404	0.026405405	0.036923997	0.004471341	0.150163147	0.129684863	0.03341489	0.000427085	0.2292652	0.14458215	0.133303626	0.121387093	0.180565645	0.003773476	0.308864004	0.111034485	0.273336008	0.355626335	0.570688698	1.23605E-05	2.7744E-06	7.4049E-09	9.55684E-05	0.248855328	0.459947166	0.000141424	0.264333745	0.203276291	0.220536291	0.248807002	0.984090914	0.045592766	0.013701421	0.001823138	0.073504945	0.29980687	0.335253624	0.000486421	0.021351248	0.000425351	0.000420554	0.048454404	0.011332957	0.310489694	0.189986898
Design 1	0.11542913	0.275595621	0.890274314	0.012584278	0.127939394	0.145986949	0.016949153	0.85915493	0.761904762	0.333333333	0	0	0.003830824	0.012881366	0.012891951	1.20637E-08	0.003283216	1.92503E-07	0.000166637	0.411407019	0.235428229	0.106092404	0.983050847	0.00686864	0.99313136	0.275595621	0.249489945	0.275595621	0.173843954	0.016949153	0.673659193	0.429097066	0.044572379	0.017766889	0.026405405	0.036883616	0.004471341	0.150163147	0.129684863	0.03341489	0.000288886	0.258107666	0.158797017	0.156194321	0.121387093	0.234478474	0.004385867	0.308864004	0.110912453	0.292272608	0.377008095	0.667745653	1.13573E-05	2.47418E-06	6.60363E-09	5.41401E-05	0.234503935	0.468185875	0.000151399	0.244753552	0.193203987	0.209612844	0.234454686	0.984102554	0.045592766	0.018850428	0.002256033	0.07492056	0.336039059	0.34249867	0.000663627	0.026158873	0.000457397	0.000474918	0.053186269	0.012322642	0.351586552	0.171523565
Design 1	0.11542913	0.275595621	0.990024938	0.009748384	0.127939394	0.145986949	0.016949153	0.85915493	0.761904762	0.333333333	0	0	0.003548392	0.010046325	0.010056941	0	0.002931569	1.72593E-07	0.000166637	0.411407019	0.235340691	0.106014371	0.983050847	0.005891462	0.994108538	0.275595621	0.249489945	0.275595621	0.173843954	0.016949153	0.673659193	0.429097066	0.044539654	0.017753798	0.026405405	0.036856527	0.004471341	0.150163147	0.129684863	0.03341489	0.000178327	0.286950133	0.174521085	0.182465307	0.121387093	0.29299771	0.00495722	0.308864004	0.110830591	0.312664	0.399793431	0.768471132	1.03871E-05	2.18142E-06	5.82223E-09	2.39965E-05	0.223808588	0.476653623	0.000159183	0.229697307	0.186012023	0.201813368	0.223758651	0.98411322	0.045592766	0.024648824	0.002686683	0.075123141	0.369145518	0.348544723	0.000860465	0.030990559	0.000482454	0.000523305	0.057326033	0.013146718	0.390102481	0.158813911
Design 1	0.070342744	0.436574372	0.017456359	1	0.127939394	0.145986949	0.016949153	0.85915493	0.761904762	0.333333333	0	0	0.102169222	1	1	0.002076891	0.846581512	6.76476E-06	0.000166637	0.385816521	0.215146394	0.133262239	0.983050847	0.277637762	0.722362238	0.436574372	0.395220052	0.436574372	0.173843954	0.016949153	0.673659193	0.429097066	0.125925945	0.075497183	0.089306064	0.030873226	0.004471341	0.150163147	0.204442308	0.042325302	0.043230689	0.003332545	0.000238952	0.001582126	0.08063271	0.000895583	0.00212818	0.464087906	0.209415398	0.002816023	0.003717955	0.004831613	0.0003833	0.000189236	5.05072E-07	0.002765607	0.083266883	0.176138429	0.000541459	0.350471468	0.066980831	0.071357588	0.083207904	0.958759932	0.030390661	0.000279154	0.0008414	0.009149082	0.038045053	0.275455985	1.79931E-05	0.001309157	0.001009749	0.000392848	0.033549934	0.018534137	0.032205327	0.238312031
Design 1	0.070342744	0.436574372	0.042394015	0.499310806	0.127939394	0.145986949	0.016949153	0.85915493	0.761904762	0.333333333	0	0	0.05230474	0.499461451	0.499466818	0.000259583	0.505187295	3.58222E-06	0.000166637	0.385816521	0.20358036	0.119485223	0.983050847	0.155704053	0.844295947	0.436574372	0.395220052	0.436574372	0.173843954	0.016949153	0.673659193	0.429097066	0.11292575	0.067696574	0.089306064	0.027684809	0.004471341	0.150163147	0.204442308	0.042325302	0.021206992	0.008139623	0.000956279	0.003284753	0.08063271	0.003132985	0.002127466	0.464087906	0.187735756	0.007583322	0.011565319	0.012290809	0.000205699	7.21569E-05	1.92588E-07	0.002011676	0.129493013	0.204627917	0.000386046	0.350527457	0.090197794	0.096803574	0.129437008	0.968962606	0.030390661	0.000475894	0.000834674	0.018192385	0.059070044	0.275443161	2.67698E-05	0.002154934	0.000787832	0.000355013	0.033542489	0.015467931	0.051601278	0.28393362
Design 1	0.070342744	0.436574372	0.092269327	0.16551814	0.127939394	0.145986949	0.016949153	0.85915493	0.761904762	0.333333333	0	0	0.019061765	0.165769214	0.16577816	3.24195E-05	0.231301233	3.07881E-06	0.000166637	0.385816521	0.195495583	0.110300548	0.983050847	0.057521557	0.942478443	0.436574372	0.395220052	0.436574372	0.173843954	0.016949153	0.673659193	0.429097066	0.104258957	0.06249617	0.089306064	0.025559199	0.004471341	0.150163147	0.204442308	0.042325302	0.010195143	0.017753779	0.002553251	0.00501063	0.08063271	0.012069141	0.003310242	0.464087906	0.173282667	0.015294034	0.024258999	0.031086807	0.000130534	3.96881E-05	1.05928E-07	0.000965569	0.135805226	0.232367065	0.000379831	0.282393739	0.090950655	0.098203737	0.135749628	0.977203577	0.030390661	0.001568302	0.001524343	0.044509454	0.116016626	0.293150891	8.00863E-05	0.005461118	0.0008863	0.000479044	0.044630035	0.017520942	0.102615115	0.111353305
Design 1	0.070342744	0.436574372	0.19201995	0.054253918	0.127939394	0.145986949	0.016949153	0.85915493	0.761904762	0.333333333	0	0	0.007980774	0.054538468	0.054548607	4.02404E-06	0.089475497	2.18854E-06	0.000166637	0.385816521	0.192726452	0.10723899	0.983050847	0.021063279	0.978936721	0.436574372	0.395220052	0.436574372	0.173843954	0.016949153	0.673659193	0.429097066	0.101370026	0.060762702	0.089306064	0.024850662	0.004471341	0.150163147	0.204442308	0.042325302	0.004689219	0.03698209	0.00683333	0.009202332	0.08063271	0.03874914	0.005069511	0.464087906	0.168464971	0.030896925	0.048777976	0.078449753	8.10927E-05	2.27462E-05	6.071E-08	0.000402938	0.136530592	0.268966476	0.000374215	0.227027375	0.091867125	0.099504178	0.13647504	0.98149061	0.030390661	0.00508563	0.002779544	0.072376581	0.202089229	0.311726708	0.000237283	0.012195859	0.000975345	0.000637461	0.058112443	0.019744143	0.18099998	0.101746894
Design 1	0.070342744	0.436574372	0.291770574	0.035710075	0.127939394	0.145986949	0.016949153	0.85915493	0.761904762	0.333333333	0	0	0.006133961	0.036000205	0.036010542	1.16947E-06	0.039529861	1.26559E-06	0.000166637	0.385816521	0.192261117	0.106728736	0.983050847	0.01478397	0.98521603	0.436574372	0.395220052	0.436574372	0.173843954	0.016949153	0.673659193	0.429097066	0.100888542	0.060473794	0.089306064	0.024732574	0.004471341	0.150163147	0.204442308	0.042325302	0.002853911	0.056210401	0.015416595	0.016640513	0.08063271	0.05863331	0.005055192	0.464087906	0.16766203	0.055247985	0.084632878	0.13475851	5.33609E-05	1.44324E-05	3.85203E-08	0.000273211	0.157926446	0.307191218	0.000305462	0.227363112	0.109528739	0.118756082	0.15787227	0.983003541	0.030390661	0.006860661	0.002765251	0.073599503	0.234377391	0.311598684	0.000297574	0.014795352	0.000829312	0.000601729	0.058012628	0.017771334	0.212972208	0.116832243
Design 1	0.070342744	0.436574372	0.391521197	0.026437959	0.127939394	0.145986949	0.016949153	0.85915493	0.761904762	0.333333333	0	0	0.005210535	0.026730879	0.026741316	4.74609E-07	0.021924329	8.31581E-07	0.000166637	0.385816521	0.192028028	0.106473603	0.983050847	0.01162172	0.98837828	0.436574372	0.395220052	0.436574372	0.173843954	0.016949153	0.673659193	0.429097066	0.100647795	0.060329336	0.089306064	0.024673528	0.004471341	0.150163147	0.204442308	0.042325302	0.001936256	0.075438712	0.02748096	0.02596918	0.08063271	0.078411202	0.005040986	0.464087906	0.167260551	0.08349011	0.123785721	0.197796897	3.87757E-05	1.02865E-05	2.74547E-08	0.000196143	0.17324011	0.339396388	0.000263502	0.227697537	0.124149368	0.134654594	0.173186919	0.983537238	0.030390661	0.008475998	0.002753058	0.072562272	0.258894065	0.311471378	0.000349088	0.016930806	0.000735043	0.000577052	0.057913469	0.016457664	0.238285152	0.128185919
Design 1	0.070342744	0.436574372	0.49127182	0.020874768	0.127939394	0.145986949	0.016949153	0.85915493	0.761904762	0.333333333	0	0	0.004656488	0.021169361	0.021179858	2.27163E-07	0.0137734	5.8836E-07	0.000166637	0.385816521	0.191888043	0.106320526	0.983050847	0.009717124	0.990282876	0.436574372	0.395220052	0.436574372	0.173843954	0.016949153	0.673659193	0.429097066	0.100503349	0.060242663	0.089306064	0.024638101	0.004471341	0.150163147	0.204442308	0.042325302	0.001385664	0.094667023	0.043054233	0.037188419	0.08063271	0.09808305	0.005026839	0.464087906	0.167019667	0.115056278	0.165446464	0.266364238	2.96944E-05	7.73844E-06	2.0654E-08	0.000144547	0.185236315	0.367634322	0.000234309	0.228031944	0.136878631	0.148482937	0.185183896	0.983784397	0.030390661	0.009977494	0.002741507	0.070719445	0.278799632	0.311344295	0.000394742	0.018772194	0.000667012	0.000558215	0.057814582	0.015483708	0.25954344	0.154301187
Design 1	0.070342744	0.436574372	0.591022444	0.018014052	0.127939394	0.145986949	0.016949153	0.85915493	0.761904762	0.333333333	0	0	0.004371584	0.018309506	0.018320034	1.17788E-07	0.008920437	4.2127E-07	0.000166637	0.385816521	0.19181602	0.10624181	0.983050847	0.008735606	0.991264394	0.436574372	0.395220052	0.436574372	0.173843954	0.016949153	0.673659193	0.429097066	0.100429072	0.060198094	0.089306064	0.024619884	0.004471341	0.150163147	0.204442308	0.042325302	0.001018602	0.113895334	0.064961464	0.051042318	0.08063271	0.112525678	0.004786279	0.464087906	0.166895799	0.154351551	0.215088824	0.339686074	2.27768E-05	5.78919E-06	1.54514E-08	0.000114893	0.200681068	0.39620221	0.000204283	0.233932025	0.15303197	0.166018025	0.200629643	0.983931573	0.030390661	0.010603504	0.002555558	0.067539369	0.288562923	0.309136949	0.000404358	0.019483882	0.000591631	0.000520678	0.056112406	0.0142167	0.271045852	0.168611811
Design 1	0.070342744	0.436574372	0.690773067	0.019255144	0.127939394	0.145986949	0.016949153	0.85915493	0.761904762	0.333333333	0	0	0.004495187	0.019550224	0.019560738	6.21601E-08	0.005032157	2.70147E-07	0.000166637	0.385816521	0.19184727	0.10627596	0.983050847	0.009161606	0.990838394	0.436574372	0.395220052	0.436574372	0.173843954	0.016949153	0.673659193	0.429097066	0.100461296	0.06021743	0.089306064	0.024627788	0.004471341	0.150163147	0.204442308	0.042325302	0.000756416	0.133123645	0.109657297	0.070957298	0.08063271	0.105775145	0.003811544	0.464087906	0.166949538	0.224350577	0.299199391	0.417213395	1.55644E-05	3.71862E-06	9.92505E-09	0.000120832	0.239279354	0.436624097	0.000154076	0.262988697	0.190676665	0.206863493	0.239230412	0.984049505	0.030390661	0.008385706	0.001849202	0.060701001	0.26949752	0.29913608	0.000305167	0.016702591	0.000456257	0.000413462	0.04875864	0.01143538	0.253877961	0.211480555
Design 1	0.070342744	0.436574372	0.790523691	0.016811745	0.127939394	0.145986949	0.016949153	0.85915493	0.761904762	0.333333333	0	0	0.004251844	0.017107561	0.017118101	3.09307E-08	0.003666936	2.11874E-07	0.000166637	0.385816521	0.191785743	0.106208728	0.983050847	0.008322659	0.991677341	0.436574372	0.395220052	0.436574372	0.173843954	0.016949153	0.673659193	0.429097066	0.100397854	0.060179362	0.089306064	0.024612228	0.004471341	0.150163147	0.204442308	0.042325302	0.000559775	0.152351956	0.14458215	0.088868303	0.08063271	0.119929374	0.003773476	0.464087906	0.16684374	0.273336008	0.355626335	0.498532857	1.23605E-05	2.7744E-06	7.4049E-09	9.55684E-05	0.248855328	0.459947166	0.000141424	0.264333745	0.203276291	0.220536291	0.248807002	0.984090914	0.030390661	0.009129209	0.001823138	0.059058772	0.280155365	0.298704745	0.000324107	0.017622799	0.000425351	0.000401847	0.048454404	0.010911378	0.26589959	0.215362675
Design 1	0.070342744	0.436574372	0.890274314	0.012584278	0.127939394	0.145986949	0.016949153	0.85915493	0.761904762	0.333333333	0	0	0.003830824	0.012881366	0.012891951	1.20637E-08	0.003283216	1.92503E-07	0.000166637	0.385816521	0.191679245	0.106092404	0.983050847	0.00686864	0.99313136	0.436574372	0.395220052	0.436574372	0.173843954	0.016949153	0.673659193	0.429097066	0.10028809	0.0601135	0.089306064	0.024585307	0.004471341	0.150163147	0.204442308	0.042325302	0.000406833	0.171580267	0.158797017	0.104128766	0.08063271	0.155871261	0.004385867	0.464087906	0.166660692	0.292272608	0.377008095	0.583319917	1.13573E-05	2.47418E-06	6.60363E-09	5.41401E-05	0.234503935	0.468185875	0.000151399	0.244753552	0.193203987	0.209612844	0.234454686	0.984102554	0.030390661	0.01256188	0.002256033	0.060262445	0.314249595	0.305251383	0.000442245	0.021628601	0.000457397	0.000454157	0.053186269	0.011875711	0.301805855	0.190807914
Design 1	0.070342744	0.436574372	0.990024938	0.009748384	0.127939394	0.145986949	0.016949153	0.85915493	0.761904762	0.333333333	0	0	0.003548392	0.010046325	0.010056941	0	0.002931569	1.72593E-07	0.000166637	0.385816521	0.19160777	0.106014371	0.983050847	0.005891462	0.994108538	0.436574372	0.395220052	0.436574372	0.173843954	0.016949153	0.673659193	0.429097066	0.100214457	0.060069317	0.089306064	0.024567248	0.004471341	0.150163147	0.204442308	0.042325302	0.000284479	0.190808578	0.174521085	0.121642757	0.08063271	0.194884085	0.00495722	0.464087906	0.166537899	0.312664	0.399793431	0.671311728	1.03871E-05	2.18142E-06	5.82223E-09	2.39965E-05	0.223808588	0.476653623	0.000159183	0.229697307	0.186012023	0.201813368	0.223758651	0.98411322	0.030390661	0.016427477	0.002686683	0.060434696	0.345402536	0.310714609	0.00057347	0.025654452	0.000482454	0.000500715	0.057326033	0.012678677	0.335457166	0.173597942
Design 1	0.047799551	0.597553123	0.017456359	1	0.127939394	0.145986949	0.016949153	0.85915493	0.761904762	0.333333333	0	0	0.102169222	1	1	0.002076891	0.846581512	6.76476E-06	0.000166637	0.368580875	0.185922809	0.133262239	0.983050847	0.277637762	0.722362238	0.597553123	0.54095016	0.597553123	0.173843954	0.016949153	0.673659193	0.429097066	0.223868494	0.17904298	0.211796819	0.023152092	0.004471341	0.150163147	0.279199754	0.049218067	0.0465153	0.002130776	0.000238952	0.001186009	0.060255519	0.000335896	0.00212818	0.619311809	0.279415206	0.002816023	0.003717955	0.004382838	0.0003833	0.000189236	5.05072E-07	0.002765607	0.083266883	0.176138429	0.000541459	0.350471468	0.066980831	0.071357588	0.083207904	0.958759932	0.022789608	0.000205562	0.0008414	0.005656156	0.03503483	0.253294786	1.33647E-05	0.00102827	0.001009749	0.000380248	0.033549934	0.018102524	0.025375747	0.282166129
Design 1	0.047799551	0.597553123	0.042394015	0.499310806	0.127939394	0.145986949	0.016949153	0.85915493	0.761904762	0.333333333	0	0	0.05230474	0.499461451	0.499466818	0.000259583	0.505187295	3.58222E-06	0.000166637	0.368580875	0.17590633	0.119485223	0.983050847	0.155704053	0.844295947	0.597553123	0.54095016	0.597553123	0.173843954	0.016949153	0.673659193	0.429097066	0.200757036	0.160552647	0.211796819	0.020760779	0.004471341	0.150163147	0.279199754	0.049218067	0.022849297	0.005736084	0.000956279	0.002462979	0.060255519	0.002013947	0.002127466	0.619311809	0.250509017	0.007583322	0.011565319	0.011159968	0.000205699	7.21569E-05	1.92588E-07	0.002011676	0.129493013	0.204627917	0.000386046	0.350527457	0.090197794	0.096803574	0.129437008	0.968962606	0.022789608	0.000353117	0.000834674	0.013716463	0.055171842	0.253282852	1.99472E-05	0.001771346	0.000787832	0.000343433	0.033542489	0.015092256	0.042999828	0.352474808
Design 1	0.047799551	0.597553123	0.092269327	0.16551814	0.127939394	0.145986949	0.016949153	0.85915493	0.761904762	0.333333333	0	0	0.019061765	0.165769214	0.16577816	3.24195E-05	0.231301233	3.07881E-06	0.000166637	0.368580875	0.168904708	0.110300548	0.983050847	0.057521557	0.942478443	0.597553123	0.54095016	0.597553123	0.173843954	0.016949153	0.673659193	0.429097066	0.185349403	0.148225763	0.211796819	0.019166571	0.004471341	0.150163147	0.279199754	0.049218067	0.011016296	0.012946701	0.002553251	0.003757387	0.060255519	0.008716064	0.003310242	0.619311809	0.231238232	0.015294034	0.024258999	0.028237265	0.000130534	3.96881E-05	1.05928E-07	0.000965569	0.135805226	0.232367065	0.000379831	0.282393739	0.090950655	0.098203737	0.135749628	0.977203577	0.022789608	0.001172423	0.001524343	0.037172898	0.109713313	0.269761751	5.99346E-05	0.004676068	0.0008863	0.00046412	0.044630035	0.017107812	0.089353419	0.115486863
Design 1	0.047799551	0.597553123	0.19201995	0.054253918	0.127939394	0.145986949	0.016949153	0.85915493	0.761904762	0.333333333	0	0	0.007980774	0.054538468	0.054548607	4.02404E-06	0.089475497	2.18854E-06	0.000166637	0.368580875	0.16650657	0.10723899	0.983050847	0.021063279	0.978936721	0.597553123	0.54095016	0.597553123	0.173843954	0.016949153	0.673659193	0.429097066	0.180213526	0.144116802	0.211796819	0.018635169	0.004471341	0.150163147	0.279199754	0.049218067	0.005099795	0.027367934	0.00683333	0.006901163	0.060255519	0.028726064	0.005069511	0.619311809	0.224814637	0.030896925	0.048777976	0.071269357	8.10927E-05	2.27462E-05	6.071E-08	0.000402938	0.136530592	0.268966476	0.000374215	0.227027375	0.091867125	0.099504178	0.13647504	0.98149061	0.022789608	0.003810419	0.002779544	0.062010903	0.192150683	0.287048497	0.000177832	0.010593025	0.000975345	0.000618266	0.058112443	0.019290456	0.160577626	0.100976071
Design 1	0.047799551	0.597553123	0.291770574	0.035710075	0.127939394	0.145986949	0.016949153	0.85915493	0.761904762	0.333333333	0	0	0.006133961	0.036000205	0.036010542	1.16947E-06	0.039529861	1.26559E-06	0.000166637	0.368580875	0.166103578	0.106728736	0.983050847	0.01478397	0.98521603	0.597553123	0.54095016	0.597553123	0.173843954	0.016949153	0.673659193	0.429097066	0.179357555	0.143431982	0.211796819	0.018546603	0.004471341	0.150163147	0.279199754	0.049218067	0.003127628	0.041789167	0.015416595	0.012479799	0.060255519	0.043639191	0.005055192	0.619311809	0.223744049	0.055247985	0.084632878	0.122429258	5.33609E-05	1.44324E-05	3.85203E-08	0.000273211	0.157926446	0.307191218	0.000305462	0.227363112	0.109528739	0.118756082	0.15787227	0.983003541	0.022789608	0.005141692	0.002765251	0.063100895	0.223075171	0.286929358	0.000223051	0.012876869	0.000829312	0.000583498	0.058012628	0.017353637	0.189629108	0.116295958
Design 1	0.047799551	0.597553123	0.391521197	0.026437959	0.127939394	0.145986949	0.016949153	0.85915493	0.761904762	0.333333333	0	0	0.005210535	0.026730879	0.026741316	4.74609E-07	0.021924329	8.31581E-07	0.000166637	0.368580875	0.165901717	0.106473603	0.983050847	0.01162172	0.98837828	0.597553123	0.54095016	0.597553123	0.173843954	0.016949153	0.673659193	0.429097066	0.178929561	0.143089565	0.211796819	0.018502319	0.004471341	0.150163147	0.279199754	0.049218067	0.002141545	0.056210401	0.02748096	0.019476299	0.060255519	0.05847261	0.005040986	0.619311809	0.223208743	0.08349011	0.123785721	0.179703434	3.87757E-05	1.02865E-05	2.74547E-08	0.000196143	0.17324011	0.339396388	0.000263502	0.227697537	0.124149368	0.134654594	0.173186919	0.983537238	0.022789608	0.006353195	0.002753058	0.06217641	0.246556395	0.286810886	0.000261686	0.014753019	0.000735043	0.000559485	0.057913469	0.016063932	0.21262965	0.128063938
Design 1	0.047799551	0.597553123	0.49127182	0.020874768	0.127939394	0.145986949	0.016949153	0.85915493	0.761904762	0.333333333	0	0	0.004656488	0.021169361	0.021179858	2.27163E-07	0.0137734	5.8836E-07	0.000166637	0.368580875	0.165780487	0.106320526	0.983050847	0.009717124	0.990282876	0.597553123	0.54095016	0.597553123	0.173843954	0.016949153	0.673659193	0.429097066	0.178672768	0.142884118	0.211796819	0.018475749	0.004471341	0.150163147	0.279199754	0.049218067	0.001549895	0.070631634	0.043054233	0.027890728	0.060255519	0.073226496	0.005026839	0.619311809	0.222887565	0.115056278	0.165446464	0.242000997	2.96944E-05	7.73844E-06	2.0654E-08	0.000144547	0.185236315	0.367634322	0.000234309	0.228031944	0.136878631	0.148482937	0.185183896	0.983784397	0.022789608	0.007479317	0.002741507	0.060533896	0.265621261	0.286692622	0.000295926	0.016370813	0.000667012	0.000541157	0.057814582	0.015107744	0.231945938	0.137481052
Design 1	0.047799551	0.597553123	0.591022444	0.018014052	0.127939394	0.145986949	0.016949153	0.85915493	0.761904762	0.333333333	0	0	0.004371584	0.018309506	0.018320034	1.17788E-07	0.008920437	4.2127E-07	0.000166637	0.368580875	0.165718113	0.10624181	0.983050847	0.008735606	0.991264394	0.597553123	0.54095016	0.597553123	0.173843954	0.016949153	0.673659193	0.429097066	0.178540719	0.142778472	0.211796819	0.018462086	0.004471341	0.150163147	0.279199754	0.049218067	0.001155461	0.085052867	0.064961464	0.038281153	0.060255519	0.084058467	0.004786279	0.619311809	0.222722408	0.154351551	0.215088824	0.308618307	2.27768E-05	5.78919E-06	1.54514E-08	0.000114893	0.200681068	0.39620221	0.000204283	0.233932025	0.15303197	0.166018025	0.200629643	0.983931573	0.022789608	0.007948824	0.002555558	0.05769949	0.274972203	0.284638455	0.000303138	0.016996082	0.000591631	0.000504632	0.056112406	0.013863851	0.242397575	0.150714073
Design 1	0.047799551	0.597553123	0.690773067	0.019255144	0.127939394	0.145986949	0.016949153	0.85915493	0.761904762	0.333333333	0	0	0.004495187	0.019550224	0.019560738	6.21601E-08	0.005032157	2.70147E-07	0.000166637	0.368580875	0.165745176	0.10627596	0.983050847	0.009161606	0.990838394	0.597553123	0.54095016	0.597553123	0.173843954	0.016949153	0.673659193	0.429097066	0.178598007	0.142824306	0.211796819	0.018468013	0.004471341	0.150163147	0.279199754	0.049218067	0.000873723	0.099474101	0.109657297	0.053217388	0.060255519	0.078995567	0.003811544	0.619311809	0.222794059	0.224350577	0.299199391	0.379056553	1.55644E-05	3.71862E-06	9.92505E-09	0.000120832	0.239279354	0.436624097	0.000154076	0.262988697	0.190676665	0.206863493	0.239230412	0.984049505	0.022789608	0.006285476	0.001849202	0.051604444	0.256712019	0.275331598	0.000228745	0.014552517	0.000456257	0.000400306	0.04875864	0.011133271	0.226798015	0.235341536
Design 1	0.047799551	0.597553123	0.790523691	0.016811745	0.127939394	0.145986949	0.016949153	0.85915493	0.761904762	0.333333333	0	0	0.004251844	0.017107561	0.017118101	3.09307E-08	0.003666936	2.11874E-07	0.000166637	0.368580875	0.165691892	0.106208728	0.983050847	0.008322659	0.991677341	0.597553123	0.54095016	0.597553123	0.173843954	0.016949153	0.673659193	0.429097066	0.178485221	0.142734071	0.211796819	0.018456343	0.004471341	0.150163147	0.279199754	0.049218067	0.00066242	0.113895334	0.14458215	0.066650641	0.060255519	0.089611239	0.003773476	0.619311809	0.222652995	0.273336008	0.355626335	0.452940187	1.23605E-05	2.7744E-06	7.4049E-09	9.55684E-05	0.248855328	0.459947166	0.000141424	0.264333745	0.203276291	0.220536291	0.248807002	0.984090914	0.022789608	0.006843103	0.001823138	0.050140724	0.266919735	0.274930195	0.00024295	0.015360985	0.000425351	0.000389004	0.048454404	0.010618828	0.237721437	0.240986616
Design 1	0.047799551	0.597553123	0.890274314	0.012584278	0.127939394	0.145986949	0.016949153	0.85915493	0.761904762	0.333333333	0	0	0.003830824	0.012881366	0.012891951	1.20637E-08	0.003283216	1.92503E-07	0.000166637	0.368580875	0.165599662	0.106092404	0.983050847	0.00686864	0.99313136	0.597553123	0.54095016	0.597553123	0.173843954	0.016949153	0.673659193	0.429097066	0.178290085	0.142577952	0.211796819	0.018436153	0.004471341	0.150163147	0.279199754	0.049218067	0.000498072	0.128316567	0.158797017	0.078095989	0.060255519	0.116567654	0.004385867	0.619311809	0.222408932	0.292272608	0.377008095	0.529974343	1.13573E-05	2.47418E-06	6.60363E-09	5.41401E-05	0.234503935	0.468185875	0.000151399	0.244753552	0.193203987	0.209612844	0.234454686	0.984102554	0.022789608	0.009417606	0.002256033	0.051213559	0.299574012	0.281022528	0.000331553	0.018880373	0.000457397	0.000439904	0.053186269	0.011565569	0.270347573	0.214926709
Design 1	0.047799551	0.597553123	0.990024938	0.009748384	0.127939394	0.145986949	0.016949153	0.85915493	0.761904762	0.333333333	0	0	0.003548392	0.010046325	0.010056941	0	0.002931569	1.72593E-07	0.000166637	0.368580875	0.165537763	0.106014371	0.983050847	0.005891462	0.994108538	0.597553123	0.54095016	0.597553123	0.173843954	0.016949153	0.673659193	0.429097066	0.178159182	0.142473223	0.211796819	0.018422608	0.004471341	0.150163147	0.279199754	0.049218067	0.000366594	0.1427378	0.174521085	0.091231482	0.060255519	0.145827272	0.00495722	0.619311809	0.222245207	0.312664	0.399793431	0.609920209	1.03871E-05	2.18142E-06	5.82223E-09	2.39965E-05	0.223808588	0.476653623	0.000159183	0.229697307	0.186012023	0.201813368	0.223758651	0.98411322	0.022789608	0.012316804	0.002686683	0.051367087	0.329411224	0.286106632	0.000429972	0.022417374	0.000482454	0.000485207	0.057326033	0.012353887	0.30092475	0.197965062
Design 1	0.034273635	0.758531874	0.017456359	1	0.127939394	0.145986949	0.016949153	0.85915493	0.761904762	0.333333333	0	0	0.102169222	1	1	0.002076891	0.846581512	6.76476E-06	0.000166637	0.355714772	0.16597966	0.133262239	0.983050847	0.277637762	0.722362238	0.758531874	0.686680268	0.758531874	0.173843954	0.016949153	0.673659193	0.429097066	0.349794628	0.349753617	0.413741037	0.018519411	0.004471341	0.150163147	0.353957199	0.054916545	0.049230797	0.001409714	0.000238952	0.000948338	0.048029204	8.34369E-08	0.00212818	0.774535712	0.349415014	0.002816023	0.003717955	0.0040632	0.0003833	0.000189236	5.05072E-07	0.002765607	0.083266883	0.176138429	0.000541459	0.350471468	0.066980831	0.071357588	0.083207904	0.958759932	0.018228976	0.000161406	0.0008414	0.003210497	0.032787752	0.237169908	1.05877E-05	0.000834106	0.001009749	0.000370709	0.033549934	0.017773169	0.020510985	0.312955303
Design 1	0.034273635	0.758531874	0.042394015	0.499310806	0.127939394	0.145986949	0.016949153	0.85915493	0.761904762	0.333333333	0	0	0.05230474	0.499461451	0.499466818	0.000259583	0.505187295	3.58222E-06	0.000166637	0.355714772	0.157020649	0.119485223	0.983050847	0.155704053	0.844295947	0.758531874	0.686680268	0.758531874	0.173843954	0.016949153	0.673659193	0.429097066	0.313682975	0.313639686	0.413741037	0.016606361	0.004471341	0.150163147	0.353957199	0.054916545	0.024207046	0.004293961	0.000956279	0.001969915	0.048029204	0.001342525	0.002127466	0.774535712	0.313282278	0.007583322	0.011565319	0.01035453	0.000205699	7.21569E-05	1.92588E-07	0.002011676	0.129493013	0.204627917	0.000386046	0.350527457	0.090197794	0.096803574	0.129437008	0.968962606	0.018228976	0.00027945	0.000834674	0.010582536	0.052261903	0.237158622	1.58537E-05	0.001506191	0.000787832	0.000334667	0.033542489	0.014805585	0.036872949	0.405603838
Design 1	0.034273635	0.758531874	0.092269327	0.16551814	0.127939394	0.145986949	0.016949153	0.85915493	0.761904762	0.333333333	0	0	0.019061765	0.165769214	0.16577816	3.24195E-05	0.231301233	3.07881E-06	0.000166637	0.355714772	0.150758207	0.110300548	0.983050847	0.057521557	0.942478443	0.758531874	0.686680268	0.758531874	0.173843954	0.016949153	0.673659193	0.429097066	0.289608549	0.289563741	0.413741037	0.015330995	0.004471341	0.150163147	0.353957199	0.054916545	0.01169517	0.010062454	0.002553251	0.003005441	0.048029204	0.006704218	0.003310242	0.774535712	0.289193796	0.015294034	0.024258999	0.026207688	0.000130534	3.96881E-05	1.05928E-07	0.000965569	0.135805226	0.232367065	0.000379831	0.282393739	0.090950655	0.098203737	0.135749628	0.977203577	0.018228976	0.000934895	0.001524343	0.032036028	0.105008002	0.252743403	4.78436E-05	0.004133403	0.0008863	0.000452822	0.044630035	0.016792562	0.079907013	0.118479312
Design 1	0.034273635	0.758531874	0.19201995	0.054253918	0.127939394	0.145986949	0.016949153	0.85915493	0.761904762	0.333333333	0	0	0.007980774	0.054538468	0.054548607	4.02404E-06	0.089475497	2.18854E-06	0.000166637	0.355714772	0.148613248	0.10723899	0.983050847	0.021063279	0.978936721	0.758531874	0.686680268	0.758531874	0.173843954	0.016949153	0.673659193	0.429097066	0.28158374	0.281538427	0.413741037	0.014905873	0.004471341	0.150163147	0.353957199	0.054916545	0.005439232	0.021599441	0.00683333	0.005520462	0.048029204	0.022712218	0.005069511	0.774535712	0.281164302	0.030896925	0.048777976	0.066155144	8.10927E-05	2.27462E-05	6.071E-08	0.000402938	0.136530592	0.268966476	0.000374215	0.227027375	0.091867125	0.099504178	0.13647504	0.98149061	0.018228976	0.003045292	0.002779544	0.054753119	0.184731735	0.269092198	0.000142162	0.009485068	0.000975345	0.000603734	0.058112443	0.018944256	0.146030627	0.100090097
Design 1	0.034273635	0.758531874	0.291770574	0.035710075	0.127939394	0.145986949	0.016949153	0.85915493	0.761904762	0.333333333	0	0	0.006133961	0.036000205	0.036010542	1.16947E-06	0.039529861	1.26559E-06	0.000166637	0.355714772	0.148252801	0.106728736	0.983050847	0.01478397	0.98521603	0.758531874	0.686680268	0.758531874	0.173843954	0.016949153	0.673659193	0.429097066	0.280246286	0.280200888	0.413741037	0.01483502	0.004471341	0.150163147	0.353957199	0.054916545	0.00335392	0.033136428	0.015416595	0.009983371	0.048029204	0.03464272	0.005055192	0.774535712	0.279826067	0.055247985	0.084632878	0.113647789	5.33609E-05	1.44324E-05	3.85203E-08	0.000273211	0.157926446	0.307191218	0.000305462	0.227363112	0.109528739	0.118756082	0.15787227	0.983003541	0.018228976	0.00411031	0.002765251	0.055750036	0.214638264	0.268979523	0.000178336	0.011550718	0.000829312	0.000569696	0.058012628	0.017034901	0.17300164	0.116363128
Design 1	0.034273635	0.758531874	0.391521197	0.026437959	0.127939394	0.145986949	0.016949153	0.85915493	0.761904762	0.333333333	0	0	0.005210535	0.026730879	0.026741316	4.74609E-07	0.021924329	8.31581E-07	0.000166637	0.355714772	0.148072251	0.106473603	0.983050847	0.01162172	0.98837828	0.758531874	0.686680268	0.758531874	0.173843954	0.016949153	0.673659193	0.429097066	0.279577545	0.279532105	0.413741037	0.014799593	0.004471341	0.150163147	0.353957199	0.054916545	0.002311263	0.044673414	0.02748096	0.015580571	0.048029204	0.046509455	0.005040986	0.774535712	0.279156936	0.08349011	0.123785721	0.166816424	3.87757E-05	1.02865E-05	2.74547E-08	0.000196143	0.17324011	0.339396388	0.000263502	0.227697537	0.124149368	0.134654594	0.173186919	0.983537238	0.018228976	0.005079513	0.002753058	0.054904493	0.237346544	0.268867479	0.000209244	0.013247626	0.000735043	0.000546187	0.057913469	0.015763484	0.19435504	0.128818361
Design 1	0.034273635	0.758531874	0.49127182	0.020874768	0.127939394	0.145986949	0.016949153	0.85915493	0.761904762	0.333333333	0	0	0.004656488	0.021169361	0.021179858	2.27163E-07	0.0137734	5.8836E-07	0.000166637	0.355714772	0.147963819	0.106320526	0.983050847	0.009717124	0.990282876	0.758531874	0.686680268	0.758531874	0.173843954	0.016949153	0.673659193	0.429097066	0.279176306	0.27913084	0.413741037	0.014778337	0.004471341	0.150163147	0.353957199	0.054916545	0.001685669	0.056210401	0.043054233	0.022312114	0.048029204	0.058312564	0.005026839	0.774535712	0.278755462	0.115056278	0.165446464	0.224648359	2.96944E-05	7.73844E-06	2.0654E-08	0.000144547	0.185236315	0.367634322	0.000234309	0.228031944	0.136878631	0.148482937	0.185183896	0.983784397	0.018228976	0.00598041	0.002741507	0.053402233	0.25578384	0.268755632	0.000236637	0.014710859	0.000667012	0.000528243	0.057814582	0.014820854	0.212288028	0.139243245
Design 1	0.034273635	0.758531874	0.591022444	0.018014052	0.127939394	0.145986949	0.016949153	0.85915493	0.761904762	0.333333333	0	0	0.004371584	0.018309506	0.018320034	1.17788E-07	0.008920437	4.2127E-07	0.000166637	0.355714772	0.147908031	0.10624181	0.983050847	0.008735606	0.991264394	0.758531874	0.686680268	0.758531874	0.173843954	0.016949153	0.673659193	0.429097066	0.27896998	0.278924501	0.413741037	0.014767406	0.004471341	0.150163147	0.353957199	0.054916545	0.001268607	0.067747387	0.064961464	0.030624454	0.048029204	0.066978141	0.004786279	0.774535712	0.278549016	0.154351551	0.215088824	0.286490391	2.27768E-05	5.78919E-06	1.54514E-08	0.000114893	0.200681068	0.39620221	0.000204283	0.233932025	0.15303197	0.166018025	0.200629643	0.983931573	0.018228976	0.006356016	0.002555558	0.050809857	0.264826973	0.26681292	0.000242407	0.015276392	0.000591631	0.000492484	0.056112406	0.013594599	0.221991189	0.153468295
Design 1	0.034273635	0.758531874	0.690773067	0.019255144	0.127939394	0.145986949	0.016949153	0.85915493	0.761904762	0.333333333	0	0	0.004495187	0.019550224	0.019560738	6.21601E-08	0.005032157	2.70147E-07	0.000166637	0.355714772	0.147932236	0.10627596	0.983050847	0.009161606	0.990838394	0.758531874	0.686680268	0.758531874	0.173843954	0.016949153	0.673659193	0.429097066	0.279059492	0.279014019	0.413741037	0.014772148	0.004471341	0.150163147	0.353957199	0.054916545	0.000970705	0.079284374	0.109657297	0.042573442	0.048029204	0.062927821	0.003811544	0.774535712	0.278638581	0.224350577	0.299199391	0.351879466	1.55644E-05	3.71862E-06	9.92505E-09	0.000120832	0.239279354	0.436624097	0.000154076	0.262988697	0.190676665	0.206863493	0.239230412	0.984049505	0.018228976	0.005025338	0.001849202	0.045235267	0.247167869	0.258011039	0.000182892	0.013066279	0.000456257	0.000390347	0.04875864	0.010902738	0.207508764	0.26199766
Design 2	0.107648725	0.051835158	0.082294264	0.061840088	0.151515152	0.42903752	0.457627119	1	0.761904762	0.333333333	0	0	0.093559273	0.061820707	0.061339084	0.000623187	0.808047666	1.41321E-06	0.014226222	0.126692889	0.056723141	0.010642021	0.542372881	0.392677134	0.607322866	0.051835158	0.046925095	0.051835158	0.217543302	0.457627119	0.08113481	0.110118688	0.000121271	0.000560628	0.000672352	0.003532203	0.197313863	0.42903752	0.138810198	0.166280511	0.027826572	0.083634385	0.000302375	0.001856572	0.032247555	0.01318525	0.000623816	0.016328496	0.007287994	0.003331701	0.003302274	0.008635183	0.000345267	0.000309809	8.26885E-07	0.009068229	0.031211797	0.046393794	0.000562385	0.154974083	0.03340576	0.01977954	0.031149469	0.360237152	0.003538163	0.000129063	2.05093E-05	0.050395434	0.030145725	0.122892016	8.36489E-06	0.002086073	0.000517483	0.000213928	0.014017005	0.012494104	0.035940063	0.335475318
Design 2	0.14073881	0.051835158	0.082294264	0.061840088	0.151515152	0.42903752	0.457627119	1	0.761904762	0.333333333	0	0	0.093559273	0.061820707	0.061339084	0.000623187	0.808047666	2.26407E-06	0.014226222	0.165361624	0.081418624	0.016994427	0.542372881	0.392677134	0.607322866	0.051835158	0.046925095	0.051835158	0.217543302	0.457627119	0.08113481	0.1435213	0.000242531	0.000560628	0.000672352	0.00706985	0.197313863	0.42903752	0.106117562	0.131889952	0.023274311	0.083634385	0.000302375	0.002339097	0.05167538	0.02170653	0.001134366	0.020978051	0.00933136	0.003331701	0.003302274	0.010896442	0.000345267	0.000309809	8.26885E-07	0.009068229	0.031211797	0.046393794	0.000721355	0.154974083	0.03340576	0.01977954	0.031149469	0.360237152	0.007083998	0.000273103	4.45595E-05	0.069443016	0.046596106	0.166184702	1.72355E-05	0.003898509	0.000674368	0.000329023	0.021796583	0.016521209	0.056315379	0.250971969
Design 2	0.150141643	0.051835158	0.082294264	0.061840088	0.151515152	0.42903752	0.457627119	1	0.761904762	0.333333333	0	0	0.093559273	0.061820707	0.061339084	0.000623187	0.808047666	2.54151E-06	0.014226222	0.176349678	0.08893976	0.019065806	0.542372881	0.392677134	0.607322866	0.051835158	0.046925095	0.051835158	0.217543302	0.457627119	0.08113481	0.15301294	0.000287717	0.000560628	0.000672352	0.008388128	0.197313863	0.42903752	0.099150141	0.124285387	0.022267698	0.083634385	0.000302375	0.00247621	0.058010363	0.02448513	0.001300845	0.022299262	0.009912	0.003331701	0.003302274	0.011538998	0.000345267	0.000309809	8.26885E-07	0.009068229	0.031211797	0.046393794	0.000766528	0.154974083	0.03340576	0.01977954	0.031149469	0.360237152	0.008405328	0.000326779	5.35217E-05	0.074855551	0.051270623	0.178486691	2.0541E-05	0.004489504	0.000718948	0.000363859	0.024007218	0.017648385	0.062105201	0.224575159
Design 2	0.192634561	0.051835158	0.082294264	0.061840088	0.151515152	0.42903752	0.457627119	1	0.761904762	0.333333333	0	0	0.093559273	0.061820707	0.061339084	0.000623187	0.808047666	3.99218E-06	0.014226222	0.226006467	0.12548233	0.029896386	0.542372881	0.392677134	0.607322866	0.051835158	0.046925095	0.051835158	0.217543302	0.457627119	0.08113481	0.195907193	0.000562128	0.000560628	0.000672352	0.016393842	0.197313863	0.42903752	0.075354108	0.097410803	0.018710323	0.083634385	0.000302375	0.003095849	0.091133974	0.039013546	0.00217131	0.028270028	0.012536007	0.003331701	0.003302274	0.014442814	0.000345267	0.000309809	8.26885E-07	0.009068229	0.031211797	0.046393794	0.000970672	0.154974083	0.03340576	0.01977954	0.031149469	0.360237152	0.016429572	0.000652741	0.000107947	0.099315668	0.072395521	0.234081366	4.06151E-05	0.007579629	0.000920413	0.000532011	0.033997431	0.022663836	0.088270338	0.117366079
Design 2	0.235127479	0.051835158	0.082294264	0.061840088	0.151515152	0.42903752	0.457627119	1	0.761904762	0.333333333	0	0	0.093559273	0.061820707	0.061339084	0.000623187	0.808047666	5.76522E-06	0.014226222	0.275663256	0.165888563	0.043133763	0.542372881	0.392677134	0.607322866	0.051835158	0.046925095	0.051835158	0.217543302	0.457627119	0.08113481	0.238801445	0.000971494	0.000560628	0.000672352	0.028336793	0.197313863	0.42903752	0.059490085	0.078557267	0.016214689	0.083634385	0.000302375	0.003715487	0.131618387	0.056770499	0.003235212	0.034240794	0.015160013	0.003331701	0.003302274	0.017346629	0.000345267	0.000309809	8.26885E-07	0.009068229	0.031211797	0.046393794	0.001174815	0.154974083	0.03340576	0.01977954	0.031149469	0.360237152	0.028400166	0.001139014	0.00018914	0.123775786	0.09352042	0.289676041	7.05618E-05	0.011356449	0.001121879	0.000716269	0.043987643	0.027571357	0.114435475	0.063677652
Design 2	0.277620397	0.051835158	0.082294264	0.061840088	0.151515152	0.42903752	0.457627119	1	0.761904762	0.333333333	0	0	0.093559273	0.061820707	0.061339084	0.000623187	0.808047666	7.86063E-06	0.014226222	0.325320045	0.209819077	0.058777935	0.542372881	0.392677134	0.607322866	0.051835158	0.046925095	0.051835158	0.217543302	0.457627119	0.08113481	0.281695698	0.001542808	0.000560628	0.000672352	0.045004429	0.197313863	0.42903752	0.04815864	0.06450955	0.0143552	0.083634385	0.000302375	0.004335126	0.179463603	0.07775599	0.00449255	0.04021156	0.01778402	0.003331701	0.003302274	0.020250445	0.000345267	0.000309809	8.26885E-07	0.009068229	0.031211797	0.046393794	0.001378959	0.154974083	0.03340576	0.01977954	0.031149469	0.360237152	0.04510638	0.001817658	0.000302453	0.148235903	0.114645318	0.345270716	0.000112355	0.015819963	0.001323344	0.000915099	0.053977856	0.032390905	0.140600613	0.039070455
Design 2	0.320113314	0.051835158	0.082294264	0.061840088	0.151515152	0.42903752	0.457627119	1	0.761904762	0.333333333	0	0	0.093559273	0.061820707	0.061339084	0.000623187	0.808047666	1.02784E-05	0.014226222	0.374976834	0.257010921	0.076828902	0.542372881	0.392677134	0.607322866	0.051835158	0.046925095	0.051835158	0.217543302	0.457627119	0.08113481	0.324589951	0.002303059	0.000560628	0.000672352	0.067184195	0.197313863	0.42903752	0.039660057	0.053586817	0.012909363	0.083634385	0.000302375	0.004954764	0.234669621	0.101970017	0.005943325	0.046182326	0.020408026	0.003331701	0.003302274	0.02315426	0.000345267	0.000309809	8.26885E-07	0.009068229	0.031211797	0.046393794	0.001583102	0.154974083	0.03340576	0.01977954	0.031149469	0.360237152	0.067337483	0.002720736	0.000453239	0.17269602	0.135770216	0.400865391	0.000167971	0.020970171	0.001524809	0.001127317	0.063968069	0.0371364	0.16676575	0.032918656
Design 2	0.362606232	0.051835158	0.082294264	0.061840088	0.151515152	0.42903752	0.457627119	1	0.761904762	0.333333333	0	0	0.093559273	0.061820707	0.061339084	0.000623187	0.808047666	1.30186E-05	0.014226222	0.424633623	0.30725254	0.097286666	0.542372881	0.392677134	0.607322866	0.051835158	0.046925095	0.051835158	0.217543302	0.457627119	0.08113481	0.367484203	0.003279241	0.000560628	0.000672352	0.09566354	0.197313863	0.42903752	0.033050047	0.044819611	0.011748852	0.083634385	0.000302375	0.005574402	0.297236441	0.129412581	0.007587537	0.052153092	0.023032032	0.003331701	0.003302274	0.026058075	0.000345267	0.000309809	8.26885E-07	0.009068229	0.031211797	0.046393794	0.001787246	0.154974083	0.03340576	0.01977954	0.031149469	0.360237152	0.095882745	0.003880309	0.000646852	0.197156138	0.156895114	0.456460066	0.000239382	0.026807074	0.001726275	0.001351982	0.073958282	0.041818086	0.192930887	0.030122384
Design 2	0.40509915	0.051835158	0.082294264	0.061840088	0.151515152	0.42903752	0.457627119	1	0.761904762	0.333333333	0	0	0.093559273	0.061820707	0.061339084	0.000623187	0.808047666	1.60811E-05	0.014226222	0.474290412	0.360368919	0.120151225	0.542372881	0.392677134	0.607322866	0.051835158	0.046925095	0.051835158	0.217543302	0.457627119	0.08113481	0.410378456	0.004498343	0.000560628	0.000672352	0.131229911	0.197313863	0.42903752	0.02776204	0.037607094	0.010794135	0.083634385	0.000302375	0.006194041	0.367164064	0.160083682	0.009425185	0.058123858	0.025656039	0.003331701	0.003302274	0.028961891	0.000345267	0.000309809	8.26885E-07	0.009068229	0.031211797	0.046393794	0.00199139	0.154974083	0.03340576	0.01977954	0.031149469	0.360237152	0.131531437	0.005328439	0.000888645	0.221616255	0.178020012	0.512054741	0.000328564	0.033330671	0.00192774	0.001588316	0.083948495	0.046443807	0.219096024	0.029003875
Design 2	0.40509915	0.051835158	0.49127182	0.056798155	0.151515152	0.42903752	0.406779661	1	0.761904762	0.333333333	0	0	0.077838596	0.056780291	0.056337936	3.21274E-06	0.01236597	3.11346E-07	0.01012214	0.474290412	0.354297862	0.116163414	0.593220339	0.343286257	0.656713743	0.051835158	0.046925095	0.051835158	0.217543302	0.406779661	0.094868808	0.410378456	0.004349271	0.000539954	0.000672352	0.126880849	0.16463329	0.42903752	0.02776204	0.037607094	0.001273246	0.471352788	0.04772208	0.181790841	0.367164064	0.174074009	0.001645162	0.058123858	0.024786498	0.123834483	0.143199994	0.285642654	2.78473E-05	1.64527E-05	4.39125E-08	0.005002929	0.243626927	0.142158334	0.000174774	0.377853723	0.22391218	0.179959957	0.243578265	0.628226747	0.131531437	0.001110189	6.00956E-05	0.105301337	0.12611261	0.403235034	4.35879E-05	0.013524749	0.000219441	0.000270791	0.02822977	0.009126448	0.165884752	0.241912047
Design 2	0.40509915	0.051835158	0.366583541	0.056798155	0.151515152	0.42903752	0.406779661	1	0.761904762	0.333333333	0	0	0.077838596	0.056780291	0.056337936	7.65986E-06	0.030141608	6.35757E-07	0.01012214	0.474290412	0.354297862	0.116163414	0.593220339	0.343286257	0.656713743	0.051835158	0.046925095	0.051835158	0.217543302	0.406779661	0.094868808	0.410378456	0.004349271	0.000539954	0.000672352	0.126880849	0.16463329	0.42903752	0.02776204	0.037607094	0.001969896	0.353145958	0.020132717	0.102256323	0.367164064	0.174074009	0.002275766	0.058123858	0.024786498	0.066851791	0.081300186	0.194618385	4.61766E-05	2.47558E-05	6.60735E-08	0.005152808	0.184420505	0.121225425	0.000263923	0.324315195	0.161148971	0.128849056	0.184368034	0.622933264	0.131531437	0.001439894	9.49682E-05	0.120946506	0.13554943	0.420741212	6.10784E-05	0.01601542	0.000338696	0.000380251	0.035064966	0.012701234	0.176143272	0.162833467
Design 2	0.40509915	0.051835158	0.241895262	0.056798155	0.151515152	0.42903752	0.406779661	1	0.761904762	0.333333333	0	0	0.077838596	0.056780291	0.056337936	2.59291E-05	0.102373843	1.66332E-06	0.01012214	0.474290412	0.354297862	0.116163414	0.593220339	0.343286257	0.656713743	0.051835158	0.046925095	0.051835158	0.217543302	0.406779661	0.094868808	0.410378456	0.004349271	0.000539954	0.000672352	0.126880849	0.16463329	0.42903752	0.02776204	0.037607094	0.003363197	0.234939128	0.005965206	0.045445953	0.367164064	0.174074009	0.003536973	0.058123858	0.024786498	0.02803926	0.035289032	0.113311364	8.67407E-05	4.49048E-05	1.19852E-07	0.005328551	0.120072309	0.097196676	0.000459683	0.26080861	0.101355591	0.079347991	0.120015698	0.601704759	0.131531437	0.00210403	0.000181344	0.146289811	0.149806441	0.446584759	9.94854E-05	0.020267358	0.000589572	0.000595882	0.046531135	0.019312498	0.191464818	0.102154358
Design 2	0.40509915	0.051835158	0.117206983	0.056798155	0.151515152	0.42903752	0.406779661	1	0.761904762	0.333333333	0	0	0.077838596	0.056780291	0.056337936	0.00020766	0.583467882	8.25559E-06	0.01012214	0.474290412	0.354297862	0.116163414	0.593220339	0.343286257	0.656713743	0.051835158	0.046925095	0.051835158	0.217543302	0.406779661	0.094868808	0.410378456	0.004349271	0.000539954	0.000672352	0.126880849	0.16463329	0.42903752	0.02776204	0.037607094	0.007543099	0.116732298	0.000745597	0.011359731	0.367164064	0.174074009	0.007320594	0.058123858	0.024786498	0.00634826	0.007313121	0.044921647	0.000230324	0.000150605	4.01965E-07	0.006070056	0.049765478	0.064190861	0.001246201	0.178045217	0.04585439	0.031175712	0.049704344	0.471234666	0.131531437	0.004460849	0.000598775	0.200374426	0.177023505	0.494137314	0.000253795	0.030139115	0.001406887	0.001227036	0.072413173	0.03677905	0.220184105	0.054002549
Design 2	0.40509915	0.051835158	0.042394015	0.056798155	0.151515152	0.42903752	0.406779661	1	0.761904762	0.333333333	0	0	0.077838596	0.056780291	0.056337936	0.00324516	0.968818421	6.73054E-05	0.01012214	0.474290412	0.354297862	0.116163414	0.593220339	0.343286257	0.656713743	0.051835158	0.046925095	0.051835158	0.217543302	0.406779661	0.094868808	0.410378456	0.004349271	0.000539954	0.000672352	0.126880849	0.16463329	0.42903752	0.02776204	0.037607094	0.020082807	0.0458082	4.76607E-05	0.001815588	0.367164064	0.174074009	0.018671458	0.058123858	0.024786498	0.000890327	0.000643981	0.013185634	0.000777597	0.001315529	3.51116E-06	0.015349618	0.010961509	0.025164013	0.004086024	0.104606705	0.016037144	0.009740305	0.010897878	0.379233164	0.131531437	0.011158704	0.002662511	0.299255587	0.219310415	0.564146292	0.000810952	0.050546079	0.004169867	0.00305406	0.123766556	0.080352506	0.263627793	0.010884031
Design 2	0.40509915	0.051835158	0.017456359	0.056798155	0.151515152	0.42903752	0.406779661	1	0.761904762	0.333333333	0	0	0.077838596	0.056780291	0.056337936	0.025961507	0.996134405	0.001753452	0.01012214	0.474290412	0.354297862	0.116163414	0.593220339	0.343286257	0.656713743	0.051835158	0.046925095	0.051835158	0.217543302	0.406779661	0.094868808	0.410378456	0.004349271	0.000539954	0.000672352	0.126880849	0.16463329	0.42903752	0.02776204	0.037607094	0.04098232	0.022166834	5.90386E-06	0.00045214	0.367164064	0.174074009	0.037589564	0.058123858	0.024786498	8.64287E-05	8.75115E-05	0.005186724	0.010281167	0.008817767	2.35347E-05	0.054058516	0.002997173	0.008929399	0.021225232	0.06759379	0.003075691	0.001858178	0.00293303	0.373097959	0.131531437	0.020642777	0.007597956	0.402213978	0.256862606	0.623096638	0.004173561	0.074469757	0.021634455	0.016109569	0.181640554	0.14144753	0.301203023	0.003222245
Design 2	0.40509915	0.051835158	0.6159601	0.056798155	0.151515152	0.42903752	0.406779661	1	0.761904762	0.333333333	0	0	0.077838596	0.056780291	0.056337936	1.62909E-06	0.006029596	1.7199E-07	0.01012214	0.474290412	0.354297862	0.116163414	0.593220339	0.343286257	0.656713743	0.051835158	0.046925095	0.051835158	0.217543302	0.406779661	0.094868808	0.410378456	0.004349271	0.000539954	0.000672352	0.126880849	0.16463329	0.42903752	0.02776204	0.037607094	0.000855255	0.589559618	0.093207247	0.284049508	0.367164064	0.174074009	0.0012668	0.058123858	0.024786498	0.199759346	0.219749583	0.384650454	1.76328E-05	1.18659E-05	3.16702E-08	0.004865309	0.299090421	0.161225493	0.000123843	0.425022113	0.288980458	0.23268145	0.299045328	0.630120368	0.131531437	0.000908855	4.18977E-05	0.094346987	0.119157748	0.39011171	3.35956E-05	0.011846722	0.000150481	0.000204384	0.023565204	0.006855215	0.158260184	0.287099807
Design 2	0.40509915	0.051835158	0.740648379	0.056798155	0.151515152	0.42903752	0.406779661	1	0.761904762	0.333333333	0	0	0.077838596	0.056780291	0.056337936	9.29087E-07	0.003228326	1.0061E-07	0.01012214	0.474290412	0.354297862	0.116163414	0.593220339	0.343286257	0.656713743	0.051835158	0.046925095	0.051835158	0.217543302	0.406779661	0.094868808	0.410378456	0.004349271	0.000539954	0.000672352	0.126880849	0.16463329	0.42903752	0.02776204	0.037607094	0.000576595	0.707766448	0.161062167	0.409032322	0.367164064	0.174074009	0.001014559	0.058123858	0.024786498	0.295244516	0.31011305	0.490523508	1.12092E-05	8.91534E-06	2.37951E-08	0.00474064	0.351734339	0.178949471	9.102E-05	0.467665598	0.355946668	0.286831677	0.351692632	0.630958649	0.131531437	0.000771947	3.09875E-05	0.086094704	0.113701162	0.379675613	2.71559E-05	0.01062059	0.000105829	0.000159724	0.020121964	0.005270926	0.15223796	0.357286242
Design 2	0.40509915	0.051835158	0.865336658	0.056798155	0.151515152	0.42903752	0.406779661	1	0.761904762	0.333333333	0	0	0.077838596	0.056780291	0.056337936	5.73065E-07	0.00180353	5.96104E-08	0.01012214	0.474290412	0.354297862	0.116163414	0.593220339	0.343286257	0.656713743	0.051835158	0.046925095	0.051835158	0.217543302	0.406779661	0.094868808	0.410378456	0.004349271	0.000539954	0.000672352	0.126880849	0.16463329	0.42903752	0.02776204	0.037607094	0.000377552	0.825973278	0.255760792	0.556739285	0.367164064	0.174074009	0.000834386	0.058123858	0.024786498	0.410808686	0.413669355	0.60246907	6.83743E-06	6.83404E-06	1.82401E-08	0.004628344	0.402163289	0.195628682	6.81847E-05	0.506880329	0.424533538	0.342239464	0.402124827	0.631385284	0.131531437	0.000672335	2.38397E-05	0.079571988	0.109240402	0.371048044	2.26758E-05	0.009675643	7.4696E-05	0.000127592	0.01744588	0.004096043	0.14728736	0.384521934
Design 2	0.40509915	0.051835158	0.640897756	0.056798155	0.151515152	0.42903752	0.457627119	1	0.761904762	0.333333333	0	0	0.086529388	0.056780291	0.056337936	1.6219E-06	0.005291535	1.54031E-07	0.014226222	0.474290412	0.35766673	0.118367977	0.542372881	0.378476089	0.621523911	0.051835158	0.046925095	0.051835158	0.217543302	0.457627119	0.08113481	0.410378456	0.004431682	0.000551383	0.000672352	0.129285121	0.197313863	0.42903752	0.02776204	0.037607094	0.000790949	0.613200984	0.104845484	0.307228139	0.367164064	0.174074009	0.00120859	0.058123858	0.025267202	0.217273759	0.229978012	0.405304808	1.61211E-05	1.24686E-05	3.3279E-08	0.005294055	0.300972926	0.157803103	0.000123264	0.433870208	0.302232142	0.233458957	0.300927954	0.588695636	0.131531437	0.000815784	3.63269E-05	0.092520615	0.115421353	0.38784522	2.98389E-05	0.011572481	0.000137302	0.000194108	0.022797775	0.006495184	0.153497501	0.344758942
Design 2	0.40509915	0.051835158	0.241895262	0.056798155	0.151515152	0.42903752	0.457627119	1	0.761904762	0.333333333	0	0	0.086529388	0.056780291	0.056337936	2.90445E-05	0.102373843	1.66332E-06	0.014226222	0.474290412	0.35766673	0.118367977	0.542372881	0.378476089	0.621523911	0.051835158	0.046925095	0.051835158	0.217543302	0.457627119	0.08113481	0.410378456	0.004431682	0.000551383	0.000672352	0.129285121	0.197313863	0.42903752	0.02776204	0.037607094	0.003363197	0.234939128	0.005965206	0.045445953	0.367164064	0.174074009	0.003536973	0.058123858	0.025267202	0.02803926	0.034161208	0.113311364	8.67407E-05	4.8619E-05	1.29765E-07	0.005892434	0.116234639	0.092512818	0.000483355	0.26080861	0.101355591	0.075824635	0.116177781	0.557729065	0.131531437	0.001964841	0.000169198	0.146289811	0.146724625	0.446584759	9.29172E-05	0.020267358	0.000581307	0.000595882	0.046531135	0.019312498	0.187415987	0.099525862
Design 2	0.40509915	0.051835158	0.49127182	0.056798155	0.151515152	0.836867863	0.406779661	1	0.761904762	0.333333333	0	0	0.077838596	0.056780291	0.056337936	3.21274E-06	0.028581751	4.56302E-07	0.01012214	0.474290412	0.288735894	0.116163414	0.593220339	0.343286257	0.656713743	0.051835158	0.046925095	0.051835158	0.217543302	0.406779661	0.094868808	0.410378456	0.004349271	0.000539954	0.000672352	0.126880849	0.16463329	0.836867863	0.02776204	0.068781399	0.002016021	0.471352788	0.021209779	0.121193113	0.367164064	0.174074009	0.001645162	0.038221305	0.016329657	0.069387331	0.084171998	0.190403015	4.48672E-05	2.41519E-05	6.44616E-08	0.004474067	0.214803205	0.150104353	0.000218716	0.377853723	0.188182527	0.150529221	0.214752689	0.623396676	0.131531437	0.00123619	6.03993E-05	0.116137905	0.119781093	0.403235034	5.22092E-05	0.013524749	0.000277582	0.000302462	0.02822977	0.010736571	0.165884752	0.191858773
Design 2	0.40509915	0.051835158	0.49127182	0.056798155	0.151515152	0.143556281	0.406779661	1	0.761904762	0.333333333	0	0	0.077838596	0.056780291	0.056337936	3.21274E-06	0.004867315	2.03657E-07	0.01012214	0.474290412	0.440168987	0.116163414	0.593220339	0.343286257	0.656713743	0.051835158	0.046925095	0.051835158	0.217543302	0.406779661	0.094868808	0.410378456	0.004349271	0.000539954	0.000672352	0.126880849	0.16463329	0.143556281	0.02776204	0.013389822	0.000696233	0.471352788	0.112951753	0.279679479	0.367164064	0.174074009	0.001645162	0.090274136	0.038447549	0.229144627	0.248138049	0.439491302	1.5203E-05	1.07602E-05	2.8719E-08	0.005591976	0.274403584	0.134632403	0.000136462	0.377853723	0.269330174	0.216935	0.274356902	0.630468097	0.131531437	0.000993065	5.99556E-05	0.094711379	0.133126767	0.403235034	3.60714E-05	0.013524749	0.000167796	0.000240052	0.02822977	0.007594474	0.165884752	0.264729629
Design 2	0.308172805	0.051835158	0.117206983	0.056798155	0.151515152	0.42903752	0.406779661	1	0.761904762	0.333333333	0	0	0.077838596	0.056780291	0.056337936	0.00020766	0.583467882	4.90379E-06	0.01012214	0.361023277	0.23931634	0.069137391	0.593220339	0.343286257	0.656713743	0.051835158	0.046925095	0.051835158	0.217543302	0.406779661	0.094868808	0.312536666	0.002000218	0.000539954	0.000672352	0.058349043	0.16463329	0.42903752	0.041825715	0.056405288	0.009334681	0.116732298	0.000745597	0.008768042	0.218413145	0.103175581	0.004262139	0.044504541	0.018999481	0.00634826	0.007313121	0.034657623	0.000230324	0.000150605	4.01965E-07	0.006070056	0.049765478	0.064190861	0.000950527	0.178045217	0.04585439	0.031175712	0.049704344	0.471234666	0.060486735	0.00204342	0.000273455	0.14942616	0.129064916	0.371412826	0.000116445	0.017551969	0.001066151	0.000818507	0.052256705	0.028137984	0.160253236	0.077659013
Design 2	0.308172805	0.051835158	0.49127182	0.056798155	0.151515152	0.143556281	0.389830508	1	0.761904762	0.333333333	0	0	0.074941665	0.056780291	0.056337936	3.08293E-06	0.004867315	1.06207E-07	0.009095243	0.361023277	0.296601406	0.068699543	0.610169492	0.331258094	0.668741906	0.051835158	0.046925095	0.051835158	0.217543302	0.389830508	0.099959617	0.312536666	0.001987584	0.000536144	0.000672352	0.057980451	0.154547848	0.143556281	0.041825715	0.026998037	0.001020469	0.471352788	0.112951753	0.215884055	0.218413145	0.103175581	0.000880548	0.069321341	0.029354162	0.229144627	0.250512699	0.33922594	1.5203E-05	1.03603E-05	2.76517E-08	0.005410208	0.277029671	0.136826917	9.19557E-05	0.377853723	0.269330174	0.21993634	0.276983158	0.64457258	0.060486735	0.000461245	2.64432E-05	0.067864854	0.095959949	0.301245356	1.6771E-05	0.007652638	0.00011058	0.000141316	0.018151535	0.004971622	0.119354231	0.374231652
Design 2	0.053173127	0.394837411	0.042394015	0.056798155	0.151515152	0.143556281	0.389830508	1	0.761904762	0.333333333	0	0	0.074941665	0.056780291	0.056337936	0.003115352	0.926412864	2.76992E-05	0.009095243	0.283679008	0.138353474	0.068699687	0.610169492	0.331258094	0.668741906	0.394837411	0.357436607	0.394837411	0.217543302	0.389830508	0.099959617	0.312537011	0.040127212	0.054303196	0.06807633	0.012895866	0.154547848	0.143556281	0.257188935	0.062151378	0.025930854	0.009049112	0.00011289	0.000478152	0.047930901	0.021919457	0.011025343	0.316993335	0.13392839	0.001648229	0.001453151	0.009467984	0.000533473	0.000606817	1.6196E-06	0.010916096	0.016070221	0.029950774	0.002506108	0.104606705	0.019305812	0.012176583	0.016006919	0.408773503	0.013451945	0.001015001	0.001226422	0.102130182	0.130206101	0.278480743	6.87565E-05	0.01461704	0.002657249	0.001620863	0.091896494	0.049880268	0.101649005	0.015525843
Design 2	0.053173127	0.394719897	0.241895262	0.056798155	0.151515152	0.143556281	0.389830508	1	0.761904762	0.333333333	0	0	0.074941665	0.056780291	0.056337936	2.48906E-05	0.043208882	6.62673E-07	0.009095243	0.283609739	0.138315829	0.068662995	0.610169492	0.331258094	0.668741906	0.394719897	0.357330224	0.394719897	0.217543302	0.389830508	0.099959617	0.312448822	0.0400738	0.054259766	0.068021884	0.012888991	0.154547848	0.143556281	0.257188935	0.062166331	0.004533519	0.051157706	0.014118915	0.012010044	0.047917901	0.021913261	0.002006549	0.31682365	0.133856744	0.051884732	0.064712213	0.081511408	5.59135E-05	2.85174E-05	7.61133E-08	0.005829639	0.143121011	0.093001475	0.000266831	0.26080861	0.121923667	0.098509421	0.143065883	0.633497058	0.013444773	0.000181274	8.21913E-05	0.042728235	0.085198627	0.21609944	8.06532E-06	0.005439103	0.000349071	0.000288643	0.032265563	0.010597274	0.067642525	0.414945376
Design 2	0.053173127	0.394719897	0.012468828	0.694796647	0.151515152	0.143556281	0.389830508	1	0.761904762	0.333333333	0	0	0.837413821	0.694586825	0.689175549	0.048677854	0.943547604	1.0213E-05	0.009095243	0.283609739	0.228024727	0.183843477	0.610169492	0.960606361	0.039393639	0.394719897	0.357330224	0.394719897	0.217543302	0.389830508	0.099959617	0.312448822	0.107112829	0.145135749	0.068021884	0.034469665	0.154547848	0.143556281	0.257188935	0.062166331	0.066061101	0.002736047	8.64446E-05	0.000580402	0.047917901	0.000600268	0.00210697	0.31682365	0.358760202	0.001362134	0.001138043	0.002736142	0.00059967	0.000760078	2.02866E-06	0.064746438	0.03147763	0.026977743	0.001192664	0.254714699	0.039980538	0.025086016	0.031415319	0.404941485	0.013444773	2.56428E-05	0.000114343	0.012716128	0.016132717	0.217617286	2.29335E-06	0.00115581	0.001072537	0.000437305	0.033328372	0.021595197	0.006014929	0.042593759
Design 2	0.053173127	0.394719897	0.366583541	0.040638112	0.151515152	0.681892333	0.389830508	1	0.761904762	0.333333333	0	0	0.055628794	0.04062511	0.040308614	7.35216E-06	0.072211432	6.59673E-07	0.009095243	0.283609739	0.094417237	0.065745556	0.610169492	0.286764535	0.713235465	0.394719897	0.357330224	0.394719897	0.217543302	0.389830508	0.099959617	0.312448822	0.03837575	0.051957943	0.068021884	0.012342368	0.154547848	0.681892333	0.257188935	0.139802669	0.005216515	0.077473825	0.008472836	0.011173303	0.047917901	0.030858041	0.001833226	0.156404629	0.063296648	0.036027011	0.045608059	0.069434962	7.27989E-05	3.66241E-05	9.77502E-08	0.003704853	0.135527119	0.120786903	0.000292383	0.272346868	0.113743158	0.091155363	0.135471503	0.625198141	0.013444773	0.000265682	7.31096E-05	0.051391009	0.087466384	0.213336039	1.23261E-05	0.006133964	0.000388927	0.000301784	0.030373872	0.011530385	0.078624541	0.404039914
Design 2	0.053173127	0.394719897	0.19201995	0.027322237	0.151515152	0.143556281	0.389830508	1	0.761904762	0.333333333	0	0	0.039714988	0.027313241	0.027100453	4.86454E-05	0.169045047	2.23026E-06	0.009095243	0.283609739	0.13274574	0.063341586	0.610169492	0.247030905	0.752969095	0.394719897	0.357330224	0.394719897	0.217543302	0.389830508	0.099959617	0.312448822	0.036976556	0.05006124	0.068021884	0.011891951	0.154547848	0.143556281	0.257188935	0.062166331	0.005871075	0.040631258	0.003566204	0.005348454	0.047917901	0.04579824	0.005462467	0.31682365	0.123466068	0.019416784	0.024651697	0.060515165	0.00011137	5.73597E-05	1.53094E-07	0.003710665	0.068147864	0.072474826	0.000651705	0.155755445	0.056991463	0.044457965	0.068087913	0.597974451	0.013444773	0.000764859	0.000354807	0.073027835	0.145165961	0.250456811	3.80211E-05	0.013761803	0.000879872	0.000737004	0.060801025	0.023011673	0.120294349	0.116247571
Design 2	0.053173127	0.394719897	0.067331671	0.135917725	0.151515152	0.143556281	0.389830508	1	0.761904762	0.333333333	0	0	0.169497483	0.135876055	0.134817494	0.000923045	0.524622436	4.14463E-06	0.009095243	0.283609739	0.152282181	0.082946775	0.610169492	0.504026007	0.495973993	0.394719897	0.357330224	0.394719897	0.217543302	0.389830508	0.099959617	0.312448822	0.048387455	0.065529493	0.068021884	0.015565257	0.154547848	0.143556281	0.257188935	0.062166331	0.017017376	0.014315139	0.0008996	0.001960961	0.047917901	0.008511252	0.002935834	0.31682365	0.161747507	0.007259465	0.008612158	0.01630898	0.000211504	0.000129675	3.46104E-07	0.011736912	0.063490603	0.055143422	0.000727698	0.216000437	0.056824763	0.040109692	0.063430352	0.504126853	0.013444773	0.000144598	0.000161248	0.043010097	0.061510992	0.228365348	8.40877E-06	0.004289777	0.000799506	0.000486426	0.041352794	0.01929632	0.0451524	0.228210313
Design 2	0.053173127	0.394719897	0.142144638	0.056798155	0.151515152	0.143556281	0.389830508	1	0.761904762	0.333333333	0	0	0.074941665	0.056780291	0.056337936	0.000115352	0.196109441	2.21295E-06	0.009095243	0.283609739	0.138315829	0.068662995	0.610169492	0.331258094	0.668741906	0.394719897	0.357330224	0.394719897	0.217543302	0.389830508	0.099959617	0.312448822	0.0400738	0.054259766	0.068021884	0.012888991	0.154547848	0.143556281	0.257188935	0.062166331	0.008100335	0.030104811	0.003049638	0.004322116	0.047917901	0.021913261	0.003508681	0.31682365	0.133856744	0.017363387	0.02198059	0.041211961	0.000120003	6.24855E-05	1.66775E-07	0.006070297	0.08102046	0.070406335	0.000542998	0.197115962	0.067968971	0.052615326	0.080961337	0.590497087	0.013444773	0.000305495	0.000189071	0.057625618	0.097937451	0.23444815	1.5548E-05	0.007529216	0.000694737	0.000517641	0.046297081	0.018269359	0.077455901	0.246497934
Design 2	0.077340151	0.394719897	0.49127182	0.056798155	0.151515152	0.143556281	0.389830508	1	0.761904762	0.333333333	0	0	0.074941665	0.056780291	0.056337936	3.08293E-06	0.004867315	2.16931E-07	0.009095243	0.384870894	0.213999107	0.121793651	0.610169492	0.331258094	0.668741906	0.394719897	0.357330224	0.394719897	0.217543302	0.389830508	0.099959617	0.422027601	0.094500876	0.054259766	0.068021884	0.030409725	0.154547848	0.143556281	0.188292036	0.040493772	0.001342025	0.103789944	0.112951753	0.063953568	0.085570718	0.03985954	0.001749312	0.422229515	0.178362127	0.229144627	0.250512699	0.273569824	1.5203E-05	1.03603E-05	2.76517E-08	0.005410208	0.277029671	0.136826917	0.000138914	0.377853723	0.269330174	0.21993634	0.276983158	0.64457258	0.031723393	0.000234724	6.71644E-05	0.043302589	0.103997627	0.271581528	8.55025E-06	0.00679272	0.000175888	0.000209058	0.029429695	0.006708012	0.088089588	0.446431402
Design 2	0.099887853	0.394719897	0.49127182	0.056798155	0.151515152	0.143556281	0.389830508	1	0.761904762	0.333333333	0	0	0.074941665	0.056780291	0.056337936	3.08293E-06	0.004867315	3.48684E-07	0.009095243	0.479346999	0.293747435	0.184972021	0.610169492	0.331258094	0.668741906	0.394719897	0.357330224	0.394719897	0.217543302	0.389830508	0.099959617	0.524264004	0.176731632	0.054259766	0.068021884	0.056880799	0.154547848	0.143556281	0.149094264	0.027367958	0.001029283	0.103789944	0.112951753	0.078794117	0.130344184	0.0611997	0.002783082	0.52057261	0.219885406	0.229144627	0.250512699	0.3370676	1.5203E-05	1.03603E-05	2.76517E-08	0.005410208	0.277029671	0.136826917	0.000182761	0.377853723	0.269330174	0.21993634	0.276983158	0.64457258	0.059339516	0.000452211	0.000128724	0.05868417	0.135840157	0.344785089	1.64431E-05	0.010830909	0.00023687	0.000309657	0.039960598	0.009128842	0.118404887	0.340788235
Design 2	0.099887853	0.394719897	0.49127182	0.040638112	0.151515152	0.42903752	0.389830508	1	0.761904762	0.333333333	0	0	0.055628794	0.04062511	0.040308614	3.08293E-06	0.017358211	7.3319E-07	0.009095243	0.479346999	0.231125732	0.177126234	0.610169492	0.286764535	0.713235465	0.394719897	0.357330224	0.394719897	0.217543302	0.389830508	0.099959617	0.524264004	0.169242995	0.051957943	0.068021884	0.054470116	0.154547848	0.42903752	0.149094264	0.056916292	0.001733316	0.103789944	0.03446593	0.042679073	0.130344184	0.085254648	0.003948363	0.337817866	0.136648854	0.098150242	0.117064214	0.219067248	3.39765E-05	1.86225E-05	4.97037E-08	0.003909339	0.199160555	0.136041187	0.000304481	0.317845868	0.177454059	0.144410321	0.199109032	0.640951292	0.059339516	0.000871263	0.000212737	0.080011004	0.158747202	0.362042893	3.52479E-05	0.015382818	0.000413389	0.000478997	0.049840465	0.014150642	0.146846047	0.283464653
Design 2	0.053173127	0.394719897	0.142144638	0.056798155	0.151515152	0.143556281	0.491525424	1	0.761904762	0.333333333	0	0	0.09232325	0.056780291	0.056337936	0.000144198	0.196109441	2.21295E-06	0.018323719	0.283609739	0.140984848	0.07128869	0.508474576	0.401217817	0.598782183	0.394719897	0.357330224	0.394719897	0.217543302	0.491525424	0.073043801	0.312448822	0.041602045	0.056331407	0.068021884	0.013380952	0.221317371	0.143556281	0.257188935	0.062166331	0.008100335	0.030104811	0.003049638	0.004322116	0.047917901	0.021913261	0.003508681	0.31682365	0.138983723	0.017363387	0.020537578	0.041211961	0.000120003	7.30918E-05	1.95083E-07	0.007510719	0.075701111	0.063358653	0.000604192	0.197115962	0.067968971	0.047689843	0.075641645	0.498861038	0.013444773	0.000267827	0.000166444	0.057625618	0.093613906	0.23444815	1.36608E-05	0.007529216	0.000676092	0.000517641	0.046297081	0.018269359	0.073401877	0.231845467
Design 2	0.053173127	0.394719897	0.057356608	0.2018507	0.151515152	0.143556281	0.389830508	1	0.761904762	0.333333333	0	0	0.248293998	0.201789193	0.200217126	0.001417985	0.536386123	3.52968E-06	0.009095243	0.283609739	0.163025648	0.094849925	0.610169492	0.608328837	0.391671163	0.394719897	0.357330224	0.394719897	0.217543302	0.389830508	0.099959617	0.312448822	0.0553155	0.074920932	0.068021884	0.017795479	0.154547848	0.143556281	0.257188935	0.062166331	0.019761081	0.01220985	0.000866827	0.002024502	0.047917901	0.005314208	0.002234118	0.31682365	0.18498981	0.007069553	0.008359826	0.013462812	0.000215105	0.000132843	3.5456E-07	0.015351667	0.071113281	0.054690139	0.000644395	0.24753628	0.063862301	0.044926411	0.07105352	0.501179428	0.013444773	8.08673E-05	0.000110234	0.031198613	0.045178681	0.219460571	4.8658E-06	0.002865166	0.000683282	0.000388991	0.034642028	0.016635618	0.031278015	0.25550193
Design 2	0.053173127	0.394719897	0.042394015	0.049041335	0.151515152	0.143556281	0.389830508	1	0.761904762	0.333333333	0	0	0.065671487	0.049025804	0.048643861	0.003115352	0.936159175	3.20009E-05	0.009095243	0.283609739	0.136871527	0.067262624	0.610169492	0.310381531	0.689618469	0.394719897	0.357330224	0.394719897	0.217543302	0.389830508	0.099959617	0.312448822	0.039258736	0.053154891	0.068021884	0.012626612	0.154547848	0.143556281	0.257188935	0.062166331	0.025934417	0.009051915	9.78302E-05	0.000439712	0.047917901	0.025491173	0.012752568	0.31682365	0.131122356	0.001487992	0.001275051	0.009466289	0.000568043	0.000684287	1.82637E-06	0.010525729	0.014100636	0.028338105	0.002788212	0.095880773	0.017421859	0.010959012	0.014037207	0.406591574	0.013444773	0.001287581	0.001523879	0.110739295	0.14293661	0.284632901	8.82126E-05	0.017012844	0.002976692	0.001835546	0.09986513	0.054610129	0.112317455	0.013288825
Design 2	0.053173127	0.394719897	0.042394015	0.305016413	0.151515152	0.143556281	0.389830508	1	0.761904762	0.333333333	0	0	0.371587367	0.304923866	0.302548314	0.003115352	0.650443535	3.78325E-06	0.009095243	0.283609739	0.178564785	0.113474854	0.610169492	0.727698442	0.272301558	0.394719897	0.357330224	0.394719897	0.217543302	0.389830508	0.099959617	0.312448822	0.066155854	0.089615771	0.068021884	0.02128512	0.154547848	0.143556281	0.257188935	0.062166331	0.025934417	0.009051915	0.000594818	0.001708221	0.047917901	0.003072611	0.001892463	0.31682365	0.221357178	0.005402126	0.006155135	0.009466289	0.000255072	0.000170921	4.56191E-07	0.021222066	0.068068707	0.050085321	0.000671756	0.268245984	0.063441577	0.043221734	0.068008751	0.473101466	0.013444773	4.88363E-05	9.05182E-05	0.022313216	0.03236551	0.214302217	3.19299E-06	0.001960754	0.000670835	0.000348262	0.031028967	0.015925594	0.020269766	0.223680352
Design 2	0.053173127	0.394719897	0.042394015	0.135917725	0.151515152	0.143556281	0.389830508	1	0.761904762	0.333333333	0	0	0.169497483	0.135876055	0.134817494	0.003115352	0.829682432	1.0528E-05	0.009095243	0.283609739	0.152282181	0.082946775	0.610169492	0.504026007	0.495973993	0.394719897	0.357330224	0.394719897	0.217543302	0.389830508	0.099959617	0.312448822	0.048387455	0.065529493	0.068021884	0.015565257	0.154547848	0.143556281	0.257188935	0.062166331	0.025934417	0.009051915	0.000266505	0.000870236	0.047917901	0.008511252	0.004527075	0.31682365	0.161747507	0.00304433	0.003120536	0.009466289	0.000365191	0.000305653	8.15791E-07	0.014570729	0.03450957	0.040210918	0.001296756	0.17236998	0.03572022	0.02314376	0.034447454	0.430755765	0.013444773	0.000233048	0.000326324	0.054630435	0.069513844	0.243508681	1.4942E-05	0.005612322	0.001322008	0.000752401	0.05423212	0.028353561	0.051297013	0.085097097
Design 2	0.053173127	0.394719897	0.042394015	0.2018507	0.151515152	0.143556281	0.389830508	1	0.761904762	0.333333333	0	0	0.248293998	0.201789193	0.200217126	0.003115352	0.754596339	6.46027E-06	0.009095243	0.283609739	0.163025648	0.094849925	0.610169492	0.608328837	0.391671163	0.394719897	0.357330224	0.394719897	0.217543302	0.389830508	0.099959617	0.312448822	0.0553155	0.074920932	0.068021884	0.017795479	0.154547848	0.143556281	0.257188935	0.062166331	0.025934417	0.009051915	0.000394517	0.001196973	0.047917901	0.005314208	0.002978348	0.31682365	0.18498981	0.004028895	0.004368256	0.009466289	0.000306662	0.000228371	6.09526E-07	0.017305524	0.048307902	0.045039976	0.00094646	0.214428057	0.047296063	0.031294816	0.048246674	0.448235908	0.013444773	0.000113304	0.000175783	0.037194037	0.049402811	0.228848104	7.20865E-06	0.003465789	0.00095258	0.000521306	0.041734296	0.021563128	0.034584928	0.156457966
Design 2	0.053173127	0.394719897	0.037406484	0.305016413	0.151515152	0.143556281	0.389830508	1	0.761904762	0.333333333	0	0	0.371587367	0.304923866	0.302548314	0.004273472	0.732928996	4.82361E-06	0.009095243	0.283609739	0.178564785	0.113474854	0.610169492	0.727698442	0.272301558	0.394719897	0.357330224	0.394719897	0.217543302	0.389830508	0.099959617	0.312448822	0.066155854	0.089615771	0.068021884	0.02128512	0.154547848	0.143556281	0.257188935	0.062166331	0.028906764	0.007999271	0.000433606	0.001383213	0.047917901	0.003072611	0.002130142	0.31682365	0.221357178	0.004310172	0.004730855	0.008215646	0.000293976	0.000213344	5.69418E-07	0.022383443	0.058131941	0.046203118	0.000783206	0.253363664	0.05623498	0.037434824	0.058071345	0.453349029	0.013444773	5.66687E-05	0.000109213	0.024263069	0.03376239	0.217959542	3.76635E-06	0.002137635	0.000767797	0.000393121	0.033570376	0.017723791	0.021384969	0.188279545
Design 2	0.053173127	0.394719897	0.142144638	0.056798155	0.151515152	0.143556281	0.661016949	1	0.761904762	0.333333333	0	0	0.121292556	0.056780291	0.056337936	0.000192275	0.196109441	2.21295E-06	0.503006387	0.283609739	0.145326512	0.075664848	0.338983051	0.507054322	0.492945678	0.394719897	0.357330224	0.394719897	0.217543302	0.661016949	0.041205913	0.312448822	0.044149121	0.059784142	0.068021884	0.014200886	0.37540281	0.143556281	0.257188935	0.062166331	0.008100335	0.030104811	0.003049638	0.004322116	0.047917901	0.021913261	0.003508681	0.31682365	0.147528687	0.017363387	0.018221347	0.041211961	0.000120003	9.56751E-05	2.55358E-07	0.009915043	0.067162836	0.055163346	0.0007267	0.197115962	0.067968971	0.04016129	0.067102821	0.358796209	0.013444773	0.000236817	0.000147816	0.057625618	0.087998567	0.23444815	1.21071E-05	0.007529216	0.000653783	0.000517641	0.046297081	0.018269359	0.068376755	0.183693658
Design 2	0.053173127	0.394719897	0.142144638	0.056798155	0.151515152	0.143556281	0.830508475	1	0.761904762	0.333333333	0	0	0.150261863	0.056780291	0.056337936	0.000240352	0.196109441	2.21295E-06	0.987689056	0.283609739	0.14954464	0.080041006	0.169491525	0.601345026	0.398654974	0.394719897	0.357330224	0.394719897	0.217543302	0.830508475	0.018168424	0.312448822	0.046696197	0.063236877	0.068021884	0.015020821	0.613457935	0.143556281	0.257188935	0.062166331	0.008100335	0.030104811	0.003049638	0.004322116	0.047917901	0.021913261	0.003508681	0.31682365	0.156073651	0.017363387	0.0160194	0.041211961	0.000120003	0.000126848	0.004536074	0.004377303	0.000521499	0.082665989	0.000882424	0.197115962	0.067968971	0.033446955	0.058985306	0.233879491	0.013444773	0.000226833	0.000141819	0.057625618	0.083548549	0.23444815	1.16068E-05	0.007529216	0.000637871	0.000517641	0.046297081	0.018269359	0.064629428	0.136380731
Design 2	0.053173127	0.394719897	0.02244389	0.533066938	0.151515152	0.143556281	0.389830508	1	0.761904762	0.333333333	0	0	0.644130606	0.532905777	0.5287541	0.014423045	0.855802384	5.7888E-06	0.009095243	0.283609739	0.208908562	0.15464575	0.610169492	0.889663656	0.110336344	0.394719897	0.357330224	0.394719897	0.217543302	0.389830508	0.099959617	0.312448822	0.090118741	0.122099101	0.068021884	0.028999063	0.154547848	0.143556281	0.257188935	0.062166331	0.043768499	0.004841336	0.000224071	0.001020305	0.047917901	0.001188376	0.001797253	0.31682365	0.301748201	0.002689607	0.002682266	0.004752837	0.000394373	0.000349251	9.32156E-07	0.038089459	0.049444176	0.038087494	0.000871311	0.274923749	0.052638394	0.033850911	0.049383021	0.424760937	0.013444773	2.7745E-05	8.95258E-05	0.01404837	0.019721536	0.21273761	2.19703E-06	0.001247028	0.00080289	0.000358522	0.029971493	0.017584348	0.009249567	0.117981259
Design 2	0.053173127	0.394719897	0.042394015	0.533066938	0.151515152	0.143556281	0.389830508	1	0.761904762	0.333333333	0	0	0.644130606	0.532905777	0.5287541	0.003115352	0.479210446	1.77516E-06	0.009095243	0.283609739	0.208908562	0.15464575	0.610169492	0.889663656	0.110336344	0.394719897	0.357330224	0.394719897	0.217543302	0.389830508	0.099959617	0.312448822	0.090118741	0.122099101	0.068021884	0.028999063	0.154547848	0.143556281	0.257188935	0.062166331	0.025934417	0.009051915	0.001037589	0.002838346	0.047917901	0.001188376	0.000979693	0.31682365	0.301748201	0.008038512	0.009648583	0.009466289	0.000198179	0.000118315	3.15785E-07	0.028879128	0.106702195	0.056887325	0.00041227	0.36125803	0.094438401	0.067505639	0.106644724	0.515596777	0.013444773	9.50203E-06	3.5347E-05	0.007204363	0.014579007	0.1958201	8.43157E-07	0.000695655	0.000409396	0.000191058	0.019619817	0.010136913	0.005013455	0.264170375
Design 2	0.053173127	0.394719897	0.029925187	0.441148614	0.151515152	0.143556281	0.389830508	1	0.761904762	0.333333333	0	0	0.534278995	0.441015109	0.437579319	0.007384583	0.772855554	4.48017E-06	0.009095243	0.283609739	0.197232172	0.138051358	0.610169492	0.835987674	0.164012326	0.394719897	0.357330224	0.394719897	0.217543302	0.389830508	0.099959617	0.312448822	0.08046023	0.109006331	0.068021884	0.025889871	0.154547848	0.143556281	0.257188935	0.062166331	0.034851458	0.006420303	0.000362408	0.00133932	0.047917901	0.001714208	0.001728108	0.31682365	0.269345697	0.00379184	0.004064483	0.006426225	0.000318508	0.000242948	6.4843E-07	0.029705769	0.059934458	0.043994204	0.00074813	0.280073236	0.059373076	0.039081826	0.059873978	0.443951146	0.013444773	3.17029E-05	8.28046E-05	0.015968932	0.023165831	0.21156124	2.32271E-06	0.00140061	0.000708425	0.000334997	0.029187987	0.016165408	0.01229366	0.170551178
Design 2	0.053173127	0.394719897	0.042394015	0.441148614	0.151515152	0.143556281	0.389830508	1	0.761904762	0.333333333	0	0	0.534278995	0.441015109	0.437579319	0.003115352	0.539208329	2.30319E-06	0.009095243	0.283609739	0.197232172	0.138051358	0.610169492	0.835987674	0.164012326	0.394719897	0.357330224	0.394719897	0.217543302	0.389830508	0.099959617	0.312448822	0.08046023	0.109006331	0.068021884	0.025889871	0.154547848	0.143556281	0.257188935	0.062166331	0.025934417	0.009051915	0.000859125	0.002382836	0.047917901	0.001714208	0.001234419	0.31682365	0.269345697	0.007024626	0.008300158	0.009466289	0.000215979	0.000133619	3.56631E-07	0.025923604	0.091790181	0.054581131	0.000487982	0.326767509	0.082517829	0.058000011	0.091731751	0.500473764	0.013444773	1.89443E-05	4.89635E-05	0.011734696	0.020012657	0.201936422	1.39606E-06	0.001048706	0.000485573	0.000236429	0.023140156	0.011895922	0.009720852	0.259025234
Design 2	0.053173127	0.394719897	0.142144638	0.056798155	0.151515152	0.143556281	0.322033898	1	0.761904762	0.333333333	0	0	0.063353943	0.056780291	0.056337936	9.61214E-05	0.196109441	2.21295E-06	0.006012775	0.283609739	0.136508114	0.066912531	0.677966102	0.281576551	0.718423449	0.394719897	0.357330224	0.394719897	0.217543302	0.322033898	0.123709243	0.312448822	0.03905497	0.052878672	0.068021884	0.012561017	0.117789961	0.143556281	0.257188935	0.062166331	0.008100335	0.030104811	0.003049638	0.004322116	0.047917901	0.021913261	0.003508681	0.31682365	0.130438759	0.017363387	0.022964322	0.041211961	0.000120003	5.63722E-05	1.50458E-07	0.005096374	0.084646772	0.076736247	0.00050644	0.197115962	0.067968971	0.056074701	0.084587882	0.654856983	0.013444773	0.000345913	0.000213351	0.057625618	0.101476431	0.23444815	1.75731E-05	0.007529216	0.00071081	0.000517641	0.046297081	0.018269359	0.08087327	0.247616443
Design 2	0.053173127	0.394719897	0.142144638	0.056798155	0.151515152	0.143556281	0.237288136	1	0.761904762	0.333333333	0	0	0.048869289	0.056780291	0.056337936	7.20829E-05	0.196109441	2.21295E-06	0.003545165	0.283609739	0.13421498	0.064724452	0.762711864	0.215706641	0.784293359	0.394719897	0.357330224	0.394719897	0.217543302	0.237288136	0.164978545	0.312448822	0.037781432	0.051152305	0.068021884	0.01215105	0.078824681	0.143556281	0.257188935	0.062166331	0.008100335	0.030104811	0.003049638	0.004322116	0.047917901	0.021913261	0.003508681	0.31682365	0.126166276	0.017363387	0.024218048	0.041211961	0.000120003	4.96347E-05	1.32476E-07	0.003852588	0.089268356	0.087965451	0.000464904	0.197115962	0.067968971	0.060601283	0.089209763	0.739071681	0.013444773	0.000430349	0.000264072	0.057625618	0.107108597	0.23444815	2.18035E-05	0.007529216	0.000737647	0.000517641	0.046297081	0.018269359	0.086464472	0.232628423
Design 2	0.053173127	0.394719897	0.142144638	0.056798155	0.151515152	0.143556281	0.152542373	1	0.761904762	0.333333333	0	0	0.034384636	0.056780291	0.056337936	4.80445E-05	0.196109441	2.21295E-06	0.001899438	0.283609739	0.13188286	0.062536373	0.847457627	0.145241155	0.854758845	0.394719897	0.357330224	0.394719897	0.217543302	0.152542373	0.232646815	0.312448822	0.036507894	0.049425937	0.068021884	0.011741083	0.046226489	0.143556281	0.257188935	0.062166331	0.008100335	0.030104811	0.003049638	0.004322116	0.047917901	0.021913261	0.003508681	0.31682365	0.121893794	0.017363387	0.025498131	0.041211961	0.000120003	4.37551E-05	1.16783E-07	0.002568918	0.093987102	0.106870607	0.000427455	0.197115962	0.067968971	0.065357536	0.093928813	0.827559302	0.013444773	0.000604527	0.000368702	0.057625618	0.115218038	0.23444815	3.05303E-05	0.007529216	0.00077841	0.000517641	0.046297081	0.018269359	0.094777519	0.188726948
Design 2	0.053173127	0.394719897	0.142144638	0.056798155	0.151515152	0.143556281	0.06779661	1	0.761904762	0.333333333	0	0	0.019899983	0.056780291	0.056337936	2.4006E-05	0.196109441	2.21295E-06	0.000723654	0.283609739	0.129509696	0.060348294	0.93220339	0.069681779	0.930318221	0.394719897	0.357330224	0.394719897	0.217543302	0.06779661	0.3820292	0.312448822	0.035234357	0.04769957	0.068021884	0.011331116	0.018818576	0.143556281	0.257188935	0.062166331	0.008100335	0.030104811	0.003049638	0.004322116	0.047917901	0.021913261	0.003508681	0.31682365	0.117621312	0.017363387	0.026804186	0.041211961	0.000120003	3.86032E-05	1.03032E-07	0.001234819	0.098801585	0.149873195	0.000393598	0.197115962	0.067968971	0.070348608	0.098743605	0.920415626	0.013444773	0.001136386	0.000688192	0.057625618	0.129765129	0.23444815	5.71777E-05	0.007529216	0.000855644	0.000517641	0.046297081	0.018269359	0.110248083	0.11121428
Design 2	0.40509915	0.051835158	0.082294264	0.061840088	0.151515152	0.42903752	0.220338983	1	0.761904762	0.333333333	0	0	0.049487301	0.061820707	0.061339084	0.000311577	0.808047666	1.60811E-05	0.003165424	0.474290412	0.343079941	0.108971637	0.779661017	0.211265373	0.788734627	0.051835158	0.046925095	0.051835158	0.217543302	0.220338983	0.175651466	0.410378456	0.004080428	0.000502669	0.000672352	0.119037578	0.071837533	0.42903752	0.02776204	0.037607094	0.010794135	0.083634385	0.000302375	0.006194041	0.367164064	0.160083682	0.009425185	0.058123858	0.023218332	0.003331701	0.003946266	0.028961891	0.000345267	0.000213836	5.7073E-07	0.003442893	0.037298811	0.07481964	0.001422315	0.154974083	0.03340576	0.027441421	0.037236875	0.649899004	0.131531437	0.007692877	0.001283433	0.221616255	0.200303089	0.512054741	0.000474176	0.033330671	0.002089941	0.001588316	0.083948495	0.046443807	0.248571083	0.037896021
Design 2	0.192634561	0.051835158	0.082294264	0.153758412	0.151515152	0.42903752	0.457627119	1	0.761904762	0.333333333	0	0	0.221719487	0.153711375	0.152513865	0.000623187	0.58490734	1.4052E-06	0.014226222	0.226006467	0.141798505	0.038023878	0.542372881	0.593487467	0.406512533	0.051835158	0.046925095	0.051835158	0.217543302	0.457627119	0.08113481	0.195907193	0.000714038	0.000729173	0.000672352	0.020825718	0.197313863	0.42903752	0.075354108	0.097410803	0.018710323	0.083634385	0.000742113	0.005887756	0.091133974	0.015102194	0.000738669	0.028270028	0.016080402	0.006327058	0.007018853	0.014442814	0.000230813	0.000163572	4.36576E-07	0.013580962	0.066340906	0.05982641	0.000449188	0.255099498	0.063506066	0.040486515	0.066280839	0.417768208	0.016429572	0.000129024	2.33628E-05	0.050165554	0.031641972	0.202686508	7.67829E-06	0.002493798	0.000416494	0.000211921	0.015932991	0.01141468	0.040958179	0.327073568
Design 2	0.235127479	0.051835158	0.082294264	0.153758412	0.151515152	0.42903752	0.457627119	1	0.761904762	0.333333333	0	0	0.221719487	0.153711375	0.152513865	0.000623187	0.58490734	2.03997E-06	0.014226222	0.275663256	0.18733673	0.05483735	0.542372881	0.593487467	0.406512533	0.051835158	0.046925095	0.051835158	0.217543302	0.457627119	0.08113481	0.238801445	0.001233996	0.000729173	0.000672352	0.035995075	0.197313863	0.42903752	0.059490085	0.078557267	0.016214689	0.083634385	0.000742113	0.007065776	0.131618387	0.022338153	0.001172209	0.034240794	0.019413288	0.006327058	0.007018853	0.017346629	0.000230813	0.000163572	4.36576E-07	0.013580962	0.066340906	0.05982641	0.000549035	0.255099498	0.063506066	0.040486515	0.066280839	0.417768208	0.028400166	0.000234031	4.29777E-05	0.064795649	0.04461616	0.252002212	1.36469E-05	0.004032852	0.000517175	0.000298938	0.022310316	0.014335575	0.057660885	0.247777169
Design 2	0.277620397	0.051835158	0.082294264	0.153758412	0.151515152	0.42903752	0.457627119	1	0.761904762	0.333333333	0	0	0.221719487	0.153711375	0.152513865	0.000623187	0.58490734	2.79015E-06	0.014226222	0.325320045	0.236846858	0.074707818	0.542372881	0.593487467	0.406512533	0.051835158	0.046925095	0.051835158	0.217543302	0.457627119	0.08113481	0.281695698	0.00195965	0.000729173	0.000672352	0.057165495	0.197313863	0.42903752	0.04815864	0.06450955	0.0143552	0.083634385	0.000742113	0.008243795	0.179463603	0.03088974	0.001684575	0.04021156	0.022746173	0.006327058	0.007018853	0.020250445	0.000230813	0.000163572	4.36576E-07	0.013580962	0.066340906	0.05982641	0.000648882	0.255099498	0.063506066	0.040486515	0.066280839	0.417768208	0.04510638	0.000380578	7.03524E-05	0.079425743	0.057590349	0.301317915	2.19768E-05	0.005851734	0.000617857	0.000392837	0.028687641	0.017204109	0.07436359	0.178324967
Design 2	0.320113314	0.051835158	0.082294264	0.153758412	0.151515152	0.42903752	0.457627119	1	0.761904762	0.333333333	0	0	0.221719487	0.153711375	0.152513865	0.000623187	0.58490734	3.65575E-06	0.014226222	0.374976834	0.290032536	0.097635281	0.542372881	0.593487467	0.406512533	0.051835158	0.046925095	0.051835158	0.217543302	0.457627119	0.08113481	0.324589951	0.002925285	0.000729173	0.000672352	0.085337157	0.197313863	0.42903752	0.039660057	0.053586817	0.012909363	0.083634385	0.000742113	0.009421815	0.234669621	0.040756956	0.002275766	0.046182326	0.026079059	0.006327058	0.007018853	0.02315426	0.000230813	0.000163572	4.36576E-07	0.013580962	0.066340906	0.05982641	0.000748729	0.255099498	0.063506066	0.040486515	0.066280839	0.417768208	0.067337483	0.00057559	0.00010678	0.094055838	0.070564537	0.350633618	3.30614E-05	0.007950444	0.000718538	0.000493058	0.035064966	0.020028568	0.091066296	0.120617117
Design 2	0.362606232	0.051835158	0.082294264	0.153758412	0.151515152	0.42903752	0.457627119	1	0.761904762	0.333333333	0	0	0.221719487	0.153711375	0.152513865	0.000623187	0.58490734	4.63676E-06	0.014226222	0.424633623	0.34665534	0.123619738	0.542372881	0.593487467	0.406512533	0.051835158	0.046925095	0.051835158	0.217543302	0.457627119	0.08113481	0.367484203	0.004165183	0.000729173	0.000672352	0.121510238	0.197313863	0.42903752	0.033050047	0.044819611	0.011748852	0.083634385	0.000742113	0.010599835	0.297236441	0.051939801	0.002945782	0.052153092	0.029411945	0.006327058	0.007018853	0.026058075	0.000230813	0.000163572	4.36576E-07	0.013580962	0.066340906	0.05982641	0.000848575	0.255099498	0.063506066	0.040486515	0.066280839	0.417768208	0.095882745	0.00082599	0.000153554	0.108685932	0.083538725	0.399949322	4.72942E-05	0.010328982	0.00081922	0.000599158	0.041442291	0.022815049	0.107769001	0.082481108
Design 2	0.40509915	0.051835158	0.082294264	0.153758412	0.151515152	0.42903752	0.457627119	1	0.761904762	0.333333333	0	0	0.221719487	0.153711375	0.152513865	0.000623187	0.58490734	5.73317E-06	0.014226222	0.474290412	0.406518029	0.152661191	0.542372881	0.593487467	0.406512533	0.051835158	0.046925095	0.051835158	0.217543302	0.457627119	0.08113481	0.410378456	0.005713628	0.000729173	0.000672352	0.166684916	0.197313863	0.42903752	0.02776204	0.037607094	0.010794135	0.083634385	0.000742113	0.011777855	0.367164064	0.064438275	0.003694624	0.058123858	0.03274483	0.006327058	0.007018853	0.028961891	0.000230813	0.000163572	4.36576E-07	0.013580962	0.066340906	0.05982641	0.000948422	0.255099498	0.063506066	0.040486515	0.066280839	0.417768208	0.131531437	0.001138702	0.000211968	0.123316027	0.096512914	0.449265025	6.50689E-05	0.012987348	0.000919901	0.000710768	0.047819616	0.02556822	0.124471707	0.065692994
Design 2	0.490084986	0.051835158	0.082294264	0.153758412	0.151515152	0.42903752	0.457627119	1	0.761904762	0.333333333	0	0	0.221719487	0.153711375	0.152513865	0.000623187	0.58490734	8.27225E-06	0.014226222	0.57360399	0.535319582	0.219915081	0.542372881	0.593487467	0.406512533	0.051835158	0.046925095	0.051835158	0.217543302	0.457627119	0.08113481	0.496166961	0.009873286	0.000729173	0.000672352	0.288039768	0.197313863	0.42903752	0.019830028	0.026396714	0.009310222	0.083634385	0.000742113	0.014133895	0.529101717	0.093382108	0.005428783	0.07006539	0.039410601	0.006327058	0.007018853	0.034769522	0.000230813	0.000163572	4.36576E-07	0.013580962	0.066340906	0.05982641	0.001148116	0.255099498	0.063506066	0.040486515	0.066280839	0.417768208	0.227296189	0.001978753	0.000368887	0.152576216	0.12246129	0.547896432	0.000112818	0.019143564	0.001121264	0.000949331	0.060574266	0.030988662	0.157877118	0.052027431
Design 2	0.575070822	0.051835158	0.082294264	0.153758412	0.151515152	0.42903752	0.457627119	1	0.761904762	0.333333333	0	0	0.221719487	0.153711375	0.152513865	0.000623187	0.58490734	1.1273E-05	0.014226222	0.672917568	0.675355369	0.299396951	0.542372881	0.593487467	0.406512533	0.051835158	0.046925095	0.051835158	0.217543302	0.457627119	0.08113481	0.581955466	0.015678524	0.000729173	0.000672352	0.457403134	0.197313863	0.42903752	0.014164306	0.018043892	0.008204563	0.083634385	0.000742113	0.016489934	0.720482579	0.127588458	0.007478245	0.082006922	0.046076373	0.006327058	0.007018853	0.040577152	0.000230813	0.000163572	4.36576E-07	0.013580962	0.066340906	0.05982641	0.00134781	0.255099498	0.063506066	0.040486515	0.066280839	0.417768208	0.360945897	0.003151133	0.000587884	0.181836405	0.148409667	0.646527839	0.000179457	0.026419092	0.001322627	0.00120676	0.073328916	0.036311936	0.191282529	0.048636547
Design 2	0.235127479	0.051835158	0.082294264	0.250718669	0.151515152	0.42903752	0.457627119	1	0.761904762	0.333333333	0	0	0.356909585	0.250642459	0.248689794	0.000623187	0.431817865	1.08733E-06	0.014226222	0.275663256	0.207607051	0.067182907	0.542372881	0.729698864	0.270301136	0.051835158	0.046925095	0.051835158	0.217543302	0.457627119	0.08113481	0.238801445	0.001510896	0.000906963	0.000672352	0.04407343	0.197313863	0.42903752	0.059490085	0.078557267	0.016214689	0.083634385	0.001205973	0.010599835	0.131618387	0.013229953	0.000626495	0.034240794	0.023899865	0.008950132	0.010355033	0.017346629	0.000184992	0.000119488	3.18914E-07	0.017631807	0.09787448	0.067135453	0.000352522	0.3311689	0.089865309	0.060271482	0.097816441	0.459772769	0.028400166	9.24198E-05	1.77832E-05	0.04047878	0.026125793	0.233432057	5.33813E-06	0.002095581	0.000329024	0.000174384	0.014063078	0.009573887	0.036060733	0.395158513
Design 2	0.277620397	0.051835158	0.082294264	0.250718669	0.151515152	0.42903752	0.457627119	1	0.761904762	0.333333333	0	0	0.356909585	0.250642459	0.248689794	0.000623187	0.431817865	1.4935E-06	0.014226222	0.325320045	0.262390381	0.091511492	0.542372881	0.729698864	0.270301136	0.051835158	0.046925095	0.051835158	0.217543302	0.457627119	0.08113481	0.281695698	0.002399358	0.000906963	0.000672352	0.069993625	0.197313863	0.42903752	0.04815864	0.06450955	0.0143552	0.083634385	0.001205973	0.012366865	0.179463603	0.018492469	0.000941797	0.04021156	0.027980513	0.008950132	0.010355033	0.020250445	0.000184992	0.000119488	3.18914E-07	0.017631807	0.09787448	0.067135453	0.000419616	0.3311689	0.089865309	0.060271482	0.097816441	0.459772769	0.04510638	0.000155705	3.03444E-05	0.051056063	0.036018253	0.279652734	8.78271E-06	0.003214893	0.000398346	0.000236965	0.019065863	0.011740527	0.049163413	0.294886577
Design 2	0.320113314	0.051835158	0.082294264	0.250718669	0.151515152	0.42903752	0.457627119	1	0.761904762	0.333333333	0	0	0.356909585	0.250642459	0.248689794	0.000623187	0.431817865	1.96216E-06	0.014226222	0.374976834	0.321240736	0.119582937	0.542372881	0.729698864	0.270301136	0.051835158	0.046925095	0.051835158	0.217543302	0.457627119	0.08113481	0.324589951	0.003581642	0.000906963	0.000672352	0.104485852	0.197313863	0.42903752	0.039660057	0.053586817	0.012909363	0.083634385	0.001205973	0.014133895	0.234669621	0.024564602	0.001305606	0.046182326	0.032061161	0.008950132	0.010355033	0.02315426	0.000184992	0.000119488	3.18914E-07	0.017631807	0.09787448	0.067135453	0.000486711	0.3311689	0.089865309	0.060271482	0.097816441	0.459772769	0.067337483	0.00023992	4.70597E-05	0.061633346	0.045910713	0.325873412	1.33664E-05	0.004506407	0.000467669	0.000303761	0.024068649	0.013873877	0.062266093	0.222459994
Design 2	0.362606232	0.051835158	0.082294264	0.250718669	0.151515152	0.42903752	0.457627119	1	0.761904762	0.333333333	0	0	0.356909585	0.250642459	0.248689794	0.000623187	0.431817865	2.49331E-06	0.014226222	0.424633623	0.383894296	0.151397241	0.542372881	0.729698864	0.270301136	0.051835158	0.046925095	0.051835158	0.217543302	0.457627119	0.08113481	0.367484203	0.005099722	0.000906963	0.000672352	0.148774689	0.197313863	0.42903752	0.033050047	0.044819611	0.011748852	0.083634385	0.001205973	0.015900924	0.297236441	0.031446352	0.001717924	0.052153092	0.03614181	0.008950132	0.010355033	0.026058075	0.000184992	0.000119488	3.18914E-07	0.017631807	0.09787448	0.067135453	0.000553805	0.3311689	0.089865309	0.060271482	0.097816441	0.459772769	0.095882745	0.000348053	6.85225E-05	0.072210629	0.055803174	0.372094089	1.92521E-05	0.005970123	0.000536992	0.000374474	0.029071434	0.015978541	0.075368773	0.160559932
Design 2	0.40509915	0.051835158	0.082294264	0.250718669	0.151515152	0.42903752	0.457627119	1	0.761904762	0.333333333	0	0	0.356909585	0.250642459	0.248689794	0.000623187	0.431817865	3.08694E-06	0.014226222	0.474290412	0.450132814	0.186954404	0.542372881	0.729698864	0.270301136	0.051835158	0.046925095	0.051835158	0.217543302	0.457627119	0.08113481	0.410378456	0.006995574	0.000906963	0.000672352	0.20408471	0.197313863	0.42903752	0.02776204	0.037607094	0.010794135	0.083634385	0.001205973	0.017667954	0.367164064	0.039137721	0.00217875	0.058123858	0.040222458	0.008950132	0.010355033	0.028961891	0.000184992	0.000119488	3.18914E-07	0.017631807	0.09787448	0.067135453	0.0006209	0.3311689	0.089865309	0.060271482	0.097816441	0.459772769	0.131531437	0.000483096	9.53264E-05	0.082787912	0.065695634	0.418314767	2.66023E-05	0.00760604	0.000606315	0.00044886	0.034074219	0.018058046	0.088471454	0.117817171
Design 2	0.447592068	0.051835158	0.082294264	0.250718669	0.151515152	0.42903752	0.457627119	1	0.761904762	0.333333333	0	0	0.356909585	0.250642459	0.248689794	0.000623187	0.431817865	3.74307E-06	0.014226222	0.523947201	0.519771818	0.226254426	0.542372881	0.729698864	0.270301136	0.051835158	0.046925095	0.051835158	0.217543302	0.457627119	0.08113481	0.453272708	0.009311171	0.000906963	0.000672352	0.271640493	0.197313863	0.42903752	0.023435488	0.031555825	0.009993131	0.083634385	0.001205973	0.019434984	0.444452489	0.047638707	0.002688083	0.064094624	0.044303107	0.008950132	0.010355033	0.031865706	0.000184992	0.000119488	3.18914E-07	0.017631807	0.09787448	0.067135453	0.000687994	0.3311689	0.089865309	0.060271482	0.097816441	0.459772769	0.175072828	0.000648037	0.000128065	0.093365195	0.075588095	0.464535444	3.55799E-05	0.00941416	0.000675638	0.000526713	0.039077005	0.020115174	0.101574134	0.092167971
Design 2	0.490084986	0.051835158	0.082294264	0.250718669	0.151515152	0.42903752	0.457627119	1	0.761904762	0.333333333	0	0	0.356909585	0.250642459	0.248689794	0.000623187	0.431817865	4.46168E-06	0.014226222	0.57360399	0.592652706	0.269297308	0.542372881	0.729698864	0.270301136	0.051835158	0.046925095	0.051835158	0.217543302	0.457627119	0.08113481	0.496166961	0.012088489	0.000906963	0.000672352	0.352666613	0.197313863	0.42903752	0.019830028	0.026396714	0.009310222	0.083634385	0.001205973	0.021202014	0.529101717	0.056949311	0.003245925	0.07006539	0.048383755	0.008950132	0.010355033	0.034769522	0.000184992	0.000119488	3.18914E-07	0.017631807	0.09787448	0.067135453	0.000755089	0.3311689	0.089865309	0.060271482	0.097816441	0.459772769	0.227296189	0.000845866	0.000167331	0.103942478	0.085480555	0.510756122	4.63477E-05	0.011394481	0.00074496	0.000607858	0.04407979	0.022152174	0.114676814	0.076722735
Design 2	0.532577904	0.051835158	0.082294264	0.250718669	0.151515152	0.42903752	0.457627119	1	0.761904762	0.333333333	0	0	0.356909585	0.250642459	0.248689794	0.000623187	0.431817865	5.24278E-06	0.014226222	0.623260779	0.668637204	0.316083049	0.542372881	0.729698864	0.270301136	0.051835158	0.046925095	0.051835158	0.217543302	0.457627119	0.08113481	0.539061213	0.015369502	0.000906963	0.000672352	0.448387646	0.197313863	0.42903752	0.016779255	0.021939103	0.008720171	0.083634385	0.001205973	0.022969043	0.621111747	0.067069532	0.003852275	0.076036156	0.052464403	0.008950132	0.010355033	0.037673337	0.000184992	0.000119488	3.18914E-07	0.017631807	0.09787448	0.067135453	0.000822184	0.3311689	0.089865309	0.060271482	0.097816441	0.459772769	0.288990788	0.001079574	0.000213718	0.114519761	0.095373015	0.556976799	5.90682E-05	0.013547004	0.000814283	0.000692141	0.049082575	0.024170902	0.127779494	0.066266188
Design 2	0.575070822	0.051835158	0.082294264	0.250718669	0.151515152	0.42903752	0.457627119	1	0.761904762	0.333333333	0	0	0.356909585	0.250642459	0.248689794	0.000623187	0.431817865	6.08636E-06	0.014226222	0.672917568	0.747603362	0.366611649	0.542372881	0.729698864	0.270301136	0.051835158	0.046925095	0.051835158	0.217543302	0.457627119	0.08113481	0.581955466	0.019196184	0.000906963	0.000672352	0.560028169	0.197313863	0.42903752	0.014164306	0.018043892	0.008204563	0.083634385	0.001205973	0.024736073	0.720482579	0.077999372	0.004507132	0.082006922	0.056545052	0.008950132	0.010355033	0.040577152	0.000184992	0.000119488	3.18914E-07	0.017631807	0.09787448	0.067135453	0.000889278	0.3311689	0.089865309	0.060271482	0.097816441	0.459772769	0.360945897	0.00135215	0.00026782	0.125097044	0.105265476	0.603197477	7.39043E-05	0.015871729	0.000883606	0.000779429	0.054085361	0.02617291	0.140882175	0.062250527
Design 2	0.277620397	0.051835158	0.082294264	0.347678927	0.151515152	0.42903752	0.457627119	1	0.761904762	0.333333333	0	0	0.492099684	0.347573544	0.344865723	0.000623187	0.335449927	9.61289E-07	0.014226222	0.325320045	0.285682368	0.108315167	0.542372881	0.82372089	0.17627911	0.051835158	0.046925095	0.051835158	0.217543302	0.457627119	0.08113481	0.281695698	0.002839065	0.001084754	0.000672352	0.082821754	0.197313863	0.42903752	0.04815864	0.06450955	0.0143552	0.083634385	0.001669832	0.016489934	0.179463603	0.01298257	0.000611673	0.04021156	0.033214853	0.011292442	0.013341007	0.020250445	0.000159204	9.7947E-05	2.61422E-07	0.021257427	0.126097911	0.072070018	0.000310503	0.393530892	0.113403161	0.078524837	0.126041687	0.487328397	0.04510638	8.23426E-05	1.65869E-05	0.035834561	0.024389565	0.265897643	4.63756E-06	0.002042964	0.000291776	0.000162797	0.013807216	0.008848757	0.035390611	0.331306396
Design 2	0.320113314	0.051835158	0.082294264	0.347678927	0.151515152	0.42903752	0.457627119	1	0.761904762	0.333333333	0	0	0.492099684	0.347573544	0.344865723	0.000623187	0.335449927	1.26703E-06	0.014226222	0.374976834	0.349698086	0.141530593	0.542372881	0.82372089	0.17627911	0.051835158	0.046925095	0.051835158	0.217543302	0.457627119	0.08113481	0.324589951	0.004237998	0.001084754	0.000672352	0.123634547	0.197313863	0.42903752	0.039660057	0.053586817	0.012909363	0.083634385	0.001669832	0.018845974	0.234669621	0.017367999	0.000874424	0.046182326	0.038043264	0.011292442	0.013341007	0.02315426	0.000159204	9.7947E-05	2.61422E-07	0.021257427	0.126097911	0.072070018	0.00036201	0.393530892	0.113403161	0.078524837	0.126041687	0.487328397	0.067337483	0.00013041	2.65238E-05	0.044237343	0.032620784	0.310153307	7.17894E-06	0.002975724	0.000345874	0.000213688	0.018058766	0.010616315	0.046525748	0.282619735
Design 2	0.362606232	0.051835158	0.082294264	0.347678927	0.151515152	0.42903752	0.457627119	1	0.761904762	0.333333333	0	0	0.492099684	0.347573544	0.344865723	0.000623187	0.335449927	1.61353E-06	0.014226222	0.424633623	0.417850822	0.179174744	0.542372881	0.82372089	0.17627911	0.051835158	0.046925095	0.051835158	0.217543302	0.457627119	0.08113481	0.367484203	0.006034261	0.001084754	0.000672352	0.176039139	0.197313863	0.42903752	0.033050047	0.044819611	0.011748852	0.083634385	0.001669832	0.021202014	0.297236441	0.022338153	0.001172209	0.052153092	0.042871675	0.011292442	0.013341007	0.026058075	0.000159204	9.7947E-05	2.61422E-07	0.021257427	0.126097911	0.072070018	0.000413517	0.393530892	0.113403161	0.078524837	0.126041687	0.487328397	0.095882745	0.000192131	3.92829E-05	0.052640126	0.040852003	0.354408971	1.04421E-05	0.004032852	0.000399972	0.000267563	0.022310316	0.012360107	0.057660885	0.228142912
Design 2	0.40509915	0.051835158	0.082294264	0.347678927	0.151515152	0.42903752	0.457627119	1	0.761904762	0.333333333	0	0	0.492099684	0.347573544	0.344865723	0.000623187	0.335449927	2.0008E-06	0.014226222	0.474290412	0.48990317	0.221247617	0.542372881	0.82372089	0.17627911	0.051835158	0.046925095	0.051835158	0.217543302	0.457627119	0.08113481	0.410378456	0.00827752	0.001084754	0.000672352	0.241484504	0.197313863	0.42903752	0.02776204	0.037607094	0.010794135	0.083634385	0.001669832	0.023558053	0.367164064	0.02789303	0.001505028	0.058123858	0.047700086	0.011292442	0.013341007	0.028961891	0.000159204	9.7947E-05	2.61422E-07	0.021257427	0.126097911	0.072070018	0.000465024	0.393530892	0.113403161	0.078524837	0.126041687	0.487328397	0.131531437	0.00026921	5.52171E-05	0.061042909	0.049083222	0.398664636	1.45173E-05	0.005214348	0.000454071	0.000324236	0.026561866	0.014083053	0.068796022	0.175063054
Design 2	0.447592068	0.051835158	0.082294264	0.347678927	0.151515152	0.42903752	0.457627119	1	0.761904762	0.333333333	0	0	0.492099684	0.347573544	0.344865723	0.000623187	0.335449927	2.42883E-06	0.014226222	0.523947201	0.56565447	0.267749214	0.542372881	0.82372089	0.17627911	0.051835158	0.046925095	0.051835158	0.217543302	0.457627119	0.08113481	0.453272708	0.011017441	0.001084754	0.000672352	0.321419619	0.197313863	0.42903752	0.023435488	0.031555825	0.009993131	0.083634385	0.001669832	0.025914093	0.444452489	0.034032631	0.00187288	0.064094624	0.052528497	0.011292442	0.013341007	0.031865706	0.000159204	9.7947E-05	2.61422E-07	0.021257427	0.126097911	0.072070018	0.00051653	0.393530892	0.113403161	0.078524837	0.126041687	0.487328397	0.175072828	0.000363355	7.46792E-05	0.069445692	0.057314441	0.4429203	1.94948E-05	0.006520212	0.000508169	0.000383551	0.030813416	0.015787459	0.079931159	0.123898269
Design 2	0.490084986	0.051835158	0.082294264	0.347678927	0.151515152	0.42903752	0.457627119	1	0.761904762	0.333333333	0	0	0.492099684	0.347573544	0.344865723	0.000623187	0.335449927	2.89763E-06	0.014226222	0.57360399	0.644932197	0.318679535	0.542372881	0.82372089	0.17627911	0.051835158	0.046925095	0.051835158	0.217543302	0.457627119	0.08113481	0.496166961	0.014303692	0.001084754	0.000672352	0.417293457	0.197313863	0.42903752	0.019830028	0.026396714	0.009310222	0.083634385	0.001669832	0.028270133	0.529101717	0.040756956	0.002275766	0.07006539	0.057356909	0.011292442	0.013341007	0.034769522	0.000159204	9.7947E-05	2.61422E-07	0.021257427	0.126097911	0.072070018	0.000568037	0.393530892	0.113403161	0.078524837	0.126041687	0.487328397	0.227296189	0.000476272	9.8022E-05	0.077848475	0.06554566	0.487175965	2.54648E-05	0.007950444	0.000562268	0.000445374	0.035064966	0.017475188	0.091066296	0.089278623
Design 2	0.532577904	0.051835158	0.082294264	0.347678927	0.151515152	0.42903752	0.457627119	1	0.761904762	0.333333333	0	0	0.492099684	0.347573544	0.344865723	0.000623187	0.335449927	3.40719E-06	0.014226222	0.623260779	0.727585942	0.374038579	0.542372881	0.82372089	0.17627911	0.051835158	0.046925095	0.051835158	0.217543302	0.457627119	0.08113481	0.539061213	0.018185937	0.001084754	0.000672352	0.530554994	0.197313863	0.42903752	0.016779255	0.021939103	0.008720171	0.083634385	0.001669832	0.030626172	0.621111747	0.048066005	0.002713685	0.076036156	0.06218532	0.011292442	0.013341007	0.037673337	0.000159204	9.7947E-05	2.61422E-07	0.021257427	0.126097911	0.072070018	0.000619544	0.393530892	0.113403161	0.078524837	0.126041687	0.487328397	0.288990788	0.000609667	0.000125598	0.086251257	0.073776879	0.531431629	3.25175E-05	0.009505044	0.000616366	0.000509588	0.039316516	0.019147778	0.102201433	0.079554862
Design 2	0.575070822	0.051835158	0.082294264	0.347678927	0.151515152	0.42903752	0.457627119	1	0.761904762	0.333333333	0	0	0.492099684	0.347573544	0.344865723	0.000623187	0.335449927	3.95752E-06	0.014226222	0.672917568	0.81348305	0.433826347	0.542372881	0.82372089	0.17627911	0.051835158	0.046925095	0.051835158	0.217543302	0.457627119	0.08113481	0.581955466	0.022713844	0.001084754	0.000672352	0.662653205	0.197313863	0.42903752	0.014164306	0.018043892	0.008204563	0.083634385	0.001669832	0.032982212	0.720482579	0.055959778	0.003186637	0.082006922	0.067013731	0.011292442	0.013341007	0.040577152	0.000159204	9.7947E-05	2.61422E-07	0.021257427	0.126097911	0.072070018	0.000671051	0.393530892	0.113403161	0.078524837	0.126041687	0.487328397	0.360945897	0.000765248	0.000157761	0.09465404	0.082008099	0.575687294	4.07431E-05	0.011184012	0.000670464	0.000576091	0.043568066	0.020806516	0.11333657	0.07300809
Design 2	0.107648725	0.051835158	0.082294264	0.061840088	0.151515152	0.143556281	0.457627119	1	0.761904762	0.333333333	0	0	0.093559273	0.061820707	0.061339084	0.000623187	0.59595683	9.65331E-07	0.014226222	0.126692889	0.071072971	0.010642021	0.542372881	0.392677134	0.607322866	0.051835158	0.046925095	0.051835158	0.217543302	0.457627119	0.08113481	0.110118688	0.000121271	0.000560628	0.000672352	0.003532203	0.197313863	0.143556281	0.138810198	0.106537891	0.019918471	0.083634385	0.000715764	0.002857526	0.032247555	0.01318525	0.000623816	0.02597358	0.011526773	0.006165759	0.00681493	0.013325962	0.000234622	0.000167587	4.47293E-07	0.008610848	0.041865485	0.04761247	0.000424574	0.154974083	0.040196138	0.02553547	0.041803843	0.414818133	0.003538163	0.000105538	1.8874E-05	0.044337927	0.032935456	0.122892016	6.36551E-06	0.002086073	0.000415593	0.000188251	0.014017005	0.010600113	0.035940063	0.390282255
Design 2	0.14073881	0.051835158	0.082294264	0.061840088	0.151515152	0.143556281	0.457627119	1	0.761904762	0.333333333	0	0	0.093559273	0.061820707	0.061339084	0.000623187	0.59595683	1.55349E-06	0.014226222	0.165361624	0.101703949	0.016994427	0.542372881	0.392677134	0.607322866	0.051835158	0.046925095	0.051835158	0.217543302	0.457627119	0.08113481	0.1435213	0.000242531	0.000560628	0.000672352	0.00706985	0.197313863	0.143556281	0.106117562	0.081642196	0.01662304	0.083634385	0.000715764	0.003599872	0.05167538	0.02170653	0.001134366	0.033126741	0.014670414	0.006165759	0.00681493	0.016804822	0.000234622	0.000167587	4.47293E-07	0.008610848	0.041865485	0.04761247	0.000547773	0.154974083	0.040196138	0.02553547	0.041803843	0.414818133	0.007083998	0.000226092	4.12915E-05	0.061813142	0.050109976	0.166184702	1.324E-05	0.003898509	0.00054603	0.0002931	0.021796583	0.014194312	0.056315379	0.296327506
Design 2	0.150141643	0.051835158	0.082294264	0.061840088	0.151515152	0.143556281	0.457627119	1	0.761904762	0.333333333	0	0	0.093559273	0.061820707	0.061339084	0.000623187	0.59595683	1.74528E-06	0.014226222	0.176349678	0.111032769	0.019065806	0.542372881	0.392677134	0.607322866	0.051835158	0.046925095	0.051835158	0.217543302	0.457627119	0.08113481	0.15301294	0.000287717	0.000560628	0.000672352	0.008388128	0.197313863	0.143556281	0.099150141	0.07613717	0.015894342	0.083634385	0.000715764	0.003810816	0.058010363	0.02448513	0.001300845	0.035159374	0.015563706	0.006165759	0.00681493	0.01779337	0.000234622	0.000167587	4.47293E-07	0.008610848	0.041865485	0.04761247	0.000582781	0.154974083	0.040196138	0.02553547	0.041803843	0.414818133	0.008405328	0.000271015	4.96453E-05	0.066778875	0.054990264	0.178486691	1.58017E-05	0.004489504	0.000583095	0.000324836	0.024007218	0.015200319	0.062105201	0.266127765
Design 2	0.192634561	0.051835158	0.082294264	0.061840088	0.151515152	0.143556281	0.457627119	1	0.761904762	0.333333333	0	0	0.093559273	0.061820707	0.061339084	0.000623187	0.59595683	2.74806E-06	0.014226222	0.226006467	0.15635825	0.029896386	0.542372881	0.392677134	0.607322866	0.051835158	0.046925095	0.051835158	0.217543302	0.457627119	0.08113481	0.195907193	0.000562128	0.000560628	0.000672352	0.016393842	0.197313863	0.143556281	0.075354108	0.056682369	0.01331912	0.083634385	0.000715764	0.004764106	0.091133974	0.039013546	0.00217131	0.044345167	0.019600639	0.006165759	0.00681493	0.022260778	0.000234622	0.000167587	4.47293E-07	0.008610848	0.041865485	0.04761247	0.000740988	0.154974083	0.040196138	0.02553547	0.041803843	0.414818133	0.016429572	0.000543829	0.000100376	0.089219824	0.077045072	0.234081366	3.13588E-05	0.007579629	0.000750597	0.000478018	0.033997431	0.019676618	0.088270338	0.150362092
Design 2	0.235127479	0.051835158	0.082294264	0.061840088	0.151515152	0.143556281	0.457627119	1	0.761904762	0.333333333	0	0	0.093559273	0.061820707	0.061339084	0.000623187	0.59595683	3.97369E-06	0.014226222	0.275663256	0.206476012	0.043133763	0.542372881	0.392677134	0.607322866	0.051835158	0.046925095	0.051835158	0.217543302	0.457627119	0.08113481	0.238801445	0.000971494	0.000560628	0.000672352	0.028336793	0.197313863	0.143556281	0.059490085	0.043034093	0.011512504	0.083634385	0.000715764	0.005717396	0.131618387	0.056770499	0.003235212	0.053530961	0.023637572	0.006165759	0.00681493	0.026728187	0.000234622	0.000167587	4.47293E-07	0.008610848	0.041865485	0.04761247	0.000899195	0.154974083	0.040196138	0.02553547	0.041803843	0.414818133	0.028400166	0.000950813	0.000176057	0.111660772	0.099099881	0.289676041	5.45668E-05	0.011356449	0.000918099	0.000645874	0.043987643	0.024056589	0.114435475	0.085488575
Design 2	0.277620397	0.051835158	0.082294264	0.061840088	0.151515152	0.143556281	0.457627119	1	0.761904762	0.333333333	0	0	0.093559273	0.061820707	0.061339084	0.000623187	0.59595683	5.42216E-06	0.014226222	0.325320045	0.260965109	0.058777935	0.542372881	0.392677134	0.607322866	0.051835158	0.046925095	0.051835158	0.217543302	0.457627119	0.08113481	0.281695698	0.001542808	0.000560628	0.000672352	0.045004429	0.197313863	0.143556281	0.04815864	0.032864799	0.0101664	0.083634385	0.000715764	0.006670686	0.179463603	0.07775599	0.00449255	0.062716755	0.027674505	0.006165759	0.00681493	0.031195595	0.000234622	0.000167587	4.47293E-07	0.008610848	0.041865485	0.04761247	0.001057402	0.154974083	0.040196138	0.02553547	0.041803843	0.414818133	0.04510638	0.001518802	0.000281677	0.134101721	0.121154689	0.345270716	8.6956E-05	0.015819963	0.001085602	0.000827004	0.053977856	0.028358045	0.140600613	0.051374054
Design 2	0.320113314	0.051835158	0.082294264	0.061840088	0.151515152	0.143556281	0.457627119	1	0.761904762	0.333333333	0	0	0.093559273	0.061820707	0.061339084	0.000623187	0.59595683	7.09347E-06	0.014226222	0.374976834	0.319499388	0.076828902	0.542372881	0.392677134	0.607322866	0.051835158	0.046925095	0.051835158	0.217543302	0.457627119	0.08113481	0.324589951	0.002303059	0.000560628	0.000672352	0.067184195	0.197313863	0.143556281	0.039660057	0.024957716	0.009119743	0.083634385	0.000715764	0.007623976	0.234669621	0.101970017	0.005943325	0.071902549	0.031711439	0.006165759	0.00681493	0.035663003	0.000234622	0.000167587	4.47293E-07	0.008610848	0.041865485	0.04761247	0.001215608	0.154974083	0.040196138	0.02553547	0.041803843	0.414818133	0.067337483	0.00227463	0.000422227	0.156542669	0.143209497	0.400865391	0.000130057	0.020970171	0.001253104	0.001020331	0.063968069	0.032593408	0.16676575	0.042761535
Design 2	0.065155807	0.051835158	0.034912718	0.061840088	0.151515152	0.42903752	0.457627119	1	0.761904762	0.333333333	0	0	0.093559273	0.061820707	0.061339084	0.005918332	0.979195118	3.54511E-06	0.014226222	0.0770361	0.029517631	0.004625032	0.542372881	0.392677134	0.607322866	0.051835158	0.046925095	0.051835158	0.217543302	0.457627119	0.08113481	0.067224435	3.57994E-05	0.000560628	0.000672352	0.00103862	0.197313863	0.42903752	0.218130311	0.243185736	0.081397098	0.03871579	3.17859E-05	0.000274008	0.013845549	0.005113908	0.000572613	0.01035773	0.004663987	0.000666715	0.000449734	0.002059374	0.000927246	0.001801866	4.8092E-06	0.025689391	0.009009466	0.018491746	0.000968561	0.099687852	0.014123467	0.007901878	0.00894571	0.318906236	0.001038808	7.20189E-05	1.96992E-05	0.043058564	0.015861291	0.079011603	6.04769E-06	0.001070924	0.000862892	0.00025338	0.013122156	0.016875022	0.016760474	0.213501921
Design 2	0.107648725	0.051835158	0.034912718	0.061840088	0.151515152	0.42903752	0.457627119	1	0.761904762	0.333333333	0	0	0.093559273	0.061820707	0.061339084	0.005918332	0.979195118	8.02331E-06	0.014226222	0.126692889	0.056723141	0.010642021	0.542372881	0.392677134	0.607322866	0.051835158	0.046925095	0.051835158	0.217543302	0.457627119	0.08113481	0.110118688	0.000121271	0.000560628	0.000672352	0.003532203	0.197313863	0.42903752	0.138810198	0.166280511	0.059839648	0.03871579	3.17859E-05	0.000412183	0.032247555	0.01318525	0.001596689	0.016328496	0.007287994	0.000666715	0.000449734	0.003127193	0.000927246	0.001801866	4.8092E-06	0.025689391	0.009009466	0.018491746	0.001477864	0.099687852	0.014123467	0.007901878	0.00894571	0.318906236	0.003538163	0.0002792	7.4989E-05	0.076080305	0.040406421	0.140463408	2.16469E-05	0.003664643	0.001337794	0.000516976	0.027660052	0.026461014	0.046418386	0.083027856
Design 2	0.150141643	0.051835158	0.034912718	0.061840088	0.151515152	0.42903752	0.457627119	1	0.761904762	0.333333333	0	0	0.093559273	0.061820707	0.061339084	0.005918332	0.979195118	1.42928E-05	0.014226222	0.176349678	0.08893976	0.019065806	0.542372881	0.392677134	0.607322866	0.051835158	0.046925095	0.051835158	0.217543302	0.457627119	0.08113481	0.15301294	0.000287717	0.000560628	0.000672352	0.008388128	0.197313863	0.42903752	0.099150141	0.124285387	0.048067915	0.03871579	3.17859E-05	0.000550359	0.058010363	0.02448513	0.003030396	0.022299262	0.009912	0.000666715	0.000449734	0.004195012	0.000927246	0.001801866	4.8092E-06	0.025689391	0.009009466	0.018491746	0.001987167	0.099687852	0.014123467	0.007901878	0.00894571	0.318906236	0.008405328	0.000682659	0.000182659	0.109102046	0.064951551	0.201915214	5.20242E-05	0.007295851	0.001812696	0.000824431	0.042197947	0.035701233	0.076076298	0.029283502
Design 2	0.192634561	0.051835158	0.034912718	0.061840088	0.151515152	0.42903752	0.457627119	1	0.761904762	0.333333333	0	0	0.093559273	0.061820707	0.061339084	0.005918332	0.979195118	2.23536E-05	0.014226222	0.226006467	0.12548233	0.029896386	0.542372881	0.392677134	0.607322866	0.051835158	0.046925095	0.051835158	0.217543302	0.457627119	0.08113481	0.195907193	0.000562128	0.000560628	0.000672352	0.016393842	0.197313863	0.42903752	0.075354108	0.097410803	0.040534648	0.03871579	3.17859E-05	0.000688534	0.091133974	0.039013546	0.004873734	0.028270028	0.012536007	0.000666715	0.000449734	0.005262831	0.000927246	0.001801866	4.8092E-06	0.025689391	0.009009466	0.018491746	0.002496471	0.099687852	0.014123467	0.007901878	0.00894571	0.318906236	0.016429572	0.00134782	0.000360168	0.142123787	0.089496682	0.26336702	0.000102106	0.011964546	0.002287599	0.001169248	0.056735842	0.044692565	0.105734209	0.015022514
Design 2	0.235127479	0.051835158	0.034912718	0.061840088	0.151515152	0.42903752	0.457627119	1	0.761904762	0.333333333	0	0	0.093559273	0.061820707	0.061339084	0.005918332	0.979195118	3.22056E-05	0.014226222	0.275663256	0.165888563	0.043133763	0.542372881	0.392677134	0.607322866	0.051835158	0.046925095	0.051835158	0.217543302	0.457627119	0.08113481	0.238801445	0.000971494	0.000560628	0.000672352	0.028336793	0.197313863	0.42903752	0.059490085	0.078557267	0.035249778	0.03871579	3.17859E-05	0.00082671	0.131618387	0.056770499	0.007126702	0.034240794	0.015160013	0.000666715	0.000449734	0.00633065	0.000927246	0.001801866	4.8092E-06	0.025689391	0.009009466	0.018491746	0.003005774	0.099687852	0.014123467	0.007901878	0.00894571	0.318906236	0.028400166	0.002340109	0.000624977	0.175145528	0.114041812	0.324818825	0.000176818	0.017670729	0.002762501	0.001547095	0.071273737	0.053490409	0.135392121	0.011443285
Design 2	0.150141643	0.051835158	0.142144638	0.061840088	0.151515152	0.42903752	0.457627119	1	0.761904762	0.333333333	0	0	0.093559273	0.061820707	0.061339084	0.000134583	0.386236606	7.64894E-07	0.014226222	0.176349678	0.08893976	0.019065806	0.542372881	0.392677134	0.607322866	0.051835158	0.046925095	0.051835158	0.217543302	0.457627119	0.08113481	0.15301294	0.000287717	0.000560628	0.000672352	0.008388128	0.197313863	0.42903752	0.099150141	0.124285387	0.013033937	0.140373664	0.001400106	0.006882528	0.058010363	0.02448513	0.000681847	0.022299262	0.009912	0.00995713	0.011639351	0.022876096	0.000172717	0.000108953	2.90796E-07	0.006806755	0.06600461	0.069392619	0.00034599	0.206403677	0.059957375	0.040829517	0.06594452	0.472696691	0.008405328	0.000174972	1.94953E-05	0.056773958	0.043064061	0.163827066	9.69432E-06	0.003143929	0.000362575	0.000194331	0.014999909	0.010179949	0.053547059	0.394476663
Design 2	0.192634561	0.051835158	0.142144638	0.061840088	0.151515152	0.42903752	0.457627119	1	0.761904762	0.333333333	0	0	0.093559273	0.061820707	0.061339084	0.000134583	0.386236606	1.21621E-06	0.014226222	0.226006467	0.12548233	0.029896386	0.542372881	0.392677134	0.607322866	0.051835158	0.046925095	0.051835158	0.217543302	0.457627119	0.08113481	0.195907193	0.000562128	0.000560628	0.000672352	0.016393842	0.197313863	0.42903752	0.075354108	0.097410803	0.010899511	0.140373664	0.001400106	0.008603746	0.091133974	0.039013546	0.001204126	0.028270028	0.012536007	0.00995713	0.011639351	0.028614186	0.000172717	0.000108953	2.90796E-07	0.006806755	0.06600461	0.069392619	0.000444999	0.206403677	0.059957375	0.040829517	0.06594452	0.472696691	0.016429572	0.000356244	4.14897E-05	0.076713677	0.062137319	0.215756835	1.94302E-05	0.005477168	0.000474948	0.000297455	0.022738294	0.013550583	0.077572661	0.303094485
Design 2	0.235127479	0.051835158	0.142144638	0.061840088	0.151515152	0.42903752	0.457627119	1	0.761904762	0.333333333	0	0	0.093559273	0.061820707	0.061339084	0.000134583	0.386236606	1.76783E-06	0.014226222	0.275663256	0.165888563	0.043133763	0.542372881	0.392677134	0.607322866	0.051835158	0.046925095	0.051835158	0.217543302	0.457627119	0.08113481	0.238801445	0.000971494	0.000560628	0.000672352	0.028336793	0.197313863	0.42903752	0.059490085	0.078557267	0.009402131	0.140373664	0.001400106	0.010324964	0.131618387	0.056770499	0.001842467	0.034240794	0.015160013	0.00995713	0.011639351	0.034352275	0.000172717	0.000108953	2.90796E-07	0.006806755	0.06600461	0.069392619	0.000544008	0.206403677	0.059957375	0.040829517	0.06594452	0.472696691	0.028400166	0.000626666	7.43009E-05	0.096653396	0.081210576	0.267686603	3.39542E-05	0.008328905	0.00058732	0.000410457	0.03047668	0.016848683	0.101598263	0.223959979
Design 2	0.277620397	0.051835158	0.142144638	0.061840088	0.151515152	0.42903752	0.457627119	1	0.761904762	0.333333333	0	0	0.093559273	0.061820707	0.061339084	0.000134583	0.386236606	2.41974E-06	0.014226222	0.325320045	0.209819077	0.058777935	0.542372881	0.392677134	0.607322866	0.051835158	0.046925095	0.051835158	0.217543302	0.457627119	0.08113481	0.281695698	0.001542808	0.000560628	0.000672352	0.045004429	0.197313863	0.42903752	0.04815864	0.06450955	0.008286438	0.140373664	0.001400106	0.012046182	0.179463603	0.07775599	0.002596871	0.04021156	0.01778402	0.00995713	0.011639351	0.040090365	0.000172717	0.000108953	2.90796E-07	0.006806755	0.06600461	0.069392619	0.000643017	0.206403677	0.059957375	0.040829517	0.06594452	0.472696691	0.04510638	0.001004068	0.000120092	0.116593115	0.100283834	0.319616372	5.4224E-05	0.011699139	0.000699692	0.000532396	0.038215065	0.020087661	0.125623865	0.114793509
Design 2	0.320113314	0.051835158	0.142144638	0.061840088	0.151515152	0.42903752	0.457627119	1	0.761904762	0.333333333	0	0	0.093559273	0.061820707	0.061339084	0.000134583	0.386236606	3.17194E-06	0.014226222	0.374976834	0.257010921	0.076828902	0.542372881	0.392677134	0.607322866	0.051835158	0.046925095	0.051835158	0.217543302	0.457627119	0.08113481	0.324589951	0.002303059	0.000560628	0.000672352	0.067184195	0.197313863	0.42903752	0.039660057	0.053586817	0.007418936	0.140373664	0.001400106	0.0137674	0.234669621	0.101970017	0.003467336	0.046182326	0.020408026	0.00995713	0.011639351	0.045828455	0.000172717	0.000108953	2.90796E-07	0.006806755	0.06600461	0.069392619	0.000742026	0.206403677	0.059957375	0.040829517	0.06594452	0.472696691	0.067337483	0.001506281	0.000181028	0.136532835	0.119357091	0.37154614	8.11972E-05	0.015587871	0.000812064	0.000662545	0.045953451	0.023276871	0.149649467	0.087725593
Design 2	0.362606232	0.051835158	0.142144638	0.061840088	0.151515152	0.42903752	0.457627119	1	0.761904762	0.333333333	0	0	0.093559273	0.061820707	0.061339084	0.000134583	0.386236606	4.02443E-06	0.014226222	0.424633623	0.30725254	0.097286666	0.542372881	0.392677134	0.607322866	0.051835158	0.046925095	0.051835158	0.217543302	0.457627119	0.08113481	0.367484203	0.003279241	0.000560628	0.000672352	0.09566354	0.197313863	0.42903752	0.033050047	0.044819611	0.006722629	0.140373664	0.001400106	0.015488617	0.297236441	0.129412581	0.004453863	0.052153092	0.023032032	0.00995713	0.011639351	0.051566544	0.000172717	0.000108953	2.90796E-07	0.006806755	0.06600461	0.069392619	0.000841034	0.206403677	0.059957375	0.040829517	0.06594452	0.472696691	0.095882745	0.002151133	0.00025927	0.156472554	0.138430349	0.423475909	0.000115831	0.0199951	0.000924436	0.000800328	0.053691837	0.0264232	0.173675069	0.071451289
Design 2	0.40509915	0.051835158	0.142144638	0.061840088	0.151515152	0.42903752	0.457627119	1	0.761904762	0.333333333	0	0	0.093559273	0.061820707	0.061339084	0.000134583	0.386236606	4.97722E-06	0.014226222	0.474290412	0.360368919	0.120151225	0.542372881	0.392677134	0.607322866	0.051835158	0.046925095	0.051835158	0.217543302	0.457627119	0.08113481	0.410378456	0.004498343	0.000560628	0.000672352	0.131229911	0.197313863	0.42903752	0.02776204	0.037607094	0.006149799	0.140373664	0.001400106	0.017209835	0.367164064	0.160083682	0.005556452	0.058123858	0.025656039	0.00995713	0.011639351	0.057304634	0.000172717	0.000108953	2.90796E-07	0.006806755	0.06600461	0.069392619	0.000940043	0.206403677	0.059957375	0.040829517	0.06594452	0.472696691	0.131531437	0.002956456	0.000356983	0.176412273	0.157503606	0.475405677	0.000159084	0.024920827	0.001036809	0.000945266	0.061430222	0.029531916	0.197700671	0.061552485
Design 2	0.192634561	0.051835158	0.19201995	0.061840088	0.151515152	0.42903752	0.457627119	1	0.761904762	0.333333333	0	0	0.093559273	0.061820707	0.061339084	5.67584E-05	0.18103683	6.1209E-07	0.014226222	0.226006467	0.12548233	0.029896386	0.542372881	0.392677134	0.607322866	0.051835158	0.046925095	0.051835158	0.217543302	0.457627119	0.08113481	0.195907193	0.000562128	0.000560628	0.000672352	0.016393842	0.197313863	0.42903752	0.075354108	0.097410803	0.007970457	0.187656396	0.003318854	0.015297371	0.091133974	0.039013546	0.000841433	0.028270028	0.012536007	0.018444976	0.022366931	0.042027637	0.000115264	6.62049E-05	1.76702E-07	0.006396695	0.095129832	0.082775206	0.000282858	0.24170123	0.083329578	0.060736962	0.095071616	0.533358381	0.016429572	0.00025459	2.37685E-05	0.065876562	0.056805152	0.205973937	1.28958E-05	0.004528691	0.000317515	0.000207924	0.017554559	0.00980547	0.071937804	0.373616472
Design 2	0.235127479	0.051835158	0.19201995	0.061840088	0.151515152	0.42903752	0.457627119	1	0.761904762	0.333333333	0	0	0.093559273	0.061820707	0.061339084	5.67584E-05	0.18103683	8.97889E-07	0.014226222	0.275663256	0.165888563	0.043133763	0.542372881	0.392677134	0.607322866	0.051835158	0.046925095	0.051835158	0.217543302	0.457627119	0.08113481	0.238801445	0.000971494	0.000560628	0.000672352	0.028336793	0.197313863	0.42903752	0.059490085	0.078557267	0.006847422	0.187656396	0.003318854	0.018357314	0.131618387	0.056770499	0.001320188	0.034240794	0.015160013	0.018444976	0.022366931	0.050448416	0.000115264	6.62049E-05	1.76702E-07	0.006396695	0.095129832	0.082775206	0.000349439	0.24170123	0.083329578	0.060736962	0.095071616	0.533358381	0.028400166	0.000451009	4.36787E-05	0.083648859	0.074811976	0.255947127	2.26628E-05	0.006963097	0.000398401	0.000293727	0.024256197	0.012442175	0.094836434	0.284023908
Design 2	0.277620397	0.051835158	0.19201995	0.061840088	0.151515152	0.42903752	0.457627119	1	0.761904762	0.333333333	0	0	0.093559273	0.061820707	0.061339084	5.67584E-05	0.18103683	1.23565E-06	0.014226222	0.325320045	0.209819077	0.058777935	0.542372881	0.392677134	0.607322866	0.051835158	0.046925095	0.051835158	0.217543302	0.457627119	0.08113481	0.281695698	0.001542808	0.000560628	0.000672352	0.045004429	0.197313863	0.42903752	0.04815864	0.06450955	0.006010652	0.187656396	0.003318854	0.021417257	0.179463603	0.07775599	0.001885991	0.04021156	0.01778402	0.018444976	0.022366931	0.058869196	0.000115264	6.62049E-05	1.76702E-07	0.006396695	0.095129832	0.082775206	0.000416019	0.24170123	0.083329578	0.060736962	0.095071616	0.533358381	0.04510638	0.000725131	7.14655E-05	0.101421155	0.092818801	0.305920316	3.62937E-05	0.009840123	0.000479287	0.000386315	0.030957836	0.015031613	0.117735064	0.199520559
Design 2	0.320113314	0.051835158	0.19201995	0.061840088	0.151515152	0.42903752	0.457627119	1	0.761904762	0.333333333	0	0	0.093559273	0.061820707	0.061339084	5.67584E-05	0.18103683	1.62538E-06	0.014226222	0.374976834	0.257010921	0.076828902	0.542372881	0.392677134	0.607322866	0.051835158	0.046925095	0.051835158	0.217543302	0.457627119	0.08113481	0.324589951	0.002303059	0.000560628	0.000672352	0.067184195	0.197313863	0.42903752	0.039660057	0.053586817	0.005360025	0.187656396	0.003318854	0.0244772	0.234669621	0.101970017	0.00253884	0.046182326	0.020408026	0.018444976	0.022366931	0.067289976	0.000115264	6.62049E-05	1.76702E-07	0.006396695	0.095129832	0.082775206	0.0004826	0.24170123	0.083329578	0.060736962	0.095071616	0.533358381	0.067337483	0.001089908	0.000108442	0.119193451	0.110825625	0.355893505	5.44324E-05	0.013159768	0.000560172	0.000485138	0.037659474	0.017581265	0.140633695	0.128495243
Design 2	0.362606232	0.051835158	0.19201995	0.061840088	0.151515152	0.42903752	0.457627119	1	0.761904762	0.333333333	0	0	0.093559273	0.061820707	0.061339084	5.67584E-05	0.18103683	2.06707E-06	0.014226222	0.424633623	0.30725254	0.097286666	0.542372881	0.392677134	0.607322866	0.051835158	0.046925095	0.051835158	0.217543302	0.457627119	0.08113481	0.367484203	0.003279241	0.000560628	0.000672352	0.09566354	0.197313863	0.42903752	0.033050047	0.044819611	0.004837795	0.187656396	0.003318854	0.027537143	0.297236441	0.129412581	0.003278735	0.052153092	0.023032032	0.018444976	0.022366931	0.075710756	0.000115264	6.62049E-05	1.76702E-07	0.006396695	0.095129832	0.082775206	0.000549181	0.24170123	0.083329578	0.060736962	0.095071616	0.533358381	0.095882745	0.001558291	0.00015592	0.136965747	0.128832449	0.405866694	7.7723E-05	0.016922033	0.000641058	0.000589757	0.044361113	0.020096634	0.163532325	0.090298164
Design 2	0.40509915	0.051835158	0.19201995	0.061840088	0.151515152	0.42903752	0.457627119	1	0.761904762	0.333333333	0	0	0.093559273	0.061820707	0.061339084	5.67584E-05	0.18103683	2.56072E-06	0.014226222	0.474290412	0.360368919	0.120151225	0.542372881	0.392677134	0.607322866	0.051835158	0.046925095	0.051835158	0.217543302	0.457627119	0.08113481	0.410378456	0.004498343	0.000560628	0.000672352	0.131229911	0.197313863	0.42903752	0.02776204	0.037607094	0.004408173	0.187656396	0.003318854	0.030597085	0.367164064	0.160083682	0.004105677	0.058123858	0.025656039	0.018444976	0.022366931	0.084131536	0.000115264	6.62049E-05	1.76702E-07	0.006396695	0.095129832	0.082775206	0.000615762	0.24170123	0.083329578	0.060736962	0.095071616	0.533358381	0.131531437	0.002143229	0.000215213	0.154738043	0.146839273	0.455839883	0.000106809	0.021126917	0.000721944	0.000699809	0.051062751	0.022581933	0.186430956	0.080846763
Design 2	0.490084986	0.051835158	0.19201995	0.061840088	0.151515152	0.42903752	0.457627119	1	0.761904762	0.333333333	0	0	0.093559273	0.061820707	0.061339084	5.67584E-05	0.18103683	3.70392E-06	0.014226222	0.57360399	0.474655002	0.17310073	0.542372881	0.392677134	0.607322866	0.051835158	0.046925095	0.051835158	0.217543302	0.457627119	0.08113481	0.496166961	0.007773274	0.000560628	0.000672352	0.22677352	0.197313863	0.42903752	0.019830028	0.026396714	0.003740412	0.187656396	0.003318854	0.036716971	0.529101717	0.231111495	0.0060207	0.07006539	0.030904052	0.018444976	0.022366931	0.100973096	0.000115264	6.62049E-05	1.76702E-07	0.006396695	0.095129832	0.082775206	0.000748923	0.24170123	0.083329578	0.060736962	0.095071616	0.533358381	0.227296189	0.003714576	0.000374495	0.190282636	0.182852922	0.555786261	0.000184945	0.030864544	0.000883715	0.000935044	0.064466029	0.02747499	0.232228217	0.072513872
Design 2	0.192634561	0.051835158	0.241895262	0.061840088	0.151515152	0.42903752	0.457627119	1	0.761904762	0.333333333	0	0	0.093559273	0.061820707	0.061339084	2.90445E-05	0.094285739	3.52577E-07	0.014226222	0.226006467	0.12548233	0.029896386	0.542372881	0.392677134	0.607322866	0.051835158	0.046925095	0.051835158	0.217543302	0.457627119	0.08113481	0.195907193	0.000562128	0.000560628	0.000672352	0.016393842	0.197313863	0.42903752	0.075354108	0.097410803	0.006213025	0.234939128	0.006482196	0.02390346	0.091133974	0.039013546	0.000623816	0.028270028	0.012536007	0.029754349	0.036232077	0.056617551	8.32466E-05	4.66113E-05	1.24406E-07	0.006218311	0.123281226	0.093956938	0.000200609	0.272798998	0.10756016	0.080681295	0.123224821	0.560271066	0.016429572	0.000200443	1.54341E-05	0.05828869	0.052875388	0.198640291	9.58117E-06	0.003889677	0.000226478	0.000153607	0.014017005	0.00742602	0.067749738	0.421320877
Design 2	0.235127479	0.051835158	0.241895262	0.061840088	0.151515152	0.42903752	0.457627119	1	0.761904762	0.333333333	0	0	0.093559273	0.061820707	0.061339084	2.90445E-05	0.094285739	5.24191E-07	0.014226222	0.275663256	0.165888563	0.043133763	0.542372881	0.392677134	0.607322866	0.051835158	0.046925095	0.051835158	0.217543302	0.457627119	0.08113481	0.238801445	0.000971494	0.000560628	0.000672352	0.028336793	0.197313863	0.42903752	0.059490085	0.078557267	0.005314597	0.234939128	0.006482196	0.028684621	0.131618387	0.056770499	0.001006821	0.034240794	0.015160013	0.029754349	0.036232077	0.067956313	8.32466E-05	4.66113E-05	1.24406E-07	0.006218311	0.123281226	0.093956938	0.00025074	0.272798998	0.10756016	0.080681295	0.123224821	0.560271066	0.028400166	0.000357443	2.92768E-05	0.074543411	0.070096259	0.24714675	1.69351E-05	0.006042918	0.000289157	0.000222909	0.020011132	0.009642509	0.089810755	0.325464663
Design 2	0.277620397	0.051835158	0.241895262	0.061840088	0.151515152	0.42903752	0.457627119	1	0.761904762	0.333333333	0	0	0.093559273	0.061820707	0.061339084	2.90445E-05	0.094285739	7.27008E-07	0.014226222	0.325320045	0.209819077	0.058777935	0.542372881	0.392677134	0.607322866	0.051835158	0.046925095	0.051835158	0.217543302	0.457627119	0.08113481	0.281695698	0.001542808	0.000560628	0.000672352	0.045004429	0.197313863	0.42903752	0.04815864	0.06450955	0.00464518	0.234939128	0.006482196	0.033465782	0.179463603	0.07775599	0.001459463	0.04021156	0.01778402	0.029754349	0.036232077	0.079295076	8.32466E-05	4.66113E-05	1.24406E-07	0.006218311	0.123281226	0.093956938	0.000300871	0.272798998	0.10756016	0.080681295	0.123224821	0.560271066	0.04510638	0.000576552	4.85959E-05	0.090798133	0.087317131	0.29565321	2.71983E-05	0.008587657	0.000351835	0.000297691	0.02600526	0.011819264	0.111871773	0.244540543
Design 2	0.320113314	0.051835158	0.241895262	0.061840088	0.151515152	0.42903752	0.457627119	1	0.761904762	0.333333333	0	0	0.093559273	0.061820707	0.061339084	2.90445E-05	0.094285739	9.61027E-07	0.014226222	0.374976834	0.257010921	0.076828902	0.542372881	0.392677134	0.607322866	0.051835158	0.046925095	0.051835158	0.217543302	0.457627119	0.08113481	0.324589951	0.002303059	0.000560628	0.000672352	0.067184195	0.197313863	0.42903752	0.039660057	0.053586817	0.004124679	0.234939128	0.006482196	0.038246943	0.234669621	0.101970017	0.001981742	0.046182326	0.020408026	0.029754349	0.036232077	0.090633839	8.32466E-05	4.66113E-05	1.24406E-07	0.006218311	0.123281226	0.093956938	0.000351002	0.272798998	0.10756016	0.080681295	0.123224821	0.560271066	0.067337483	0.000868122	7.43039E-05	0.107052855	0.104538002	0.34415967	4.08556E-05	0.011523895	0.000414513	0.00037751	0.031999388	0.013962574	0.13393279	0.177709635
Design 2	0.362606232	0.051835158	0.241895262	0.061840088	0.151515152	0.42903752	0.457627119	1	0.761904762	0.333333333	0	0	0.093559273	0.061820707	0.061339084	2.90445E-05	0.094285739	1.22625E-06	0.014226222	0.424633623	0.30725254	0.097286666	0.542372881	0.392677134	0.607322866	0.051835158	0.046925095	0.051835158	0.217543302	0.457627119	0.08113481	0.367484203	0.003279241	0.000560628	0.000672352	0.09566354	0.197313863	0.42903752	0.033050047	0.044819611	0.003706895	0.234939128	0.006482196	0.043028103	0.297236441	0.129412581	0.002573658	0.052153092	0.023032032	0.029754349	0.036232077	0.101972602	8.32466E-05	4.66113E-05	1.24406E-07	0.006218311	0.123281226	0.093956938	0.000401133	0.272798998	0.10756016	0.080681295	0.123224821	0.560271066	0.095882745	0.001242505	0.000107314	0.123307576	0.121758873	0.39266613	5.83918E-05	0.014851631	0.000477192	0.000462009	0.037993516	0.016077064	0.155993807	0.123909357
Design 2	0.40509915	0.051835158	0.241895262	0.061840088	0.151515152	0.42903752	0.457627119	1	0.761904762	0.333333333	0	0	0.093559273	0.061820707	0.061339084	2.90445E-05	0.094285739	1.52267E-06	0.014226222	0.474290412	0.360368919	0.120151225	0.542372881	0.392677134	0.607322866	0.051835158	0.046925095	0.051835158	0.217543302	0.457627119	0.08113481	0.410378456	0.004498343	0.000560628	0.000672352	0.131229911	0.197313863	0.42903752	0.02776204	0.037607094	0.003363197	0.234939128	0.006482196	0.047809264	0.367164064	0.160083682	0.003235212	0.058123858	0.025656039	0.029754349	0.036232077	0.113311364	8.32466E-05	4.66113E-05	1.24406E-07	0.006218311	0.123281226	0.093956938	0.000451264	0.272798998	0.10756016	0.080681295	0.123224821	0.560271066	0.131531437	0.001710053	0.000148538	0.139562298	0.138979745	0.441172589	8.0292E-05	0.018570865	0.00053987	0.000550897	0.043987643	0.018166277	0.178054825	0.105398034
Design 2	0.080033994	0.095262756	0.082294264	0.061840088	0.151515152	0.42903752	0.457627119	1	0.761904762	0.333333333	0	0	0.093559273	0.061820707	0.061339084	0.000623187	0.808047666	1.81433E-06	0.014226222	0.137037091	0.056722768	0.013636756	0.542372881	0.392677134	0.607322866	0.095262756	0.086239032	0.095262756	0.217543302	0.457627119	0.08113481	0.12682509	0.000364188	0.001808411	0.002175221	0.003532158	0.197313863	0.42903752	0.18267792	0.166281186	0.027826662	0.057536695	0.000302375	0.00145389	0.028441015	0.011515656	0.000864506	0.027604135	0.012243363	0.003331701	0.003302274	0.008635147	0.000345267	0.000309809	8.26885E-07	0.009068229	0.031211797	0.046393794	0.000641894	0.154974083	0.03340576	0.01977954	0.031149469	0.360237152	0.003538119	0.000129061	3.11627E-05	0.048625348	0.034546336	0.128059509	8.36478E-06	0.002341218	0.000595949	0.000258208	0.017907981	0.014065711	0.035949319	0.310868122
Design 2	0.058401841	0.157896194	0.082294264	0.061840088	0.151515152	0.42903752	0.457627119	1	0.761904762	0.333333333	0	0	0.093559273	0.061820707	0.061339084	0.000623187	0.808047666	2.3264E-06	0.014226222	0.148100912	0.056723099	0.017459836	0.542372881	0.392677134	0.607322866	0.157896194	0.142939545	0.157896194	0.217543302	0.457627119	0.08113481	0.145701712	0.001092953	0.005551758	0.006683828	0.003532198	0.197313863	0.42903752	0.238674062	0.166280586	0.027826582	0.039441567	0.000302375	0.001138446	0.025072328	0.010038109	0.001171771	0.045978066	0.020318259	0.003331701	0.003302274	0.008635179	0.000345267	0.000309809	8.26885E-07	0.009068229	0.031211797	0.046393794	0.000731732	0.154974083	0.03340576	0.01977954	0.031149469	0.360237152	0.003538158	0.000129063	4.65286E-05	0.046898509	0.039253086	0.133388499	8.36488E-06	0.002617487	0.000684609	0.00030929	0.022304409	0.015777653	0.035959193	0.252593807
Design 2	0.084481984	0.157896194	0.082294264	0.061840088	0.151515152	0.42903752	0.457627119	1	0.761904762	0.333333333	0	0	0.093559273	0.061820707	0.061339084	0.000623187	0.808047666	4.16519E-06	0.014226222	0.20489992	0.088943466	0.031188082	0.542372881	0.392677134	0.607322866	0.157896194	0.142939545	0.157896194	0.217543302	0.457627119	0.08113481	0.200462962	0.002591175	0.005551758	0.006683828	0.008388805	0.197313863	0.42903752	0.174042738	0.124281872	0.022267233	0.039441567	0.000302375	0.001518751	0.045256928	0.018891319	0.002275125	0.061833756	0.027286449	0.003331701	0.003302274	0.011539311	0.000345267	0.000309809	8.26885E-07	0.009068229	0.031211797	0.046393794	0.000992354	0.154974083	0.03340576	0.01977954	0.031149469	0.360237152	0.008406007	0.000326806	0.000115207	0.070195533	0.063416414	0.192488465	2.05427E-05	0.005434592	0.000941811	0.000508814	0.035058484	0.021893176	0.062133569	0.167531204
Design 2	0.110559987	0.157896194	0.082294264	0.061840088	0.151515152	0.42903752	0.457627119	1	0.761904762	0.333333333	0	0	0.093559273	0.061820707	0.061339084	0.000623187	0.808047666	6.52918E-06	0.014226222	0.261694269	0.12548751	0.048837443	0.542372881	0.392677134	0.607322866	0.157896194	0.142939545	0.157896194	0.217543302	0.457627119	0.08113481	0.25521972	0.005061068	0.005551758	0.006683828	0.016395165	0.197313863	0.42903752	0.135268185	0.097407829	0.018709929	0.039441567	0.000302375	0.001899024	0.071206731	0.030273216	0.003693622	0.077688145	0.034254067	0.003331701	0.003302274	0.014443204	0.000345267	0.000309809	8.26885E-07	0.009068229	0.031211797	0.046393794	0.001252954	0.154974083	0.03340576	0.01977954	0.031149469	0.360237152	0.016430898	0.000652795	0.000228426	0.093490646	0.087577759	0.251583583	4.06185E-05	0.009056329	0.001198992	0.000732567	0.047811514	0.027843481	0.088305799	0.081126391
Design 2	0.136637989	0.157896194	0.082294264	0.061840088	0.151515152	0.42903752	0.457627119	1	0.761904762	0.333333333	0	0	0.093559273	0.061820707	0.061339084	0.000623187	0.808047666	9.4185E-06	0.014226222	0.318488619	0.165895372	0.070408884	0.542372881	0.392677134	0.607322866	0.157896194	0.142939545	0.157896194	0.217543302	0.457627119	0.08113481	0.309976478	0.008745663	0.005551758	0.006683828	0.02833908	0.197313863	0.42903752	0.109418483	0.078554673	0.016214346	0.039441567	0.000302375	0.002279298	0.102923158	0.044184425	0.005427341	0.093542534	0.041221686	0.003331701	0.003302274	0.017347098	0.000345267	0.000309809	8.26885E-07	0.009068229	0.031211797	0.046393794	0.001513554	0.154974083	0.03340576	0.01977954	0.031149469	0.360237152	0.028402457	0.001139107	0.000397327	0.116785759	0.111739105	0.310678701	7.05675E-05	0.013482897	0.001456173	0.000977754	0.060564543	0.033665739	0.114478028	0.041139697
Design 2	0.162715992	0.157896194	0.082294264	0.061840088	0.151515152	0.42903752	0.457627119	1	0.761904762	0.333333333	0	0	0.093559273	0.061820707	0.061339084	0.000623187	0.808047666	1.28331E-05	0.014226222	0.375282968	0.209827658	0.095902405	0.542372881	0.392677134	0.607322866	0.157896194	0.142939545	0.157896194	0.217543302	0.457627119	0.08113481	0.364733237	0.0138879	0.005551758	0.006683828	0.045008059	0.197313863	0.42903752	0.09095441	0.064507239	0.014354894	0.039441567	0.000302375	0.002659571	0.140406207	0.060624944	0.007476282	0.109396923	0.048189305	0.003331701	0.003302274	0.020250991	0.000345267	0.000309809	8.26885E-07	0.009068229	0.031211797	0.046393794	0.001774154	0.154974083	0.03340576	0.01977954	0.031149469	0.360237152	0.045110018	0.001817806	0.000633046	0.140080872	0.135900451	0.36977382	0.000112365	0.018714295	0.001713354	0.001242329	0.073317573	0.039383626	0.140650258	0.029003875
Design 2	0.188793995	0.157896194	0.082294264	0.061840088	0.151515152	0.42903752	0.457627119	1	0.761904762	0.333333333	0	0	0.093559273	0.061820707	0.061339084	0.000623187	0.808047666	1.67731E-05	0.014226222	0.432077317	0.257021405	0.125318007	0.542372881	0.392677134	0.607322866	0.157896194	0.142939545	0.157896194	0.217543302	0.457627119	0.08113481	0.419489995	0.020730719	0.005551758	0.006683828	0.067189614	0.197313863	0.42903752	0.077106355	0.053584727	0.012909086	0.039441567	0.000302375	0.003039845	0.183655879	0.079594773	0.009840445	0.125251313	0.055156923	0.003331701	0.003302274	0.023154884	0.000345267	0.000309809	8.26885E-07	0.009068229	0.031211797	0.046393794	0.002034753	0.154974083	0.03340576	0.01977954	0.031149469	0.360237152	0.067342914	0.002720956	0.000946719	0.163375985	0.160061796	0.428868938	0.000167984	0.024750523	0.001970535	0.001524721	0.086070602	0.045013657	0.166822487	0.024417989
Design 2	0.11056034	0.157896194	0.082294264	0.061840088	0.151515152	0.42903752	0.322033898	1	0.761904762	0.333333333	0	0	0.068375289	0.061820707	0.061339084	0.000445124	0.808047666	6.52922E-06	0.006012775	0.261695039	0.122031582	0.046235109	0.677966102	0.293371966	0.706628034	0.157896194	0.142939545	0.157896194	0.217543302	0.322033898	0.123709243	0.255220463	0.004792426	0.00525368	0.006683828	0.015524341	0.117789961	0.42903752	0.135267765	0.097407529	0.018709889	0.039441567	0.000302375	0.00189903	0.071207122	0.030273388	0.003693644	0.07768836	0.032404748	0.003331701	0.003663439	0.014443243	0.000345267	0.000249792	6.66698E-07	0.005561962	0.034625531	0.059173737	0.001027642	0.154974083	0.03340576	0.023924094	0.034563423	0.516924427	0.016431032	0.000758289	0.000265065	0.093490962	0.093727745	0.251584384	4.71152E-05	0.009056384	0.001246999	0.000732571	0.047811687	0.027843561	0.095265722	0.098127726
Design 2	0.11056034	0.157896194	0.082294264	0.061840088	0.151515152	0.42903752	0.661016949	1	0.761904762	0.333333333	0	0	0.131335249	0.061820707	0.061339084	0.000890281	0.808047666	6.52922E-06	0.503006387	0.261695039	0.130505001	0.052741608	0.338983051	0.523324091	0.476675909	0.157896194	0.142939545	0.157896194	0.217543302	0.661016949	0.041205913	0.255220463	0.005464134	0.005998875	0.006683828	0.017701736	0.37540281	0.42903752	0.135267765	0.097407529	0.018709889	0.039441567	0.000302375	0.00189903	0.071207122	0.030273388	0.003693644	0.07768836	0.037028282	0.003331701	0.002795179	0.014443243	0.000345267	0.000436503	1.16503E-06	0.016136016	0.026418735	0.034678143	0.001712373	0.154974083	0.03340576	0.014612079	0.026356099	0.164878278	0.016431032	0.000617267	0.000216087	0.093490962	0.081025171	0.251584384	3.84305E-05	0.009056384	0.001153021	0.000732571	0.047811687	0.027843561	0.081312045	0.055512537
Design 2	0.028426962	0.375251867	0.082294264	0.061840088	0.151515152	0.42903752	0.457627119	1	0.761904762	0.333333333	0	0	0.093559273	0.061820707	0.061339084	0.000623187	0.808047666	3.79472E-06	0.014226222	0.172310602	0.056723143	0.028422197	0.542372881	0.392677134	0.607322866	0.375251867	0.339706296	0.375251867	0.217543302	0.457627119	0.08113481	0.190586552	0.009613359	0.049317524	0.059396708	0.003532203	0.197313863	0.42903752	0.399244144	0.166280508	0.027826572	0.01834798	0.000302375	0.000701348	0.019503696	0.00759564	0.002052828	0.123415181	0.054349988	0.003331701	0.003302274	0.008635183	0.000345267	0.000309809	8.26885E-07	0.009068229	0.031211797	0.046393794	0.00094535	0.154974083	0.03340576	0.01977954	0.031149469	0.360237152	0.003538163	0.000129063	9.98512E-05	0.043602479	0.049552327	0.144424831	8.3649E-06	0.00323322	0.000895423	0.000434649	0.032758236	0.019628634	0.0359782	0.224854786
Design 2	0.044512626	0.375251867	0.082294264	0.061840088	0.151515152	0.42903752	0.457627119	1	0.761904762	0.333333333	0	0	0.093559273	0.061820707	0.061339084	0.000623187	0.808047666	6.77531E-06	0.014226222	0.237173296	0.088939763	0.050675007	0.542372881	0.392677134	0.607322866	0.375251867	0.339706296	0.375251867	0.217543302	0.457627119	0.08113481	0.260303426	0.022787481	0.049317524	0.059396708	0.008388128	0.197313863	0.42903752	0.294475601	0.124285385	0.022267698	0.01834798	0.000302375	0.000935911	0.035354614	0.014548044	0.003841309	0.165081509	0.072661326	0.003331701	0.003302274	0.011538999	0.000345267	0.000309809	8.26885E-07	0.009068229	0.031211797	0.046393794	0.001277148	0.154974083	0.03340576	0.01977954	0.031149469	0.360237152	0.008405328	0.000326779	0.000241591	0.065798278	0.077146093	0.207197111	2.0541E-05	0.006528875	0.001222869	0.000699312	0.048995526	0.026870081	0.062156049	0.137611091
Design 2	0.060598289	0.375251867	0.082294264	0.061840088	0.151515152	0.42903752	0.457627119	1	0.761904762	0.333333333	0	0	0.093559273	0.061820707	0.061339084	0.000623187	0.808047666	1.06075E-05	0.014226222	0.302035989	0.125482334	0.079285764	0.542372881	0.392677134	0.607322866	0.375251867	0.339706296	0.375251867	0.217543302	0.457627119	0.08113481	0.3300203	0.044506979	0.049317524	0.059396708	0.016393843	0.197313863	0.42903752	0.231614475	0.097410801	0.018710322	0.01834798	0.000302375	0.001170475	0.055734367	0.02348685	0.006140785	0.206747837	0.090972664	0.003331701	0.003302274	0.014442814	0.000345267	0.000309809	8.26885E-07	0.009068229	0.031211797	0.046393794	0.001608947	0.154974083	0.03340576	0.01977954	0.031149469	0.360237152	0.016429573	0.000652741	0.000475271	0.087994078	0.104739858	0.269969391	4.06151E-05	0.010766147	0.001550314	0.000996136	0.065232815	0.033916478	0.088333899	0.055121058
Design 2	0.076683953	0.375251867	0.082294264	0.061840088	0.151515152	0.42903752	0.457627119	1	0.761904762	0.333333333	0	0	0.093559273	0.061820707	0.061339084	0.000623187	0.808047666	1.52913E-05	0.014226222	0.366898682	0.165888568	0.114254466	0.542372881	0.392677134	0.607322866	0.375251867	0.339706296	0.375251867	0.217543302	0.457627119	0.08113481	0.399737174	0.076908198	0.049317524	0.059396708	0.028336795	0.197313863	0.42903752	0.189707058	0.078557265	0.016214689	0.01834798	0.000302375	0.001405039	0.080642953	0.034412057	0.008951256	0.248414165	0.109284002	0.003331701	0.003302274	0.01734663	0.000345267	0.000309809	8.26885E-07	0.009068229	0.031211797	0.046393794	0.001940745	0.154974083	0.03340576	0.01977954	0.031149469	0.360237152	0.028400168	0.001139014	0.000823875	0.110189877	0.132333623	0.332741671	7.05618E-05	0.015945034	0.00187776	0.001321392	0.081470105	0.040811241	0.114511748	0.026766857
Design 2	0.092769616	0.375251867	0.082294264	0.061840088	0.151515152	0.42903752	0.457627119	1	0.761904762	0.333333333	0	0	0.093559273	0.061820707	0.061339084	0.000623187	0.808047666	2.08266E-05	0.014226222	0.431761375	0.209819084	0.155581114	0.542372881	0.392677134	0.607322866	0.375251867	0.339706296	0.375251867	0.217543302	0.457627119	0.08113481	0.469454048	0.12212748	0.049317524	0.059396708	0.045004431	0.197313863	0.42903752	0.159773188	0.064509548	0.0143552	0.01834798	0.000302375	0.001639602	0.110080373	0.047323666	0.012272722	0.290080492	0.12759534	0.003331701	0.003302274	0.020250445	0.000345267	0.000309809	8.26885E-07	0.009068229	0.031211797	0.046393794	0.002272544	0.154974083	0.03340576	0.01977954	0.031149469	0.360237152	0.045106382	0.001817658	0.001310388	0.132385676	0.159927389	0.395513951	0.000112355	0.022065537	0.002205206	0.001672369	0.097707395	0.047582407	0.140689598	0.020894686
Design 2	0.044512748	0.375251867	0.082294264	0.061840088	0.151515152	0.42903752	0.322033898	1	0.761904762	0.333333333	0	0	0.068375289	0.061820707	0.061339084	0.000445124	0.808047666	6.77533E-06	0.006012775	0.237173788	0.086466893	0.047975056	0.677966102	0.293371966	0.706628034	0.375251867	0.339706296	0.375251867	0.217543302	0.322033898	0.123709243	0.260303956	0.021577902	0.046696105	0.059396708	0.007942283	0.117789961	0.42903752	0.294475004	0.124285136	0.022267665	0.01834798	0.000302375	0.000935913	0.035354752	0.014548105	0.003841325	0.165081826	0.068773169	0.003331701	0.003663439	0.011539021	0.000345267	0.000249792	6.66698E-07	0.005561962	0.034625531	0.059173737	0.001047652	0.154974083	0.03340576	0.023924094	0.034563423	0.516924427	0.008405376	0.000380786	0.000280309	0.065798447	0.082764932	0.207197588	2.3867E-05	0.006528904	0.001271766	0.000699314	0.048995649	0.026870135	0.067725094	0.160652374
Design 2	0.044512748	0.375251867	0.082294264	0.061840088	0.151515152	0.42903752	0.661016949	1	0.761904762	0.333333333	0	0	0.131335249	0.061820707	0.061339084	0.000890281	0.808047666	6.77533E-06	0.503006387	0.237173788	0.092529726	0.054725417	0.338983051	0.523324091	0.476675909	0.375251867	0.339706296	0.375251867	0.217543302	0.661016949	0.041205913	0.260303956	0.024602174	0.053249653	0.059396708	0.009057017	0.37540281	0.42903752	0.294475004	0.124285136	0.022267665	0.01834798	0.000302375	0.000935913	0.035354752	0.014548105	0.003841325	0.165081826	0.07849391	0.003331701	0.002795179	0.011539021	0.000345267	0.000436503	1.16503E-06	0.016136016	0.026418735	0.034678143	0.001745097	0.154974083	0.03340576	0.014612079	0.026356099	0.164878278	0.008405376	0.000308589	0.000228551	0.065798447	0.071159236	0.207197588	1.94208E-05	0.006528904	0.001176043	0.000699314	0.048995649	0.026870135	0.056559764	0.089682984
Design 2	0.044512748	0.375251867	0.082294264	0.061840088	0.151515152	0.42903752	0.152542373	1	0.761904762	0.333333333	0	0	0.036895309	0.061820707	0.061339084	0.000222546	0.808047666	6.77533E-06	0.001899438	0.237173788	0.08327582	0.044599876	0.847457627	0.152402703	0.847597297	0.375251867	0.339706296	0.375251867	0.217543302	0.152542373	0.232646815	0.260303956	0.020065766	0.04341933	0.059396708	0.007384916	0.046226489	0.42903752	0.294475004	0.124285136	0.022267665	0.01834798	0.000302375	0.000935913	0.035354752	0.014548105	0.003841325	0.165081826	0.063912798	0.003331701	0.00414045	0.011539021	0.000345267	0.000193297	5.15912E-07	0.002238743	0.039134234	0.091911936	0.000825793	0.154974083	0.03340576	0.029995446	0.039072415	0.746455384	0.008405376	0.000616713	0.000449442	0.065798447	0.094597737	0.207197588	3.83964E-05	0.006528904	0.001385904	0.000699314	0.048995649	0.026870135	0.080148199	0.181177013
Design 2	0.044512748	0.375251867	0.082294264	0.061840088	0.151515152	0.42903752	0.830508475	1	0.761904762	0.333333333	0	0	0.16281523	0.061820707	0.061339084	0.001112859	0.808047666	6.77533E-06	0.987689056	0.237173788	0.095421162	0.058100597	0.169491525	0.618327402	0.381672598	0.375251867	0.339706296	0.375251867	0.217543302	0.830508475	0.018168424	0.260303956	0.026114311	0.056526427	0.059396708	0.009614384	0.613457935	0.42903752	0.294475004	0.124285136	0.022267665	0.01834798	0.000302375	0.000935913	0.035354752	0.014548105	0.003841325	0.165081826	0.083354281	0.003331701	0.002404868	0.011539021	0.000345267	0.000593293	0.01912076	0.018964316	0.000199482	0.031938614	0.002300392	0.154974083	0.03340576	0.011149565	0.022666643	0.03397596	0.008405376	0.000323959	0.00023957	0.065798447	0.067327356	0.207197588	2.03673E-05	0.006528904	0.001149483	0.000699314	0.048995649	0.026870135	0.05321162	0.050031843
Design 2	0.007082153	0.62273915	0.082294264	0.061840088	0.151515152	0.42903752	0.457627119	1	0.761904762	0.333333333	0	0	0.093559273	0.061820707	0.061339084	0.000623187	0.808047666	2.96431E-06	0.014226222	0.138414906	0.036479526	0.022222405	0.542372881	0.392677134	0.607322866	0.62273915	0.563750452	0.62273915	0.217543302	0.457627119	0.08113481	0.166543748	0.016785315	0.197310224	0.237643821	0.001536629	0.197313863	0.42903752	0.731623675	0.216059072	0.034415736	0.011016023	0.000302375	0.000390094	0.009182906	0.003068817	0.001554544	0.173985676	0.076574491	0.003331701	0.003302274	0.006533667	0.000345267	0.000309809	8.26885E-07	0.009068229	0.031211797	0.046393794	0.000830924	0.154974083	0.03340576	0.01977954	0.031149469	0.360237152	0.001537971	4.7811E-05	6.81246E-05	0.026007273	0.035132484	0.104602545	3.36104E-06	0.001692184	0.000782499	0.000333464	0.027158587	0.016427423	0.017042242	0.260982624
Design 2	0.015638952	0.62273915	0.082294264	0.061840088	0.151515152	0.42903752	0.457627119	1	0.761904762	0.333333333	0	0	0.093559273	0.061820707	0.061339084	0.000623187	0.808047666	5.17661E-06	0.014226222	0.189507473	0.056724468	0.038739266	0.542372881	0.392677134	0.607322866	0.62273915	0.563750452	0.62273915	0.217543302	0.457627119	0.08113481	0.225399266	0.038426573	0.197310224	0.237643821	0.00353236	0.197313863	0.42903752	0.550337431	0.166278107	0.027826254	0.011016023	0.000302375	0.000514871	0.016596352	0.006320444	0.002882021	0.229808453	0.101107244	0.003331701	0.003302274	0.008635312	0.000345267	0.000309809	8.26885E-07	0.009068229	0.031211797	0.046393794	0.001111031	0.154974083	0.03340576	0.01977954	0.031149469	0.360237152	0.003538321	0.00012907	0.000160573	0.04158447	0.056868187	0.151816779	8.36529E-06	0.003679308	0.001058931	0.000535151	0.040866232	0.022445553	0.035991453	0.19398394
Design 2	0.027855524	0.62273915	0.082294264	0.061840088	0.151515152	0.42903752	0.457627119	1	0.761904762	0.333333333	0	0	0.093559273	0.061820707	0.061339084	0.000623187	0.808047666	9.38692E-06	0.014226222	0.262452511	0.090091708	0.070173149	0.542372881	0.392677134	0.607322866	0.62273915	0.563750452	0.62273915	0.217543302	0.457627119	0.08113481	0.309427499	0.093378579	0.197310224	0.237643821	0.008599969	0.197313863	0.42903752	0.404266104	0.123202809	0.022124398	0.011016023	0.000302375	0.000693015	0.030705171	0.012508742	0.005408395	0.309506831	0.136132744	0.003331701	0.003302274	0.011635838	0.000345267	0.000309809	8.26885E-07	0.009068229	0.031211797	0.046393794	0.001510941	0.154974083	0.03340576	0.01977954	0.031149469	0.360237152	0.008617659	0.000335404	0.00039532	0.063824088	0.087900329	0.219224709	2.10722E-05	0.00746108	0.001453594	0.000863296	0.060436684	0.030775497	0.063045308	0.077659013
Design 2	0.039284703	0.62273915	0.082294264	0.061840088	0.151515152	0.42903752	0.457627119	1	0.761904762	0.333333333	0	0	0.093559273	0.061820707	0.061339084	0.000623187	0.808047666	1.44459E-05	0.014226222	0.330696029	0.125484415	0.107943425	0.542372881	0.392677134	0.607322866	0.62273915	0.563750452	0.62273915	0.217543302	0.457627119	0.08113481	0.388039866	0.177899356	0.197310224	0.237643821	0.016394375	0.197313863	0.42903752	0.322271814	0.097409606	0.018710164	0.011016023	0.000302375	0.000859677	0.047658024	0.019944469	0.008444032	0.384068416	0.168900747	0.003331701	0.003302274	0.014442971	0.000345267	0.000309809	8.26885E-07	0.009068229	0.031211797	0.046393794	0.001885075	0.154974083	0.03340576	0.01977954	0.031149469	0.360237152	0.016430106	0.000652763	0.000756382	0.084630299	0.116932359	0.282288001	4.06165E-05	0.012005176	0.00182282	0.00120746	0.078745764	0.038359192	0.088355464	0.032247551
Design 2	0.051106884	0.62273915	0.082294264	0.061840088	0.151515152	0.42903752	0.457627119	1	0.761904762	0.333333333	0	0	0.093559273	0.061820707	0.061339084	0.000623187	0.808047666	2.08182E-05	0.014226222	0.401286162	0.165888571	0.15551814	0.542372881	0.392677134	0.607322866	0.62273915	0.563750452	0.62273915	0.217543302	0.457627119	0.08113481	0.469355391	0.307400278	0.197310224	0.237643821	0.028336796	0.197313863	0.42903752	0.265257915	0.078557264	0.016214689	0.011016023	0.000302375	0.00103207	0.069011511	0.029310366	0.012267661	0.461193868	0.202795509	0.003331701	0.003302274	0.01734663	0.000345267	0.000309809	8.26885E-07	0.009068229	0.031211797	0.046393794	0.002272074	0.154974083	0.03340576	0.01977954	0.031149469	0.360237152	0.028400169	0.001139014	0.001309592	0.106151949	0.146962681	0.347519781	7.05618E-05	0.017728832	0.002204742	0.001596889	0.097684418	0.046038055	0.114535932	0.019160997
Design 2	0.001416431	0.861026079	0.034912718	0.061840088	0.151515152	0.42903752	0.457627119	1	0.761904762	0.333333333	0	0	0.093559273	0.061820707	0.061339084	0.005918332	0.979195118	1.90815E-05	0.014226222	0.142079849	0.03455694	0.025499925	0.542372881	0.392677134	0.607322866	0.861026079	0.779465753	0.861026079	0.217543302	0.457627119	0.08113481	0.179617714	0.037883645	0.492194703	0.592812064	0.001389468	0.197313863	0.42903752	0.93201133	0.222790054	0.075679946	0.002874843	3.17859E-05	6.67443E-05	0.007626114	0.002385989	0.004125467	0.253327623	0.111443348	0.000666715	0.000449734	0.002274798	0.000927246	0.001801866	4.8092E-06	0.025689391	0.009009466	0.018491746	0.002303058	0.099687852	0.014123467	0.007901878	0.00894571	0.318906236	0.001390469	0.000101169	0.000283422	0.039703418	0.048012127	0.118953439	8.24251E-06	0.003067123	0.00210725	0.000823084	0.051214945	0.035144684	0.022792137	0.053834773
Design 2	0.009121813	0.861026079	0.034912718	0.061840088	0.151515152	0.42903752	0.457627119	1	0.761904762	0.333333333	0	0	0.093559273	0.061820707	0.061339084	0.005918332	0.979195118	3.54637E-05	0.014226222	0.201686773	0.056730317	0.047511371	0.542372881	0.392677134	0.607322866	0.861026079	0.779465753	0.861026079	0.217543302	0.457627119	0.08113481	0.251491641	0.095856589	0.492194703	0.592812064	0.003533055	0.197313863	0.42903752	0.678683688	0.166267508	0.059836003	0.002874843	3.17859E-05	9.18002E-05	0.014911287	0.005581354	0.00787176	0.3457755	0.152071942	0.000666715	0.000449734	0.00312745	0.000927246	0.001801866	4.8092E-06	0.025689391	0.009009466	0.018491746	0.003156451	0.099687852	0.014123467	0.007901878	0.00894571	0.318906236	0.003539017	0.000279271	0.000722616	0.062438388	0.077475564	0.178012054	2.16522E-05	0.006555551	0.002903	0.001333539	0.07557475	0.047945484	0.046491492	0.01642065
Design 2	0.014164306	0.861026079	0.034912718	0.061840088	0.151515152	0.42903752	0.457627119	1	0.761904762	0.333333333	0	0	0.093559273	0.061820707	0.061339084	0.005918332	0.979195118	4.89069E-05	0.014226222	0.240694244	0.07299087	0.065573961	0.542372881	0.392677134	0.607322866	0.861026079	0.779465753	0.861026079	0.217543302	0.457627119	0.08113481	0.298526784	0.155171996	0.492194703	0.592812064	0.005726279	0.197313863	0.42903752	0.575070821	0.141719235	0.05295483	0.002874843	3.17859E-05	0.000108197	0.0208895	0.00820347	0.010945968	0.406274478	0.178659772	0.000666715	0.000449734	0.003685435	0.000927246	0.001801866	4.8092E-06	0.025689391	0.009009466	0.018491746	0.003714921	0.099687852	0.014123467	0.007901878	0.00894571	0.318906236	0.005737318	0.000461497	0.001171981	0.07731642	0.096756784	0.216660707	3.53724E-05	0.009418154	0.003423749	0.00170408	0.091516093	0.056117402	0.062000629	0.008702938
Design 2	0.019093484	0.861026079	0.034912718	0.061840088	0.151515152	0.42903752	0.457627119	1	0.761904762	0.333333333	0	0	0.093559273	0.061820707	0.061339084	0.005918332	0.979195118	6.41299E-05	0.014226222	0.278825144	0.090100094	0.086027749	0.542372881	0.392677134	0.607322866	0.861026079	0.779465753	0.861026079	0.217543302	0.457627119	0.08113481	0.344504958	0.232932444	0.492194703	0.592812064	0.008601521	0.197313863	0.42903752	0.499734032	0.123195002	0.047762266	0.002874843	3.17859E-05	0.000124225	0.027659132	0.011172713	0.014427151	0.465413928	0.204650123	0.000666715	0.000449734	0.004230882	0.000927246	0.001801866	4.8092E-06	0.025689391	0.009009466	0.018491746	0.004260841	0.099687852	0.014123467	0.007901878	0.00894571	0.318906236	0.008619215	0.000700388	0.001761083	0.091860114	0.115604719	0.25444085	5.33591E-05	0.012659721	0.003932795	0.002091388	0.107099203	0.063979524	0.077161246	0.007137026
Design 2	0.028413598	0.861026079	0.034912718	0.061840088	0.151515152	0.42903752	0.457627119	1	0.761904762	0.333333333	0	0	0.093559273	0.061820707	0.061339084	0.005918332	0.979195118	9.85382E-05	0.014226222	0.350923225	0.125460059	0.132259394	0.542372881	0.392677134	0.607322866	0.861026079	0.779465753	0.861026079	0.217543302	0.457627119	0.08113481	0.4314407	0.443520702	0.492194703	0.592812064	0.016388155	0.197313863	0.42903752	0.399360235	0.097423592	0.040538233	0.002874843	3.17859E-05	0.000154532	0.042960514	0.017884084	0.022295662	0.577235074	0.253792797	0.000666715	0.000449734	0.005262214	0.000927246	0.001801866	4.8092E-06	0.025689391	0.009009466	0.018491746	0.005293069	0.099687852	0.014123467	0.007901878	0.00894571	0.318906236	0.016423871	0.001347347	0.00335647	0.119359398	0.15124248	0.32587572	0.00010207	0.019986626	0.004895301	0.002885444	0.13656382	0.07856344	0.10582701	0.004844083
Design 2	0.009119892	0.861026079	0.082294264	0.061840088	0.151515152	0.42903752	0.457627119	1	0.761904762	0.333333333	0	0	0.093559273	0.061820707	0.061339084	0.000623187	0.808047666	6.35072E-06	0.014226222	0.201671913	0.056724375	0.047505042	0.542372881	0.392677134	0.607322866	0.861026079	0.779465753	0.861026079	0.217543302	0.457627119	0.08113481	0.251473724	0.095837511	0.492194703	0.592812064	0.003532349	0.197313863	0.42903752	0.678730035	0.166278275	0.027826276	0.007735909	0.000302375	0.000419809	0.014909193	0.005580435	0.003586536	0.345752454	0.152061814	0.003331701	0.003302274	0.008635303	0.000345267	0.000309809	8.26885E-07	0.009068229	0.031211797	0.046393794	0.001235126	0.154974083	0.03340576	0.01977954	0.031149469	0.360237152	0.00353831	0.000129069	0.000219032	0.04028629	0.062043161	0.156848484	8.36526E-06	0.003998849	0.001181398	0.000612062	0.046939059	0.024476593	0.035999348	0.178828144
Design 2	0.014164306	0.861026079	0.082294264	0.061840088	0.151515152	0.42903752	0.457627119	1	0.761904762	0.333333333	0	0	0.093559273	0.061820707	0.061339084	0.000623187	0.808047666	8.7709E-06	0.014226222	0.240694244	0.07299087	0.065573961	0.542372881	0.392677134	0.607322866	0.861026079	0.779465753	0.861026079	0.217543302	0.457627119	0.08113481	0.298526784	0.155171996	0.492194703	0.592812064	0.005726279	0.197313863	0.42903752	0.575070821	0.141719235	0.024575408	0.007735909	0.000302375	0.000493367	0.0208895	0.00820347	0.005038754	0.406274478	0.178659772	0.003331701	0.003302274	0.01015326	0.000345267	0.000309809	8.26885E-07	0.009068229	0.031211797	0.046393794	0.001459062	0.154974083	0.03340576	0.01977954	0.031149469	0.360237152	0.005737318	0.000218398	0.000356855	0.051311058	0.078643968	0.191826753	1.38665E-05	0.005894218	0.001402396	0.000792823	0.057897872	0.029036718	0.049687205	0.105398034
Design 2	0.019091106	0.861026079	0.082294264	0.061840088	0.151515152	0.42903752	0.457627119	1	0.761904762	0.333333333	0	0	0.093559273	0.061820707	0.061339084	0.000623187	0.808047666	1.15091E-05	0.014226222	0.278806748	0.090091563	0.086017214	0.542372881	0.392677134	0.607322866	0.861026079	0.779465753	0.861026079	0.217543302	0.457627119	0.08113481	0.344482776	0.232889752	0.492194703	0.592812064	0.008599942	0.197313863	0.42903752	0.499765777	0.123202943	0.022124416	0.007735909	0.000302375	0.000565211	0.027655645	0.011171183	0.006681799	0.465385397	0.204637584	0.003331701	0.003302274	0.011635826	0.000345267	0.000309809	8.26885E-07	0.009068229	0.031211797	0.046393794	0.001677777	0.154974083	0.03340576	0.01977954	0.031149469	0.360237152	0.008617633	0.000335403	0.000537379	0.062078778	0.094857718	0.225989484	2.10721E-05	0.008038648	0.001618242	0.000981602	0.068601174	0.033420184	0.063055923	0.06283877
Design 2	0.028419647	0.861026079	0.082294264	0.061840088	0.151515152	0.42903752	0.457627119	1	0.761904762	0.333333333	0	0	0.093559273	0.061820707	0.061339084	0.000623187	0.808047666	1.77073E-05	0.014226222	0.350970017	0.125484216	0.132292609	0.542372881	0.392677134	0.607322866	0.861026079	0.779465753	0.861026079	0.217543302	0.457627119	0.08113481	0.431497122	0.443687549	0.492194703	0.592812064	0.016394324	0.197313863	0.42903752	0.399307684	0.09740972	0.018710179	0.007735909	0.000302375	0.000701241	0.042971507	0.017888906	0.010401001	0.577307646	0.253824691	0.003331701	0.003302274	0.014442956	0.000345267	0.000309809	8.26885E-07	0.009068229	0.031211797	0.046393794	0.002091898	0.154974083	0.03340576	0.01977954	0.031149469	0.360237152	0.016430055	0.000652761	0.001027024	0.082466675	0.12555728	0.290674143	4.06164E-05	0.012892783	0.00202693	0.001369183	0.088867102	0.041562553	0.088368623	0.022796151
Design 2	0.038068957	0.861026079	0.082294264	0.061840088	0.151515152	0.42903752	0.457627119	1	0.761904762	0.333333333	0	0	0.093559273	0.061820707	0.061339084	0.000623187	0.808047666	2.55145E-05	0.014226222	0.425614684	0.165888309	0.190580208	0.542372881	0.392677134	0.607322866	0.861026079	0.779465753	0.861026079	0.217543302	0.457627119	0.08113481	0.521503535	0.766667415	0.492194703	0.592812064	0.028336708	0.197313863	0.42903752	0.329455166	0.078557364	0.016214702	0.007735909	0.000302375	0.000841949	0.062263073	0.02635042	0.015085636	0.693078443	0.304703142	0.003331701	0.003302274	0.017346612	0.000345267	0.000309809	8.26885E-07	0.009068229	0.031211797	0.046393794	0.002520259	0.154974083	0.03340576	0.01977954	0.031149469	0.360237152	0.028400081	0.001139011	0.001777246	0.103555629	0.157312475	0.357583043	7.05616E-05	0.019006958	0.002449671	0.00180774	0.109829893	0.049807101	0.114551722	0.015917321
Design 2	0.038069405	0.861026079	0.142144638	0.061840088	0.151515152	0.42903752	0.457627119	1	0.761904762	0.333333333	0	0	0.093559273	0.061820707	0.061339084	0.000134583	0.386236606	7.91219E-06	0.014226222	0.42561815	0.165890269	0.190583161	0.542372881	0.392677134	0.607322866	0.861026079	0.779465753	0.861026079	0.217543302	0.457627119	0.08113481	0.521507715	0.766685213	0.492194703	0.592812064	0.028337366	0.197313863	0.42903752	0.329452463	0.078556617	0.00940208	0.013876203	0.001400106	0.002342931	0.06226405	0.026350848	0.008952864	0.693083818	0.304705504	0.00995713	0.011639351	0.034352507	0.000172717	0.000108953	2.90796E-07	0.006806755	0.06600461	0.069392619	0.001196553	0.206403677	0.059957375	0.040829517	0.06594452	0.472696691	0.02840074	0.000626679	0.000716098	0.080170862	0.138808507	0.331119949	3.39549E-05	0.014105755	0.001327939	0.001079848	0.081478621	0.031792473	0.101706121	0.040468592
Design 2	0.028413598	0.861026079	0.142144638	0.061840088	0.151515152	0.42903752	0.457627119	1	0.761904762	0.333333333	0	0	0.093559273	0.061820707	0.061339084	0.000134583	0.386236606	5.48178E-06	0.014226222	0.350923225	0.125460059	0.132259394	0.542372881	0.392677134	0.607322866	0.861026079	0.779465753	0.861026079	0.217543302	0.457627119	0.08113481	0.4314407	0.443520702	0.492194703	0.592812064	0.016388155	0.197313863	0.42903752	0.399360235	0.097423592	0.010900527	0.013876203	0.001400106	0.001951813	0.042960514	0.017884084	0.006140339	0.577235074	0.253792797	0.00995713	0.011639351	0.028610869	0.000172717	0.000108953	2.90796E-07	0.006806755	0.06600461	0.069392619	0.000988659	0.206403677	0.059957375	0.040829517	0.06594452	0.472696691	0.016423871	0.000356115	0.000412747	0.062967717	0.110118059	0.26857973	1.94233E-05	0.009486303	0.001091986	0.000810715	0.06522998	0.02624796	0.077647838	0.104559152
Design 2	0.019093484	0.861026079	0.142144638	0.061840088	0.151515152	0.42903752	0.457627119	1	0.761904762	0.333333333	0	0	0.093559273	0.061820707	0.061339084	0.000134583	0.386236606	3.55526E-06	0.014226222	0.278825144	0.090100094	0.086027749	0.542372881	0.392677134	0.607322866	0.861026079	0.779465753	0.861026079	0.217543302	0.457627119	0.08113481	0.344504958	0.232932444	0.492194703	0.592812064	0.008601521	0.197313863	0.42903752	0.499734032	0.123195002	0.012947336	0.013876203	0.001400106	0.001574292	0.027659132	0.011172713	0.003910928	0.465413928	0.204650123	0.00995713	0.011639351	0.023068846	0.000172717	0.000108953	2.90796E-07	0.006806755	0.06600461	0.069392619	0.000787994	0.206403677	0.059957375	0.040829517	0.06594452	0.472696691	0.008619215	0.000179803	0.00021507	0.046362657	0.082425063	0.208213787	9.95383E-06	0.00582459	0.000864237	0.000573238	0.04954624	0.0207808	0.054425966	0.227986611
Design 2	0.014164306	0.861026079	0.142144638	0.061840088	0.151515152	0.42903752	0.457627119	1	0.761904762	0.333333333	0	0	0.093559273	0.061820707	0.061339084	0.000134583	0.386236606	2.70293E-06	0.014226222	0.240694244	0.07299087	0.065573961	0.542372881	0.392677134	0.607322866	0.861026079	0.779465753	0.861026079	0.217543302	0.457627119	0.08113481	0.298526784	0.155171996	0.492194703	0.592812064	0.005726279	0.197313863	0.42903752	0.575070821	0.141719235	0.014418563	0.013876203	0.001400106	0.001374631	0.0208895	0.00820347	0.002924593	0.406274478	0.178659772	0.00995713	0.011639351	0.020137806	0.000172717	0.000108953	2.90796E-07	0.006806755	0.06600461	0.069392619	0.000681866	0.206403677	0.059957375	0.040829517	0.06594452	0.472696691	0.005737318	0.0001147	0.000142078	0.03758065	0.067778919	0.176287725	6.4572E-06	0.004204577	0.000743785	0.000457407	0.041251496	0.01783348	0.042144489	0.298844151
Design 2	0.009121813	0.861026079	0.142144638	0.061840088	0.151515152	0.42903752	0.457627119	1	0.761904762	0.333333333	0	0	0.093559273	0.061820707	0.061339084	0.000134583	0.386236606	1.95025E-06	0.014226222	0.201686773	0.056730317	0.047511371	0.542372881	0.392677134	0.607322866	0.861026079	0.779465753	0.861026079	0.217543302	0.457627119	0.08113481	0.251491641	0.095856589	0.492194703	0.592812064	0.003533055	0.197313863	0.42903752	0.678683688	0.166267508	0.016368228	0.013876203	0.001400106	0.00117038	0.014911287	0.005581354	0.002053567	0.3457755	0.152071942	0.00995713	0.011639351	0.017139385	0.000172717	0.000108953	2.90796E-07	0.006806755	0.06600461	0.069392619	0.000573299	0.206403677	0.059957375	0.040829517	0.06594452	0.472696691	0.003539017	6.50391E-05	8.63989E-05	0.028596757	0.052796082	0.143627732	3.78999E-06	0.002773955	0.000620565	0.00034659	0.032766069	0.014770024	0.02958068	0.344703016
Design 2	0.028413881	0.861026079	0.142144638	0.061840088	0.151515152	0.42903752	0.016949153	1	0.761904762	0.333333333	0	0	0.011711325	0.061820707	0.061339084	9.58293E-06	0.386236606	5.48184E-06	0.000166637	0.350925416	0.113856964	0.109409581	0.983050847	0.023348484	0.976651516	0.861026079	0.779465753	0.861026079	0.217543302	0.016949153	0.673659193	0.431443343	0.367006994	0.407265975	0.592812064	0.013559012	0.004471341	0.42903752	0.399357774	0.097422942	0.010900475	0.013876203	0.001400106	0.001951824	0.042961029	0.01788431	0.006140414	0.577238472	0.209906679	0.00995713	0.015508578	0.028611038	0.000172717	5.68153E-05	1.51641E-07	0.000333049	0.08794777	0.263570866	0.000607396	0.206403677	0.059957375	0.064533187	0.087889092	0.972535596	0.016424161	0.00327526	0.003685635	0.062968222	0.172519051	0.268581565	0.000176207	0.009486426	0.00153409	0.000810723	0.065230457	0.026248124	0.137921811	0.067145029
Design 2	0.028413881	0.861026079	0.142144638	0.061840088	0.151515152	0.42903752	0.06779661	1	0.761904762	0.333333333	0	0	0.021155319	0.061820707	0.061339084	2.4006E-05	0.386236606	5.48184E-06	0.000723654	0.350925416	0.115254052	0.112046277	0.93220339	0.073638709	0.926361291	0.861026079	0.779465753	0.861026079	0.217543302	0.06779661	0.3820292	0.431443343	0.3758364	0.417065444	0.592812064	0.013885485	0.018818576	0.42903752	0.399357774	0.097422942	0.010900475	0.013876203	0.001400106	0.001951824	0.042961029	0.01788431	0.006140414	0.577238472	0.214970634	0.00995713	0.015038594	0.028611038	0.000172717	6.1084E-05	1.63034E-07	0.001067234	0.085282394	0.166667817	0.000640831	0.206403677	0.059957375	0.06140799	0.085223545	0.906634621	0.016424161	0.001367911	0.001547153	0.062968222	0.149052067	0.268581565	7.37656E-05	0.009486426	0.001356511	0.000810723	0.065230457	0.026248124	0.114170087	0.066417998
Design 2	0.028413881	0.861026079	0.142144638	0.061840088	0.151515152	0.42903752	0.152542373	1	0.761904762	0.333333333	0	0	0.036895309	0.061820707	0.061339084	4.80445E-05	0.386236606	5.48184E-06	0.001899438	0.350925416	0.117546549	0.116440771	0.847457627	0.152402703	0.847597297	0.861026079	0.779465753	0.861026079	0.217543302	0.152542373	0.232646815	0.431443343	0.390552077	0.433397891	0.592812064	0.014429606	0.046226489	0.42903752	0.399357774	0.097422942	0.010900475	0.013876203	0.001400106	0.001951824	0.042961029	0.01788431	0.006140414	0.577238472	0.223410559	0.00995713	0.014268696	0.028611038	0.000172717	6.90095E-05	1.84187E-07	0.002285011	0.08091615	0.117792781	0.00070167	0.206403677	0.059957375	0.05643451	0.080857019	0.801758944	0.016424161	0.000737247	0.000840065	0.062968222	0.132783633	0.268581565	3.98934E-05	0.009486426	0.001238735	0.000810723	0.065230457	0.026248124	0.09830244	0.097568472
Design 2	0.028413881	0.861026079	0.142144638	0.061840088	0.151515152	0.42903752	0.322033898	1	0.761904762	0.333333333	0	0	0.068375289	0.061820707	0.061339084	9.61214E-05	0.386236606	5.48184E-06	0.006012775	0.350925416	0.122005462	0.125229759	0.677966102	0.293371966	0.706628034	0.861026079	0.779465753	0.861026079	0.217543302	0.322033898	0.123709243	0.431443343	0.419983431	0.466062787	0.592812064	0.015517849	0.117789961	0.42903752	0.399357774	0.097422942	0.010900475	0.013876203	0.001400106	0.001951824	0.042961029	0.01788431	0.006140414	0.577238472	0.24029041	0.00995713	0.012780051	0.028611038	0.000172717	8.85932E-05	2.36456E-07	0.004746666	0.072473748	0.082868786	0.000846031	0.206403677	0.059957375	0.047335632	0.072414075	0.609891032	0.016424161	0.000433268	0.00049925	0.062968222	0.117415994	0.268581565	2.35671E-05	0.009486426	0.001136002	0.000810723	0.065230457	0.026248124	0.084041311	0.116303496
Design 2	0.028413881	0.861026079	0.142144638	0.061840088	0.151515152	0.42903752	0.661016949	1	0.761904762	0.333333333	0	0	0.131335249	0.061820707	0.061339084	0.000192275	0.386236606	5.48184E-06	0.503006387	0.350925416	0.13047711	0.142807735	0.338983051	0.523324091	0.476675909	0.861026079	0.779465753	0.861026079	0.217543302	0.661016949	0.041205913	0.431443343	0.47884614	0.531392577	0.592812064	0.017694335	0.37540281	0.42903752	0.399357774	0.097422942	0.010900475	0.013876203	0.001400106	0.001951824	0.042961029	0.01788431	0.006140414	0.577238472	0.274050112	0.00995713	0.010014557	0.028611038	0.000172717	0.000150831	4.02569E-07	0.010215044	0.056790076	0.056692314	0.001263796	0.206403677	0.059957375	0.032270242	0.056729394	0.292207402	0.016424161	0.000313571	0.000365048	0.062968222	0.102343307	0.268581565	1.71383E-05	0.009486426	0.001049844	0.000810723	0.065230457	0.026248124	0.071224048	0.068319464
Design 2	0.028413881	0.861026079	0.142144638	0.061840088	0.151515152	0.42903752	0.830508475	1	0.761904762	0.333333333	0	0	0.16281523	0.061820707	0.061339084	0.000240352	0.386236606	5.48184E-06	0.987689056	0.350925416	0.134517338	0.151596723	0.169491525	0.618327402	0.381672598	0.861026079	0.779465753	0.861026079	0.217543302	0.830508475	0.018168424	0.431443343	0.508277494	0.564057472	0.592812064	0.018782578	0.613457935	0.42903752	0.399357774	0.097422942	0.010900475	0.013876203	0.001400106	0.001951824	0.042961029	0.01788431	0.006140414	0.577238472	0.290929963	0.00995713	0.008742142	0.028611038	0.000172717	0.000201185	0.00692783	0.006769442	0.000438441	0.069581754	0.001570309	0.206403677	0.059957375	0.026157548	0.049512811	0.163309127	0.016424161	0.000309177	0.000360122	0.062968222	0.097366723	0.268581565	1.69023E-05	0.009486426	0.001025938	0.000810723	0.065230457	0.026248124	0.067380539	0.040804144
Design 2	0.028413881	0.861026079	0.142144638	0.061840088	0.151515152	0.42903752	1	1	0.761904762	0.333333333	0	0	0.19429521	0.061820707	0.061339084	0.000288429	0.386236606	5.48184E-06	1	0.350925416	0.138442191	0.160385711	0	0.702930753	0.297069247	0.861026079	0.779465753	0.861026079	0.217543302	1	0	0.431443343	0.537708848	0.596722367	0.592812064	0.019870821	1	0.42903752	0.399357774	0.097422942	0.010900475	0.013876203	0.001400106	0.001951824	0.042961029	0.01788431	0.006140414	0.577238472	0.307809814	0.00995713	0.00754649	0.028611038	0.000172717	0.000273546	0.010653232	0.010495437	0.000351772	0.055928879	0.001977463	0.206403677	0.059957375	0.020895903	0.042731589	0.052356899	0.016424161	0.000323038	0.000375663	0.062968222	0.093168993	0.268581565	1.76468E-05	0.009486426	0.001007854	0.000810723	0.065230457	0.026248124	0.064336743	0.021565791
Design 2	0.014164306	0.861026079	0.082294264	0.153758412	0.151515152	0.42903752	0.457627119	1	0.761904762	0.333333333	0	0	0.221719487	0.153711375	0.152513865	0.000623187	0.58490734	3.11604E-06	0.014226222	0.240694244	0.082640106	0.0833398	0.542372881	0.593487467	0.406512533	0.861026079	0.779465753	0.861026079	0.217543302	0.457627119	0.08113481	0.298526784	0.197091985	0.625178901	0.592812064	0.007276297	0.197313863	0.42903752	0.575070821	0.141719235	0.024575408	0.007735909	0.000742113	0.000940072	0.0208895	0.002547088	0.001907153	0.406274478	0.227082742	0.006327058	0.007018853	0.01015326	0.000230813	0.000163572	4.36576E-07	0.013580962	0.066340906	0.05982641	0.00068806	0.255099498	0.063506066	0.040486515	0.066280839	0.417768208	0.005737318	3.52314E-05	8.34953E-05	0.021453019	0.035479554	0.165204214	2.34705E-06	0.001806993	0.000657363	0.000335091	0.031190011	0.01520774	0.016328356	0.27172031
Design 2	0.019093484	0.861026079	0.082294264	0.153758412	0.151515152	0.42903752	0.457627119	1	0.761904762	0.333333333	0	0	0.221719487	0.153711375	0.152513865	0.000623187	0.58490734	4.09686E-06	0.014226222	0.278825144	0.101922371	0.109319209	0.542372881	0.593487467	0.406512533	0.861026079	0.779465753	0.861026079	0.217543302	0.457627119	0.08113481	0.344504958	0.29585953	0.625178901	0.592812064	0.01092829	0.197313863	0.42903752	0.499734032	0.123195002	0.022123365	0.007735909	0.000742113	0.001076723	0.027659132	0.003757055	0.002577039	0.465413928	0.260094424	0.006327058	0.007018853	0.011636541	0.000230813	0.000163572	4.36576E-07	0.013580962	0.066340906	0.05982641	0.000795086	0.255099498	0.063506066	0.040486515	0.066280839	0.417768208	0.008619215	6.05115E-05	0.000127131	0.02789652	0.04544229	0.195523166	3.78398E-06	0.002681299	0.000765283	0.000424288	0.03802584	0.017817974	0.024866493	0.240290209
Design 2	0.028419263	0.861026079	0.082294264	0.153758412	0.151515152	0.42903752	0.457627119	1	0.761904762	0.333333333	0	0	0.221719487	0.153711375	0.152513865	0.000623187	0.58490734	6.31529E-06	0.014226222	0.350967053	0.141798905	0.168079916	0.542372881	0.593487467	0.406512533	0.861026079	0.779465753	0.861026079	0.217543302	0.457627119	0.08113481	0.431493548	0.563537007	0.625178901	0.592812064	0.020825833	0.197313863	0.42903752	0.399311012	0.097410599	0.018710296	0.007735909	0.000742113	0.001335259	0.042970811	0.006493779	0.0040922	0.577303049	0.322551007	0.006327058	0.007018853	0.014442841	0.000230813	0.000163572	4.36576E-07	0.013580962	0.066340906	0.05982641	0.000997573	0.255099498	0.063506066	0.040486515	0.066280839	0.417768208	0.016429663	0.000129025	0.000245392	0.040087327	0.064291328	0.25288523	7.67833E-06	0.004658818	0.000969462	0.000607273	0.050958913	0.022662762	0.041020256	0.12877487
Design 2	0.038073654	0.861026079	0.082294264	0.153758412	0.151515152	0.42903752	0.457627119	1	0.761904762	0.333333333	0	0	0.221719487	0.153711375	0.152513865	0.000623187	0.58490734	9.11193E-06	0.014226222	0.425651022	0.187359606	0.242155984	0.542372881	0.593487467	0.406512533	0.861026079	0.779465753	0.861026079	0.217543302	0.457627119	0.08113481	0.521547351	0.974020801	0.625178901	0.592812064	0.036003731	0.197313863	0.42903752	0.32942683	0.078549536	0.016213666	0.007735909	0.000742113	0.001602905	0.062273318	0.009943801	0.006002271	0.693134801	0.387208369	0.006327058	0.007018853	0.017348025	0.000230813	0.000163572	4.36576E-07	0.013580962	0.066340906	0.05982641	0.001207195	0.255099498	0.063506066	0.040486515	0.066280839	0.417768208	0.028406997	0.000234091	0.000426745	0.052707702	0.083804548	0.312268557	1.36503E-05	0.007151758	0.001180837	0.000814497	0.064347709	0.027572377	0.057743228	0.055009208
Design 2	0.107648725	0.051835158	0.082294264	0.061840088	0.151515152	0	0.457627119	1	0.761904762	0.333333333	0	0	0.093559273	0.061820707	0.061339084	0.000623187	0.398071006	7.2755E-07	0.014226222	0.126692889	0.08373839	0.010642021	0.542372881	0.392677134	0.607322866	0.051835158	0.046925095	0.051835158	0.217543302	0.457627119	0.08113481	0.110118688	0.000121271	0.000560628	0.000672352	0.003532203	0.197313863	0	0.138810198	0.073505966	0.015546051	0.083634385	0.001346038	0.003919419	0.032247555	0.01318525	0.000623816	0.036205857	0.01602361	0.009680921	0.011287101	0.018302315	0.00017588	0.000111618	2.97909E-07	0.008810009	0.050563527	0.04707036	0.000338184	0.154974083	0.046033146	0.031227542	0.050502444	0.469322425	0.003538163	8.9288E-05	1.74484E-05	0.040217756	0.035058032	0.122892016	5.11214E-06	0.002086073	0.000351991	0.000170893	0.014017005	0.00934241	0.035940063	0.429989321
Design 2	0.182011331	0.051835158	0.082294264	0.061840088	0.151515152	0	0.457627119	1	0.761904762	0.333333333	0	0	0.093559273	0.061820707	0.061339084	0.000623187	0.398071006	1.88037E-06	0.014226222	0.21359227	0.169791959	0.026963104	0.542372881	0.392677134	0.607322866	0.051835158	0.046925095	0.051835158	0.217543302	0.457627119	0.08113481	0.18518363	0.000481927	0.000560628	0.000672352	0.014054057	0.197313863	0	0.080363799	0.037468559	0.010775797	0.083634385	0.001346038	0.006207113	0.082162996	0.035078767	0.001935559	0.058249824	0.025711398	0.009680921	0.011287101	0.029023153	0.00017588	0.000111618	2.97909E-07	0.008810009	0.050563527	0.04707036	0.000564651	0.154974083	0.046033146	0.031227542	0.050502444	0.469322425	0.014084372	0.000399593	7.98909E-05	0.077085984	0.074892117	0.220182698	2.18369E-05	0.00674272	0.000608018	0.000404409	0.031499877	0.016672491	0.081729054	0.220157049
Design 2	0.256373938	0.051835158	0.082294264	0.061840088	0.151515152	0	0.457627119	1	0.761904762	0.333333333	0	0	0.093559273	0.061820707	0.061339084	0.000623187	0.398071006	3.55382E-06	0.014226222	0.300491651	0.273589451	0.050654999	0.542372881	0.392677134	0.607322866	0.051835158	0.046925095	0.051835158	0.217543302	0.457627119	0.08113481	0.260248572	0.00123522	0.000560628	0.000672352	0.03603081	0.197313863	0	0.053388538	0.019110584	0.008345761	0.083634385	0.001346038	0.008494808	0.154620895	0.066859677	0.003839701	0.080293791	0.035399185	0.009680921	0.011287101	0.03974399	0.00017588	0.000111618	2.97909E-07	0.008810009	0.050563527	0.04707036	0.000791118	0.154974083	0.046033146	0.031227542	0.050502444	0.469322425	0.036111991	0.00104772	0.000210313	0.113954211	0.114726201	0.317473379	5.67696E-05	0.013502369	0.000864045	0.000681388	0.04898275	0.023709548	0.127518044	0.087166339
Design 2	0.330736544	0.051835158	0.082294264	0.061840088	0.151515152	0	0.457627119	1	0.761904762	0.333333333	0	0	0.093559273	0.061820707	0.061339084	0.000623187	0.398071006	5.74789E-06	0.014226222	0.387391032	0.39249202	0.081717706	0.542372881	0.392677134	0.607322866	0.051835158	0.046925095	0.051835158	0.217543302	0.457627119	0.08113481	0.335313514	0.002525807	0.000560628	0.000672352	0.073682686	0.197313863	0	0.037857327	0.007777119	0.006845556	0.083634385	0.001346038	0.010782503	0.249621251	0.108527982	0.006336243	0.102337758	0.045086973	0.009680921	0.011287101	0.050464828	0.00017588	0.000111618	2.97909E-07	0.008810009	0.050563527	0.04707036	0.001017585	0.154974083	0.046033146	0.031227542	0.050502444	0.469322425	0.073851015	0.002158129	0.00043376	0.150822438	0.154560285	0.41476406	0.000116618	0.022365019	0.001120072	0.00099483	0.066465622	0.030542326	0.173307034	0.049640365
Design 2	0.40509915	0.051835158	0.082294264	0.061840088	0.151515152	0	0.457627119	1	0.761904762	0.333333333	0	0	0.093559273	0.061820707	0.061339084	0.000623187	0.398071006	8.46259E-06	0.014226222	0.474290412	0.524778489	0.120151225	0.542372881	0.392677134	0.607322866	0.051835158	0.046925095	0.051835158	0.217543302	0.457627119	0.08113481	0.410378456	0.004498343	0.000560628	0.000672352	0.131229911	0.197313863	0	0.02776204	0	0.005816102	0.083634385	0.001346038	0.013070197	0.367164064	0.160083682	0.009425185	0.124381725	0.054774761	0.009680921	0.011287101	0.061185665	0.00017588	0.000111618	2.97909E-07	0.008810009	0.050563527	0.04707036	0.001244052	0.154974083	0.046033146	0.031227542	0.050502444	0.469322425	0.131531437	0.003855281	0.000775277	0.187690665	0.19439437	0.512054741	0.000208091	0.033330671	0.0013761	0.001340227	0.083948495	0.037219117	0.219096024	0.043041162
Design 2	0.082152975	0.051835158	0.082294264	0.061840088	0.151515152	1	0.457627119	1	0.761904762	0.333333333	0	0	0.093559273	0.061820707	0.061339084	0.000623187	0.931781951	1.42565E-06	0.014226222	0.096898816	0.029784177	0.006743012	0.542372881	0.392677134	0.607322866	0.051835158	0.046925095	0.051835158	0.217543302	0.457627119	0.08113481	0.084382136	6.19988E-05	0.000560628	0.000672352	0.001802968	0.197313863	1	0.178470255	0.330741717	0.049596222	0.083634385	0.000104588	0.00087244	0.020323055	0.007955021	0.000310449	0.006845515	0.003120454	0.001560703	0.001281884	0.004023241	0.000551653	0.000724352	1.93331E-06	0.011357229	0.020602102	0.041429116	0.000590754	0.154974083	0.02659379	0.01511275	0.020539092	0.330122391	0.001804926	7.26658E-05	9.26975E-06	0.042291988	0.014850645	0.089535212	5.42961E-06	0.000973628	0.000520068	0.000159332	0.008022877	0.011485359	0.020240981	0.354937373
Design 2	0.14164306	0.051835158	0.082294264	0.061840088	0.151515152	1	0.457627119	1	0.761904762	0.333333333	0	0	0.093559273	0.061820707	0.061339084	0.000623187	0.931781951	3.63047E-06	0.014226222	0.166418321	0.06229804	0.017188505	0.542372881	0.392677134	0.607322866	0.051835158	0.046925095	0.051835158	0.217543302	0.457627119	0.08113481	0.14443409	0.000246655	0.000560628	0.000672352	0.007190158	0.197313863	1	0.105412256	0.219712065	0.034899281	0.083634385	0.000104588	0.001382731	0.052268937	0.021966871	0.001149964	0.011762617	0.0052814	0.001560703	0.001281884	0.006414618	0.000551653	0.000724352	1.93331E-06	0.011357229	0.020602102	0.041429116	0.000964554	0.154974083	0.02659379	0.01511275	0.020539092	0.330122391	0.007204585	0.000333614	4.74271E-05	0.080370183	0.042897086	0.167367756	2.30971E-05	0.003953882	0.000874141	0.000381846	0.022009175	0.01990121	0.056872173	0.163784199
Design 2	0.201133144	0.051835158	0.082294264	0.061840088	0.151515152	1	0.457627119	1	0.761904762	0.333333333	0	0	0.093559273	0.061820707	0.061339084	0.000623187	0.931781951	6.83101E-06	0.014226222	0.235937825	0.101516141	0.032351318	0.542372881	0.392677134	0.607322866	0.051835158	0.046925095	0.051835158	0.217543302	0.457627119	0.08113481	0.204486043	0.000632341	0.000560628	0.000672352	0.018442255	0.197313863	1	0.071693179	0.163151956	0.027412447	0.083634385	0.000104588	0.001893021	0.098641992	0.042306654	0.002368615	0.016679718	0.007442347	0.001560703	0.001281884	0.008805996	0.000551653	0.000724352	1.93331E-06	0.011357229	0.020602102	0.041429116	0.001338354	0.154974083	0.02659379	0.01511275	0.020539092	0.330122391	0.018482726	0.00087865	0.000127125	0.118448378	0.070943528	0.245200301	5.99987E-05	0.008280057	0.001228213	0.000645777	0.035995473	0.027980634	0.093503365	0.05976287
Design 2	0.260623229	0.051835158	0.082294264	0.061840088	0.151515152	1	0.457627119	1	0.761904762	0.333333333	0	0	0.093559273	0.061820707	0.061339084	0.000623187	0.931781951	1.10273E-05	0.014226222	0.30545733	0.146441434	0.05223145	0.542372881	0.392677134	0.607322866	0.051835158	0.046925095	0.051835158	0.217543302	0.457627119	0.08113481	0.264537997	0.001293121	0.000560628	0.000672352	0.037720016	0.197313863	1	0.052279166	0.128234053	0.022790381	0.083634385	0.000104588	0.002403312	0.15944222	0.068974369	0.003966402	0.021596819	0.009603293	0.001560703	0.001281884	0.011197373	0.000551653	0.000724352	1.93331E-06	0.011357229	0.020602102	0.041429116	0.001712153	0.154974083	0.02659379	0.01511275	0.020539092	0.330122391	0.037805107	0.001812439	0.000263669	0.156526573	0.098989969	0.323032846	0.000123221	0.013952154	0.001582285	0.000944452	0.049981771	0.035825519	0.130134558	0.036162332
Design 2	0.320113314	0.051835158	0.082294264	0.061840088	0.151515152	1	0.457627119	1	0.761904762	0.333333333	0	0	0.093559273	0.061820707	0.061339084	0.000623187	0.931781951	1.62193E-05	0.014226222	0.374976834	0.196423605	0.076828902	0.542372881	0.392677134	0.607322866	0.051835158	0.046925095	0.051835158	0.217543302	0.457627119	0.08113481	0.324589951	0.002303059	0.000560628	0.000672352	0.067184195	0.197313863	1	0.039660057	0.104273096	0.019618681	0.083634385	0.000104588	0.002913602	0.234669621	0.101970017	0.005943325	0.026513921	0.01176424	0.001560703	0.001281884	0.01358875	0.000551653	0.000724352	1.93331E-06	0.011357229	0.020602102	0.041429116	0.002085953	0.154974083	0.02659379	0.01511275	0.020539092	0.330122391	0.067337483	0.003239644	0.000472364	0.194604769	0.127036411	0.400865391	0.00021985	0.020970171	0.001936358	0.001273577	0.063968069	0.043491312	0.16676575	0.025760199
Design 2	0.150141643	0.051835158	0.082294264	0.061840088	0.151515152	0.42903752	0.322033898	1	0.761904762	0.333333333	0	0	0.068375289	0.061820707	0.061339084	0.000445124	0.808047666	2.54151E-06	0.006012775	0.176349678	0.086466635	0.018043672	0.677966102	0.293371966	0.706628034	0.051835158	0.046925095	0.051835158	0.217543302	0.322033898	0.123709243	0.15301294	0.000272433	0.000527508	0.000672352	0.007942237	0.117789961	0.42903752	0.099150141	0.124285387	0.022267698	0.083634385	0.000302375	0.00247621	0.058010363	0.02448513	0.001300845	0.022299262	0.00935481	0.003331701	0.003663439	0.011538998	0.000345267	0.000249792	6.66698E-07	0.005561962	0.034625531	0.059173737	0.000625326	0.154974083	0.03340576	0.023924094	0.034563423	0.516924427	0.008405328	0.000380783	6.25388E-05	0.074855551	0.055572057	0.178486691	2.38669E-05	0.004489504	0.000749031	0.000363859	0.024007218	0.017648385	0.067671331	0.248734952
Design 2	0.192634561	0.051835158	0.082294264	0.061840088	0.151515152	0.42903752	0.322033898	1	0.761904762	0.333333333	0	0	0.068375289	0.061820707	0.061339084	0.000445124	0.808047666	3.99218E-06	0.006012775	0.226006467	0.122026034	0.028299302	0.677966102	0.293371966	0.706628034	0.051835158	0.046925095	0.051835158	0.217543302	0.322033898	0.123709243	0.195907193	0.000532277	0.000527508	0.000672352	0.015522961	0.117789961	0.42903752	0.075354108	0.097410803	0.018710323	0.083634385	0.000302375	0.003095849	0.091133974	0.039013546	0.00217131	0.028270028	0.011839519	0.003331701	0.003663439	0.014442814	0.000345267	0.000249792	6.66698E-07	0.005561962	0.034625531	0.059173737	0.000794169	0.154974083	0.03340576	0.023924094	0.034563423	0.516924427	0.016429572	0.00075822	0.000125559	0.099315668	0.077772314	0.234081366	4.71109E-05	0.007579629	0.000958017	0.000532011	0.033997431	0.022663836	0.095228001	0.131291515
Design 2	0.235127479	0.051835158	0.082294264	0.061840088	0.151515152	0.42903752	0.322033898	1	0.761904762	0.333333333	0	0	0.068375289	0.061820707	0.061339084	0.000445124	0.808047666	5.76522E-06	0.006012775	0.275663256	0.161345142	0.040833962	0.677966102	0.293371966	0.706628034	0.051835158	0.046925095	0.051835158	0.217543302	0.322033898	0.123709243	0.238801445	0.000919911	0.000527508	0.000672352	0.026831911	0.117789961	0.42903752	0.059490085	0.078557267	0.016214689	0.083634385	0.000302375	0.003715487	0.131618387	0.056770499	0.003235212	0.034240794	0.014324228	0.003331701	0.003663439	0.017346629	0.000345267	0.000249792	6.66698E-07	0.005561962	0.034625531	0.059173737	0.000963012	0.154974083	0.03340576	0.023924094	0.034563423	0.516924427	0.028400166	0.001321281	0.000219573	0.123775786	0.099972571	0.289676041	8.17865E-05	0.011356449	0.001167003	0.000716269	0.043987643	0.027571357	0.122784671	0.064594829
Design 2	0.277620397	0.051835158	0.082294264	0.061840088	0.151515152	0.42903752	0.322033898	1	0.761904762	0.333333333	0	0	0.068375289	0.061820707	0.061339084	0.000445124	0.808047666	7.86063E-06	0.006012775	0.325320045	0.204093713	0.05564765	0.677966102	0.293371966	0.706628034	0.051835158	0.046925095	0.051835158	0.217543302	0.322033898	0.123709243	0.281695698	0.001460896	0.000527508	0.000672352	0.042614731	0.117789961	0.42903752	0.04815864	0.06450955	0.0143552	0.083634385	0.000302375	0.004335126	0.179463603	0.07775599	0.00449255	0.04021156	0.016808937	0.003331701	0.003663439	0.020250445	0.000345267	0.000249792	6.66698E-07	0.005561962	0.034625531	0.059173737	0.001131855	0.154974083	0.03340576	0.023924094	0.034563423	0.516924427	0.04510638	0.002107091	0.000350779	0.148235903	0.122172827	0.345270716	0.00013018	0.015819963	0.001375989	0.000915099	0.053977856	0.032390905	0.150341341	0.043264864
Design 2	0.320113314	0.051835158	0.082294264	0.061840088	0.151515152	0.42903752	0.322033898	1	0.761904762	0.333333333	0	0	0.068375289	0.061820707	0.061339084	0.000445124	0.808047666	1.02784E-05	0.006012775	0.374976834	0.250015868	0.072740367	0.677966102	0.293371966	0.706628034	0.051835158	0.046925095	0.051835158	0.217543302	0.322033898	0.123709243	0.324589951	0.00218079	0.000527508	0.000672352	0.063617067	0.117789961	0.42903752	0.039660057	0.053586817	0.012909363	0.083634385	0.000302375	0.004954764	0.234669621	0.101970017	0.005943325	0.046182326	0.019293646	0.003331701	0.003663439	0.02315426	0.000345267	0.000249792	6.66698E-07	0.005561962	0.034625531	0.059173737	0.001300699	0.154974083	0.03340576	0.023924094	0.034563423	0.516924427	0.067337483	0.003152775	0.000525376	0.17269602	0.144373084	0.400865391	0.000194577	0.020970171	0.001584975	0.001127317	0.063968069	0.0371364	0.177898011	0.038231574
Design 2	0.362606232	0.051835158	0.082294264	0.061840088	0.151515152	0.42903752	0.322033898	1	0.761904762	0.333333333	0	0	0.068375289	0.061820707	0.061339084	0.000445124	0.808047666	1.30186E-05	0.006012775	0.424633623	0.298905744	0.092112114	0.677966102	0.293371966	0.706628034	0.051835158	0.046925095	0.051835158	0.217543302	0.322033898	0.123709243	0.367484203	0.00310515	0.000527508	0.000672352	0.090584562	0.117789961	0.42903752	0.033050047	0.044819611	0.011748852	0.083634385	0.000302375	0.005574402	0.297236441	0.129412581	0.007587537	0.052153092	0.021778355	0.003331701	0.003663439	0.026058075	0.000345267	0.000249792	6.66698E-07	0.005561962	0.034625531	0.059173737	0.001469542	0.154974083	0.03340576	0.023924094	0.034563423	0.516924427	0.095882745	0.004495459	0.000749563	0.197156138	0.166573341	0.456460066	0.000277265	0.026807074	0.001793961	0.001351982	0.073958282	0.041818086	0.205454681	0.035379376
Design 2	0.40509915	0.051835158	0.082294264	0.061840088	0.151515152	0.42903752	0.322033898	1	0.761904762	0.333333333	0	0	0.068375289	0.061820707	0.061339084	0.000445124	0.808047666	1.60811E-05	0.006012775	0.474290412	0.350593035	0.113762889	0.677966102	0.293371966	0.706628034	0.051835158	0.046925095	0.051835158	0.217543302	0.322033898	0.123709243	0.410378456	0.004259535	0.000527508	0.000672352	0.124262863	0.117789961	0.42903752	0.02776204	0.037607094	0.010794135	0.083634385	0.000302375	0.006194041	0.367164064	0.160083682	0.009425185	0.058123858	0.024263064	0.003331701	0.003663439	0.028961891	0.000345267	0.000249792	6.66698E-07	0.005561962	0.034625531	0.059173737	0.001638385	0.154974083	0.03340576	0.023924094	0.034563423	0.516924427	0.131531437	0.006172267	0.001029538	0.221616255	0.188773597	0.512054741	0.00038053	0.033330671	0.002002947	0.001588316	0.083948495	0.046443807	0.233011352	0.033589762
Design 2	0.150141643	0.051835158	0.082294264	0.061840088	0.151515152	0.42903752	0.661016949	1	0.761904762	0.333333333	0	0	0.131335249	0.061820707	0.061339084	0.000890281	0.808047666	2.54151E-06	0.503006387	0.176349678	0.092529451	0.020599006	0.338983051	0.523324091	0.476675909	0.051835158	0.046925095	0.051835158	0.217543302	0.661016949	0.041205913	0.15301294	0.000310643	0.000610308	0.000672352	0.009056964	0.37540281	0.42903752	0.099150141	0.124285387	0.022267698	0.083634385	0.000302375	0.00247621	0.058010363	0.02448513	0.001300845	0.022299262	0.010747785	0.003331701	0.002795179	0.011538998	0.000345267	0.000436503	1.16503E-06	0.016136016	0.026418735	0.034678143	0.001054438	0.154974083	0.03340576	0.014612079	0.026356099	0.164878278	0.008405328	0.000308587	5.04843E-05	0.074855551	0.046687127	0.178486691	1.94207E-05	0.004489504	0.000690136	0.000363859	0.024007218	0.017648385	0.056511445	0.161043853
Design 2	0.192634561	0.051835158	0.082294264	0.061840088	0.151515152	0.42903752	0.661016949	1	0.761904762	0.333333333	0	0	0.131335249	0.061820707	0.061339084	0.000890281	0.808047666	3.99218E-06	0.503006387	0.226006467	0.130499076	0.032292012	0.338983051	0.523324091	0.476675909	0.051835158	0.046925095	0.051835158	0.217543302	0.661016949	0.041205913	0.195907193	0.000606904	0.000610308	0.000672352	0.017700164	0.37540281	0.42903752	0.075354108	0.097410803	0.018710323	0.083634385	0.000302375	0.003095849	0.091133974	0.039013546	0.00217131	0.028270028	0.013580738	0.003331701	0.002795179	0.014442814	0.000345267	0.000436503	1.16503E-06	0.016136016	0.026418735	0.034678143	0.001330559	0.154974083	0.03340576	0.014612079	0.026356099	0.164878278	0.016429572	0.000617211	0.000102015	0.099315668	0.066666151	0.234081366	3.84271E-05	0.007579629	0.000884399	0.000532011	0.033997431	0.022663836	0.081278144	0.089515208
Design 2	0.235127479	0.051835158	0.082294264	0.061840088	0.151515152	0.42903752	0.661016949	1	0.761904762	0.333333333	0	0	0.131335249	0.061820707	0.061339084	0.000890281	0.808047666	5.76522E-06	0.503006387	0.275663256	0.172483246	0.046583464	0.338983051	0.523324091	0.476675909	0.051835158	0.046925095	0.051835158	0.217543302	0.661016949	0.041205913	0.238801445	0.001048868	0.000610308	0.000672352	0.030594117	0.37540281	0.42903752	0.059490085	0.078557267	0.016214689	0.083634385	0.000302375	0.003715487	0.131618387	0.056770499	0.003235212	0.034240794	0.016413691	0.003331701	0.002795179	0.017346629	0.000345267	0.000436503	1.16503E-06	0.016136016	0.026418735	0.034678143	0.00160668	0.154974083	0.03340576	0.014612079	0.026356099	0.164878278	0.028400166	0.001077618	0.000178889	0.123775786	0.086645175	0.289676041	6.67808E-05	0.011356449	0.001078661	0.000716269	0.043987643	0.027571357	0.106044842	0.053174853
Design 2	0.277620397	0.051835158	0.082294264	0.061840088	0.151515152	0.42903752	0.661016949	1	0.761904762	0.333333333	0	0	0.131335249	0.061820707	0.061339084	0.000890281	0.808047666	7.86063E-06	0.503006387	0.325320045	0.218129327	0.063473361	0.338983051	0.523324091	0.476675909	0.051835158	0.046925095	0.051835158	0.217543302	0.661016949	0.041205913	0.281695698	0.001665674	0.000610308	0.000672352	0.048588974	0.37540281	0.42903752	0.04815864	0.06450955	0.0143552	0.083634385	0.000302375	0.004335126	0.179463603	0.07775599	0.00449255	0.04021156	0.019246644	0.003331701	0.002795179	0.020250445	0.000345267	0.000436503	1.16503E-06	0.016136016	0.026418735	0.034678143	0.001882801	0.154974083	0.03340576	0.014612079	0.026356099	0.164878278	0.04510638	0.001720164	0.000286174	0.148235903	0.106624199	0.345270716	0.000106351	0.015819963	0.001272923	0.000915099	0.053977856	0.032390905	0.13081154	0.03275088
Design 2	0.320113314	0.051835158	0.082294264	0.061840088	0.151515152	0.42903752	0.661016949	1	0.761904762	0.333333333	0	0	0.131335249	0.061820707	0.061339084	0.000890281	0.808047666	1.02784E-05	0.503006387	0.374976834	0.2671641	0.082961704	0.338983051	0.523324091	0.476675909	0.051835158	0.046925095	0.051835158	0.217543302	0.661016949	0.041205913	0.324589951	0.002486464	0.000610308	0.000672352	0.072534887	0.37540281	0.42903752	0.039660057	0.053586817	0.012909363	0.083634385	0.000302375	0.004954764	0.234669621	0.101970017	0.005943325	0.046182326	0.022079596	0.003331701	0.002795179	0.02315426	0.000345267	0.000436503	1.16503E-06	0.016136016	0.026418735	0.034678143	0.002158922	0.154974083	0.03340576	0.014612079	0.026356099	0.164878278	0.067337483	0.002575204	0.000428939	0.17269602	0.126603223	0.400865391	0.000159008	0.020970171	0.001467186	0.001127317	0.063968069	0.0371364	0.155578239	0.027214261
Design 2	0.362606232	0.051835158	0.082294264	0.061840088	0.151515152	0.42903752	0.661016949	1	0.761904762	0.333333333	0	0	0.131335249	0.061820707	0.061339084	0.000890281	0.808047666	1.30186E-05	0.503006387	0.424633623	0.319367746	0.105048493	0.338983051	0.523324091	0.476675909	0.051835158	0.046925095	0.051835158	0.217543302	0.661016949	0.041205913	0.367484203	0.003540378	0.000610308	0.000672352	0.103282006	0.37540281	0.42903752	0.033050047	0.044819611	0.011748852	0.083634385	0.000302375	0.005574402	0.297236441	0.129412581	0.007587537	0.052153092	0.024912549	0.003331701	0.002795179	0.026058075	0.000345267	0.000436503	1.16503E-06	0.016136016	0.026418735	0.034678143	0.002435043	0.154974083	0.03340576	0.014612079	0.026356099	0.164878278	0.095882745	0.003673097	0.000612254	0.197156138	0.146582247	0.456460066	0.000226621	0.026807074	0.001661448	0.001351982	0.073958282	0.041818086	0.180344937	0.024138361
Design 2	0.40509915	0.051835158	0.082294264	0.061840088	0.151515152	0.42903752	0.661016949	1	0.761904762	0.333333333	0	0	0.131335249	0.061820707	0.061339084	0.000890281	0.808047666	1.60811E-05	0.503006387	0.474290412	0.374558418	0.129733728	0.338983051	0.523324091	0.476675909	0.051835158	0.046925095	0.051835158	0.217543302	0.661016949	0.041205913	0.410378456	0.004856555	0.000610308	0.000672352	0.141680482	0.37540281	0.42903752	0.02776204	0.037607094	0.010794135	0.083634385	0.000302375	0.006194041	0.367164064	0.160083682	0.009425185	0.058123858	0.027745502	0.003331701	0.002795179	0.028961891	0.000345267	0.000436503	1.16503E-06	0.016136016	0.026418735	0.034678143	0.002711164	0.154974083	0.03340576	0.014612079	0.026356099	0.164878278	0.131531437	0.005044198	0.000841185	0.221616255	0.166561271	0.512054741	0.000311059	0.033330671	0.001855711	0.001588316	0.083948495	0.046443807	0.205111636	0.022796151
Design 2	0.150141643	0.051835158	0.082294264	0.061840088	0.151515152	0.42903752	0.830508475	1	0.761904762	0.333333333	0	0	0.16281523	0.061820707	0.061339084	0.001112859	0.808047666	2.54151E-06	0.987689056	0.176349678	0.095420878	0.021876673	0.169491525	0.618327402	0.381672598	0.051835158	0.046925095	0.051835158	0.217543302	0.830508475	0.018168424	0.15301294	0.000329747	0.000651708	0.000672352	0.009614328	0.613457935	0.42903752	0.099150141	0.124285387	0.022267698	0.083634385	0.000302375	0.00247621	0.058010363	0.02448513	0.001300845	0.022299262	0.011444273	0.003331701	0.002404868	0.011538998	0.000345267	0.000593293	0.01912076	0.018964316	0.000199482	0.031938614	0.00139609	0.154974083	0.03340576	0.011149565	0.022666643	0.03397596	0.008405328	0.000323957	5.30505E-05	0.074855551	0.043753569	0.178486691	2.03672E-05	0.004489504	0.000673795	0.000363859	0.024007218	0.017648385	0.053164933	0.107635052
Design 2	0.192634561	0.051835158	0.082294264	0.061840088	0.151515152	0.42903752	0.830508475	1	0.761904762	0.333333333	0	0	0.16281523	0.061820707	0.061339084	0.001112859	0.808047666	3.99218E-06	0.987689056	0.226006467	0.134539969	0.034288367	0.169491525	0.618327402	0.381672598	0.051835158	0.046925095	0.051835158	0.217543302	0.830508475	0.018168424	0.195907193	0.000644218	0.000651708	0.000672352	0.018788765	0.613457935	0.42903752	0.075354108	0.097410803	0.018710323	0.083634385	0.000302375	0.003095849	0.091133974	0.039013546	0.00217131	0.028270028	0.014451348	0.003331701	0.002404868	0.014442814	0.000345267	0.000593293	0.01912076	0.018964316	0.000199482	0.031938614	0.001757624	0.154974083	0.03340576	0.011149565	0.022666643	0.03397596	0.016429572	0.00064723	0.000107027	0.099315668	0.062999203	0.234081366	4.02757E-05	0.007579629	0.000863972	0.000532011	0.033997431	0.022663836	0.077095003	0.060937305
Design 2	0.235127479	0.051835158	0.082294264	0.061840088	0.151515152	0.42903752	0.830508475	1	0.761904762	0.333333333	0	0	0.16281523	0.061820707	0.061339084	0.001112859	0.808047666	5.76522E-06	0.987689056	0.275663256	0.177795138	0.049458215	0.169491525	0.618327402	0.381672598	0.051835158	0.046925095	0.051835158	0.217543302	0.830508475	0.018168424	0.238801445	0.001113346	0.000651708	0.000672352	0.03247522	0.613457935	0.42903752	0.059490085	0.078557267	0.016214689	0.083634385	0.000302375	0.003715487	0.131618387	0.056770499	0.003235212	0.034240794	0.017458422	0.003331701	0.002404868	0.017346629	0.000345267	0.000593293	0.01912076	0.018964316	0.000199482	0.031938614	0.002119158	0.154974083	0.03340576	0.011149565	0.022666643	0.03397596	0.028400166	0.00112949	0.00018755	0.123775786	0.082244837	0.289676041	6.99753E-05	0.011356449	0.001054149	0.000716269	0.043987643	0.027571357	0.101025073	0.040798552
Design 2	0.277620397	0.051835158	0.082294264	0.061840088	0.151515152	0.42903752	0.830508475	1	0.761904762	0.333333333	0	0	0.16281523	0.061820707	0.061339084	0.001112859	0.808047666	7.86063E-06	0.987689056	0.325320045	0.224823076	0.067386217	0.169491525	0.618327402	0.381672598	0.051835158	0.046925095	0.051835158	0.217543302	0.830508475	0.018168424	0.281695698	0.001768063	0.000651708	0.000672352	0.051576096	0.613457935	0.42903752	0.04815864	0.06450955	0.0143552	0.083634385	0.000302375	0.004335126	0.179463603	0.07775599	0.00449255	0.04021156	0.020465497	0.003331701	0.002404868	0.020250445	0.000345267	0.000593293	0.01912076	0.018964316	0.000199482	0.031938614	0.002480692	0.154974083	0.03340576	0.011149565	0.022666643	0.03397596	0.04510638	0.001802534	0.000299927	0.148235903	0.101490472	0.345270716	0.000111424	0.015819963	0.001244326	0.000915099	0.053977856	0.032390905	0.124955143	0.026822783
Design 2	0.320113314	0.051835158	0.082294264	0.061840088	0.151515152	0.42903752	0.830508475	1	0.761904762	0.333333333	0	0	0.16281523	0.061820707	0.061339084	0.001112859	0.808047666	1.02784E-05	0.987689056	0.374976834	0.275342293	0.088072373	0.169491525	0.618327402	0.381672598	0.051835158	0.046925095	0.051835158	0.217543302	0.830508475	0.018168424	0.324589951	0.002639301	0.000651708	0.000672352	0.076993798	0.613457935	0.42903752	0.039660057	0.053586817	0.012909363	0.083634385	0.000302375	0.004954764	0.234669621	0.101970017	0.005943325	0.046182326	0.023472572	0.003331701	0.002404868	0.02315426	0.000345267	0.000593293	0.01912076	0.018964316	0.000199482	0.031938614	0.002842227	0.154974083	0.03340576	0.011149565	0.022666643	0.03397596	0.067337483	0.00269816	0.000449469	0.17269602	0.120736106	0.400865391	0.00016658	0.020970171	0.001434503	0.001127317	0.063968069	0.0371364	0.148885214	0.019440624
Design 2	0.362606232	0.051835158	0.082294264	0.061840088	0.151515152	0.42903752	0.830508475	1	0.761904762	0.333333333	0	0	0.16281523	0.061820707	0.061339084	0.001112859	0.808047666	1.30186E-05	0.987689056	0.424633623	0.329126315	0.111516683	0.169491525	0.618327402	0.381672598	0.051835158	0.046925095	0.051835158	0.217543302	0.830508475	0.018168424	0.367484203	0.003757992	0.000651708	0.000672352	0.109630728	0.613457935	0.42903752	0.033050047	0.044819611	0.011748852	0.083634385	0.000302375	0.005574402	0.297236441	0.129412581	0.007587537	0.052153092	0.026479646	0.003331701	0.002404868	0.026058075	0.000345267	0.000593293	0.01912076	0.018964316	0.000199482	0.031938614	0.003203761	0.154974083	0.03340576	0.011149565	0.022666643	0.03397596	0.095882745	0.003848165	0.000641485	0.197156138	0.139981741	0.456460066	0.000237402	0.026807074	0.00162468	0.001351982	0.073958282	0.041818086	0.172815284	0.017539159
Design 2	0.40509915	0.051835158	0.082294264	0.061840088	0.151515152	0.42903752	0.830508475	1	0.761904762	0.333333333	0	0	0.16281523	0.061820707	0.061339084	0.001112859	0.808047666	1.60811E-05	0.987689056	0.474290412	0.38598779	0.137719148	0.169491525	0.618327402	0.381672598	0.051835158	0.046925095	0.051835158	0.217543302	0.830508475	0.018168424	0.410378456	0.005155066	0.000651708	0.000672352	0.150389291	0.613457935	0.42903752	0.02776204	0.037607094	0.010794135	0.083634385	0.000302375	0.006194041	0.367164064	0.160083682	0.009425185	0.058123858	0.029486721	0.003331701	0.002404868	0.028961891	0.000345267	0.000593293	0.01912076	0.018964316	0.000199482	0.031938614	0.003565295	0.154974083	0.03340576	0.011149565	0.022666643	0.03397596	0.131531437	0.005284346	0.000881283	0.221616255	0.159227375	0.512054741	0.000325848	0.033330671	0.001814857	0.001588316	0.083948495	0.046443807	0.196745354	0.016364725
Design 2	0.362606232	0.051835158	0.19201995	0.061840088	0.151515152	0.42903752	0.152542373	1	0.761904762	0.333333333	0	0	0.036895309	0.061820707	0.061339084	2.025E-05	0.18103683	2.06707E-06	0.001899438	0.424633623	0.288135905	0.085643924	0.847457627	0.152402703	0.847597297	0.051835158	0.046925095	0.051835158	0.217543302	0.152542373	0.232646815	0.367484203	0.002887536	0.000486109	0.000672352	0.08423584	0.046226489	0.42903752	0.033050047	0.044819611	0.004837795	0.187656396	0.003318854	0.027537143	0.297236441	0.129412581	0.003278735	0.052153092	0.020211258	0.018444976	0.027111703	0.075710756	0.000115264	4.17283E-05	1.11373E-07	0.002343322	0.115311246	0.134554935	0.000403522	0.24170123	0.083329578	0.080256089	0.115254329	0.829628417	0.095882745	0.003319647	0.000334462	0.136965747	0.154455981	0.405866694	0.000165307	0.016922033	0.000731671	0.000589757	0.044361113	0.020096634	0.198943105	0.153270216
Design 2	0.40509915	0.051835158	0.19201995	0.061840088	0.151515152	0.42903752	0.152542373	1	0.761904762	0.333333333	0	0	0.036895309	0.061820707	0.061339084	2.025E-05	0.18103683	2.56072E-06	0.001899438	0.474290412	0.33797925	0.105777469	0.847457627	0.152402703	0.847597297	0.051835158	0.046925095	0.051835158	0.217543302	0.152542373	0.232646815	0.410378456	0.003961024	0.000486109	0.000672352	0.115554054	0.046226489	0.42903752	0.02776204	0.037607094	0.004408173	0.187656396	0.003318854	0.030597085	0.367164064	0.160083682	0.004105677	0.058123858	0.022521845	0.018444976	0.027111703	0.084131536	0.000115264	4.17283E-05	1.11373E-07	0.002343322	0.115311246	0.134554935	0.000453919	0.24170123	0.083329578	0.080256089	0.115254329	0.829628417	0.131531437	0.004559355	0.000460127	0.154738043	0.175309864	0.455839883	0.000226952	0.021126917	0.000822624	0.000699809	0.051062751	0.022581933	0.225776267	0.138953302
Design 2	0.277620397	0.051835158	0.19201995	0.061840088	0.151515152	0.42903752	0.322033898	1	0.761904762	0.333333333	0	0	0.068375289	0.061820707	0.061339084	4.05325E-05	0.18103683	1.23565E-06	0.006012775	0.325320045	0.204093713	0.05564765	0.677966102	0.293371966	0.706628034	0.051835158	0.046925095	0.051835158	0.217543302	0.322033898	0.123709243	0.281695698	0.001460896	0.000527508	0.000672352	0.042614731	0.117789961	0.42903752	0.04815864	0.06450955	0.006010652	0.187656396	0.003318854	0.021417257	0.179463603	0.07775599	0.001885991	0.04021156	0.016808937	0.018444976	0.024430964	0.058869196	0.000115264	5.38029E-05	1.43601E-07	0.004646433	0.103908991	0.096838758	0.000360348	0.24170123	0.083329578	0.068982123	0.10385134	0.658507133	0.04510638	0.000897462	8.8934E-05	0.101421155	0.099235236	0.305920316	4.48629E-05	0.009840123	0.000500423	0.000386315	0.030957836	0.015031613	0.126259742	0.185874751
Design 2	0.320113314	0.051835158	0.19201995	0.061840088	0.151515152	0.42903752	0.322033898	1	0.761904762	0.333333333	0	0	0.068375289	0.061820707	0.061339084	4.05325E-05	0.18103683	1.62538E-06	0.006012775	0.374976834	0.250015868	0.072740367	0.677966102	0.293371966	0.706628034	0.051835158	0.046925095	0.051835158	0.217543302	0.322033898	0.123709243	0.324589951	0.00218079	0.000527508	0.000672352	0.063617067	0.117789961	0.42903752	0.039660057	0.053586817	0.005360025	0.187656396	0.003318854	0.0244772	0.234669621	0.101970017	0.00253884	0.046182326	0.019293646	0.018444976	0.024430964	0.067289976	0.000115264	5.38029E-05	1.43601E-07	0.004646433	0.103908991	0.096838758	0.000418975	0.24170123	0.083329578	0.068982123	0.10385134	0.658507133	0.067337483	0.001347148	0.000134517	0.119193451	0.118158694	0.355893505	6.72238E-05	0.013159768	0.000584328	0.000485138	0.037659474	0.017581265	0.150376183	0.124748238
Design 2	0.362606232	0.051835158	0.19201995	0.061840088	0.151515152	0.42903752	0.322033898	1	0.761904762	0.333333333	0	0	0.068375289	0.061820707	0.061339084	4.05325E-05	0.18103683	2.06707E-06	0.006012775	0.424633623	0.298905744	0.092112114	0.677966102	0.293371966	0.706628034	0.051835158	0.046925095	0.051835158	0.217543302	0.322033898	0.123709243	0.367484203	0.00310515	0.000527508	0.000672352	0.090584562	0.117789961	0.42903752	0.033050047	0.044819611	0.004837795	0.187656396	0.003318854	0.027537143	0.297236441	0.129412581	0.003278735	0.052153092	0.021778355	0.018444976	0.024430964	0.075710756	0.000115264	5.38029E-05	1.43601E-07	0.004646433	0.103908991	0.096838758	0.000477603	0.24170123	0.083329578	0.068982123	0.10385134	0.658507133	0.095882745	0.001924556	0.000193047	0.136965747	0.137082152	0.405866694	9.59357E-05	0.016922033	0.000668233	0.000589757	0.044361113	0.020096634	0.174492625	0.099973266
Design 2	0.40509915	0.051835158	0.19201995	0.061840088	0.151515152	0.42903752	0.322033898	1	0.761904762	0.333333333	0	0	0.068375289	0.061820707	0.061339084	4.05325E-05	0.18103683	2.56072E-06	0.006012775	0.474290412	0.350593035	0.113762889	0.677966102	0.293371966	0.706628034	0.051835158	0.046925095	0.051835158	0.217543302	0.322033898	0.123709243	0.410378456	0.004259535	0.000527508	0.000672352	0.124262863	0.117789961	0.42903752	0.02776204	0.037607094	0.004408173	0.187656396	0.003318854	0.030597085	0.367164064	0.160083682	0.004105677	0.058123858	0.024263064	0.018444976	0.024430964	0.084131536	0.000115264	5.38029E-05	1.43601E-07	0.004646433	0.103908991	0.096838758	0.000536231	0.24170123	0.083329578	0.068982123	0.10385134	0.658507133	0.131531437	0.00264565	0.000266142	0.154738043	0.15600561	0.455839883	0.000131792	0.021126917	0.000752138	0.000699809	0.051062751	0.022581933	0.198609066	0.091304822
Design 2	0.277620397	0.051835158	0.19201995	0.061840088	0.151515152	0.42903752	0.661016949	1	0.761904762	0.333333333	0	0	0.131335249	0.061820707	0.061339084	8.10974E-05	0.18103683	1.23565E-06	0.503006387	0.325320045	0.218129327	0.063473361	0.338983051	0.523324091	0.476675909	0.051835158	0.046925095	0.051835158	0.217543302	0.661016949	0.041205913	0.281695698	0.001665674	0.000610308	0.000672352	0.048588974	0.37540281	0.42903752	0.04815864	0.06450955	0.006010652	0.187656396	0.003318854	0.021417257	0.179463603	0.07775599	0.001885991	0.04021156	0.019246644	0.018444976	0.019409461	0.058869196	0.000115264	9.1338E-05	2.43782E-07	0.008976184	0.08255053	0.069977875	0.000520553	0.24170123	0.083329578	0.049601907	0.082491505	0.364345539	0.04510638	0.000619264	6.07341E-05	0.101421155	0.085981614	0.305920316	3.10294E-05	0.009840123	0.000459043	0.000386315	0.030957836	0.015031613	0.109168079	0.166300845
Design 2	0.320113314	0.051835158	0.19201995	0.061840088	0.151515152	0.42903752	0.661016949	1	0.761904762	0.333333333	0	0	0.131335249	0.061820707	0.061339084	8.10974E-05	0.18103683	1.62538E-06	0.503006387	0.374976834	0.2671641	0.082961704	0.338983051	0.523324091	0.476675909	0.051835158	0.046925095	0.051835158	0.217543302	0.661016949	0.041205913	0.324589951	0.002486464	0.000610308	0.000672352	0.072534887	0.37540281	0.42903752	0.039660057	0.053586817	0.005360025	0.187656396	0.003318854	0.0244772	0.234669621	0.101970017	0.00253884	0.046182326	0.022079596	0.018444976	0.019409461	0.067289976	0.000115264	9.1338E-05	2.43782E-07	0.008976184	0.08255053	0.069977875	0.000602067	0.24170123	0.083329578	0.049601907	0.082491505	0.364345539	0.067337483	0.000931879	9.24228E-05	0.119193451	0.103011697	0.355893505	4.65743E-05	0.013159768	0.000537037	0.000485138	0.037659474	0.017581265	0.130842855	0.11490536
Design 2	0.362606232	0.051835158	0.19201995	0.061840088	0.151515152	0.42903752	0.661016949	1	0.761904762	0.333333333	0	0	0.131335249	0.061820707	0.061339084	8.10974E-05	0.18103683	2.06707E-06	0.503006387	0.424633623	0.319367746	0.105048493	0.338983051	0.523324091	0.476675909	0.051835158	0.046925095	0.051835158	0.217543302	0.661016949	0.041205913	0.367484203	0.003540378	0.000610308	0.000672352	0.103282006	0.37540281	0.42903752	0.033050047	0.044819611	0.004837795	0.187656396	0.003318854	0.027537143	0.297236441	0.129412581	0.003278735	0.052153092	0.024912549	0.018444976	0.019409461	0.075710756	0.000115264	9.1338E-05	2.43782E-07	0.008976184	0.08255053	0.069977875	0.000683581	0.24170123	0.083329578	0.049601907	0.082491505	0.364345539	0.095882745	0.001333284	0.000133112	0.136965747	0.12004178	0.405866694	6.65344E-05	0.016922033	0.000615031	0.000589757	0.044361113	0.020096634	0.15251763	0.076484579
Design 2	0.40509915	0.051835158	0.19201995	0.061840088	0.151515152	0.42903752	0.661016949	1	0.761904762	0.333333333	0	0	0.131335249	0.061820707	0.061339084	8.10974E-05	0.18103683	2.56072E-06	0.503006387	0.474290412	0.374558418	0.129733728	0.338983051	0.523324091	0.476675909	0.051835158	0.046925095	0.051835158	0.217543302	0.661016949	0.041205913	0.410378456	0.004856555	0.000610308	0.000672352	0.141680482	0.37540281	0.42903752	0.02776204	0.037607094	0.004408173	0.187656396	0.003318854	0.030597085	0.367164064	0.160083682	0.004105677	0.058123858	0.027745502	0.018444976	0.019409461	0.084131536	0.000115264	9.1338E-05	2.43782E-07	0.008976184	0.08255053	0.069977875	0.000765095	0.24170123	0.083329578	0.049601907	0.082491505	0.364345539	0.131531437	0.001834577	0.000183926	0.154738043	0.137071863	0.455839883	9.14615E-05	0.021126917	0.000693025	0.000699809	0.051062751	0.022581933	0.174192405	0.066138371
Design 2	0.277620397	0.051835158	0.19201995	0.061840088	0.151515152	0.42903752	0.830508475	1	0.761904762	0.333333333	0	0	0.16281523	0.061820707	0.061339084	0.00010138	0.18103683	1.23565E-06	0.987689056	0.325320045	0.224823076	0.067386217	0.169491525	0.618327402	0.381672598	0.051835158	0.046925095	0.051835158	0.217543302	0.830508475	0.018168424	0.281695698	0.001768063	0.000651708	0.000672352	0.051576096	0.613457935	0.42903752	0.04815864	0.06450955	0.006010652	0.187656396	0.003318854	0.021417257	0.179463603	0.07775599	0.001885991	0.04021156	0.020465497	0.018444976	0.017076267	0.058869196	0.000115264	0.000121047	0.00393305	0.003774184	0.000676844	0.107137512	0.000633485	0.24170123	0.083329578	0.041399479	0.072566856	0.239845421	0.04510638	0.000592828	5.80544E-05	0.101421155	0.081605634	0.305920316	2.97149E-05	0.009840123	0.000447562	0.000386315	0.030957836	0.015031613	0.104042806	0.141525872
Design 2	0.320113314	0.051835158	0.19201995	0.061840088	0.151515152	0.42903752	0.830508475	1	0.761904762	0.333333333	0	0	0.16281523	0.061820707	0.061339084	0.00010138	0.18103683	1.62538E-06	0.987689056	0.374976834	0.275342293	0.088072373	0.169491525	0.618327402	0.381672598	0.051835158	0.046925095	0.051835158	0.217543302	0.830508475	0.018168424	0.324589951	0.002639301	0.000651708	0.000672352	0.076993798	0.613457935	0.42903752	0.039660057	0.053586817	0.005360025	0.187656396	0.003318854	0.0244772	0.234669621	0.101970017	0.00253884	0.046182326	0.023472572	0.018444976	0.017076267	0.067289976	0.000115264	0.000121047	0.00393305	0.003774184	0.000676844	0.107137512	0.000731132	0.24170123	0.083329578	0.041399479	0.072566856	0.239845421	0.067337483	0.000892418	8.84228E-05	0.119193451	0.098010578	0.355893505	4.46121E-05	0.013159768	0.000523915	0.000485138	0.037659474	0.017581265	0.1249854	0.108809486
Design 2	0.362606232	0.051835158	0.19201995	0.061840088	0.151515152	0.42903752	0.830508475	1	0.761904762	0.333333333	0	0	0.16281523	0.061820707	0.061339084	0.00010138	0.18103683	2.06707E-06	0.987689056	0.424633623	0.329126315	0.111516683	0.169491525	0.618327402	0.381672598	0.051835158	0.046925095	0.051835158	0.217543302	0.830508475	0.018168424	0.367484203	0.003757992	0.000651708	0.000672352	0.109630728	0.613457935	0.42903752	0.033050047	0.044819611	0.004837795	0.187656396	0.003318854	0.027537143	0.297236441	0.129412581	0.003278735	0.052153092	0.026479646	0.018444976	0.017076267	0.075710756	0.000115264	0.000121047	0.00393305	0.003774184	0.000676844	0.107137512	0.00082878	0.24170123	0.083329578	0.041399479	0.072566856	0.239845421	0.095882745	0.001277098	0.000127416	0.136965747	0.114415521	0.405866694	6.37406E-05	0.016922033	0.000600269	0.000589757	0.044361113	0.020096634	0.145927993	0.071507214
Design 2	0.40509915	0.051835158	0.19201995	0.061840088	0.151515152	0.42903752	0.830508475	1	0.761904762	0.333333333	0	0	0.16281523	0.061820707	0.061339084	0.00010138	0.18103683	2.56072E-06	0.987689056	0.474290412	0.38598779	0.137719148	0.169491525	0.618327402	0.381672598	0.051835158	0.046925095	0.051835158	0.217543302	0.830508475	0.018168424	0.410378456	0.005155066	0.000651708	0.000672352	0.150389291	0.613457935	0.42903752	0.02776204	0.037607094	0.004408173	0.187656396	0.003318854	0.030597085	0.367164064	0.160083682	0.004105677	0.058123858	0.029486721	0.018444976	0.017076267	0.084131536	0.000115264	0.000121047	0.00393305	0.003774184	0.000676844	0.107137512	0.000926427	0.24170123	0.083329578	0.041399479	0.072566856	0.239845421	0.131531437	0.001757506	0.000176114	0.154738043	0.130820464	0.455839883	8.76291E-05	0.021126917	0.000676623	0.000699809	0.051062751	0.022581933	0.166870587	0.060545827
Design 2	0.188793201	0.267150512	0.137157107	0.085886232	0.151515152	0.347471452	0.237288136	1	0.761904762	0.333333333	0	0	0.070596269	0.085859616	0.085190715	7.98034E-05	0.269495886	8.53598E-06	0.003545165	0.63169221	0.407370121	0.281174208	0.762711864	0.269663608	0.730336392	0.267150512	0.241844795	0.267150512	0.217543302	0.237288136	0.164978545	0.65379542	0.168051652	0.019257772	0.02437549	0.150640298	0.078824681	0.347471452	0.077106724	0.027230062	0.005537442	0.041473595	0.0021553	0.010839935	0.28235685	0.088654117	0.010438813	0.330422477	0.138262073	0.013550614	0.018741659	0.064793774	0.000141352	6.04525E-05	1.61349E-07	0.004550295	0.098952702	0.097869572	0.000897497	0.241802232	0.075988907	0.066901228	0.098894732	0.724974104	0.158667579	0.003060688	0.001297339	0.141624491	0.202237063	0.542051806	0.000158441	0.026879888	0.001370451	0.001280129	0.089053057	0.034695039	0.198545237	0.050535172
Design 2	0.162715992	0.267150512	0.137157107	0.085886232	0.151515152	0.347471452	0.237288136	1	0.761904762	0.333333333	0	0	0.070596269	0.085859616	0.085190715	7.98034E-05	0.269495886	6.52663E-06	0.003545165	0.549948177	0.332888129	0.21523145	0.762711864	0.269663608	0.730336392	0.267150512	0.241844795	0.267150512	0.217543302	0.237288136	0.164978545	0.569752723	0.112582702	0.019257772	0.02437549	0.10091465	0.078824681	0.347471452	0.09095441	0.03537626	0.006206737	0.041473595	0.0021553	0.009484686	0.215975789	0.067561528	0.00793447	0.288922798	0.120906773	0.013550614	0.018741659	0.056685235	0.000141352	6.04525E-05	1.61349E-07	0.004550295	0.098952702	0.097869572	0.000779057	0.241802232	0.075988907	0.066901228	0.098894732	0.724974104	0.106291623	0.002045423	0.000867944	0.121048863	0.172804593	0.468810781	0.000105972	0.020344752	0.001188285	0.001040933	0.075927571	0.030223804	0.168408467	0.056686971
Design 2	0.136637989	0.267150512	0.137157107	0.085886232	0.151515152	0.347471452	0.237288136	1	0.761904762	0.333333333	0	0	0.070596269	0.085859616	0.085190715	7.98034E-05	0.269495886	4.78514E-06	0.003545165	0.468201655	0.26355125	0.158079202	0.762711864	0.269663608	0.730336392	0.267150512	0.241844795	0.267150512	0.217543302	0.237288136	0.164978545	0.485707467	0.070897491	0.019257772	0.02437549	0.063545563	0.078824681	0.347471452	0.109418483	0.045853361	0.007067539	0.041473595	0.0021553	0.008129396	0.158443666	0.049280691	0.005763969	0.247421855	0.103550945	0.013550614	0.018741659	0.04857645	0.000141352	6.04525E-05	1.61349E-07	0.004550295	0.098952702	0.097869572	0.000660614	0.241802232	0.075988907	0.066901228	0.098894732	0.724974104	0.066930815	0.001282446	0.000545251	0.100472608	0.143371227	0.395567526	6.65421E-05	0.014680784	0.001006114	0.000816821	0.062801684	0.025682659	0.138270779	0.066753551
Design 2	0.110559987	0.267150512	0.137157107	0.085886232	0.151515152	0.347471452	0.237288136	1	0.761904762	0.333333333	0	0	0.070596269	0.085859616	0.085190715	7.98034E-05	0.269495886	3.31157E-06	0.003545165	0.386455133	0.199776854	0.109719608	0.762711864	0.269663608	0.730336392	0.267150512	0.241844795	0.267150512	0.217543302	0.237288136	0.164978545	0.401662211	0.041028561	0.019257772	0.02437549	0.036769288	0.078824681	0.347471452	0.135268185	0.059914749	0.008222829	0.041473595	0.0021553	0.006774106	0.10976264	0.03381229	0.003927392	0.205920913	0.086195116	0.013550614	0.018741659	0.040467664	0.000141352	6.04525E-05	1.61349E-07	0.004550295	0.098952702	0.097869572	0.000542171	0.241802232	0.075988907	0.066901228	0.098894732	0.724974104	0.038727401	0.000735746	0.00031403	0.079896354	0.113937861	0.32232427	3.82889E-05	0.009888195	0.000823943	0.000609133	0.049675798	0.021058622	0.108133091	0.122567146
Design 2	0.084481984	0.267150512	0.137157107	0.085886232	0.151515152	0.347471452	0.237288136	1	0.761904762	0.333333333	0	0	0.070596269	0.085859616	0.085190715	7.98034E-05	0.269495886	2.10592E-06	0.003545165	0.304708611	0.142100593	0.070152668	0.762711864	0.269663608	0.730336392	0.267150512	0.241844795	0.267150512	0.217543302	0.237288136	0.164978545	0.317616955	0.021006531	0.019257772	0.02437549	0.018820356	0.078824681	0.347471452	0.174042738	0.079958415	0.009869624	0.041473595	0.0021553	0.005418816	0.069932709	0.021156326	0.002424737	0.16441997	0.068839288	0.013550614	0.018741659	0.032358879	0.000141352	6.04525E-05	1.61349E-07	0.004550295	0.098952702	0.097869572	0.000423727	0.241802232	0.075988907	0.066901228	0.098894732	0.724974104	0.019821816	0.000369277	0.000159036	0.059320099	0.084504495	0.249081014	1.935E-05	0.005966986	0.000641772	0.000419601	0.036549912	0.01633289	0.077995403	0.25919301
Design 2	0.058401841	0.267150512	0.137157107	0.085886232	0.151515152	0.347471452	0.237288136	1	0.761904762	0.333333333	0	0	0.070596269	0.085859616	0.085190715	7.98034E-05	0.269495886	1.16813E-06	0.003545165	0.222955383	0.09124825	0.039376217	0.762711864	0.269663608	0.730336392	0.267150512	0.241844795	0.267150512	0.217543302	0.237288136	0.164978545	0.233564804	0.008861294	0.019257772	0.02437549	0.007932647	0.078824681	0.347471452	0.238674062	0.111282626	0.012443233	0.041473595	0.0021553	0.004063415	0.038951696	0.011312106	0.001255924	0.122915623	0.051482036	0.013550614	0.018741659	0.024249428	0.000141352	6.04525E-05	1.61349E-07	0.004550295	0.098952702	0.097869572	0.000305274	0.241802232	0.075988907	0.066901228	0.098894732	0.724974104	0.008353808	0.000146979	6.50176E-05	0.038742157	0.055068714	0.17583175	7.86174E-06	0.002916943	0.000459585	0.000250591	0.023422948	0.011475942	0.047855243	0.450402109
Design 2	0.110566572	0.267150512	0.137157107	0.085886232	0.151515152	0.347471452	0.152542373	1	0.761904762	0.333333333	0	0	0.048869289	0.085859616	0.085190715	5.31914E-05	0.269495886	3.31191E-06	0.001899438	0.386475777	0.194852468	0.104440479	0.847457627	0.185406482	0.814593518	0.267150512	0.241844795	0.267150512	0.217543302	0.152542373	0.232646815	0.401683436	0.039059833	0.018327882	0.02437549	0.035004404	0.046226489	0.347471452	0.135260352	0.059910581	0.008222486	0.041473595	0.0021553	0.006774449	0.109773817	0.033815842	0.003927813	0.205931393	0.082022752	0.013550614	0.019755106	0.040469712	0.000141352	5.33665E-05	1.42436E-07	0.003019835	0.10430379	0.11932381	0.000496773	0.241802232	0.075988907	0.072462754	0.104246164	0.817535144	0.038733272	0.001024982	0.00043636	0.07990155	0.122449796	0.322342767	5.32365E-05	0.009889295	0.000867153	0.000609184	0.049679113	0.021059802	0.117850399	0.09426887
Design 2	0.110566572	0.267150512	0.137157107	0.085886232	0.151515152	0.347471452	0.06779661	1	0.761904762	0.333333333	0	0	0.027142309	0.085859616	0.085190715	2.65795E-05	0.269495886	3.31191E-06	0.000723654	0.386475777	0.189786179	0.099150246	0.93220339	0.092175224	0.907824776	0.267150512	0.241844795	0.267150512	0.217543302	0.06779661	0.3820292	0.401683436	0.037084889	0.017397993	0.02437549	0.033233946	0.018818576	0.347471452	0.135260352	0.059910581	0.008222486	0.041473595	0.0021553	0.006774449	0.109773817	0.033815842	0.003927813	0.205931393	0.077846005	0.013550614	0.020790045	0.040469712	0.000141352	4.71729E-05	1.25905E-07	0.001454406	0.109768353	0.167857947	0.000455878	0.241802232	0.075988907	0.078323675	0.109711079	0.915079067	0.038733272	0.001909592	0.000810496	0.07990155	0.137705563	0.322342767	9.89527E-05	0.009889295	0.000950098	0.000609184	0.049679113	0.021059802	0.135920125	0.088172997
Design 2	0.110566572	0.267150512	0.137157107	0.085886232	0.151515152	0.347471452	0.016949153	1	0.761904762	0.333333333	0	0	0.014106121	0.085859616	0.085190715	1.06123E-05	0.269495886	3.31191E-06	0.000166637	0.386475777	0.186681457	0.095976107	0.983050847	0.031312764	0.968687236	0.267150512	0.241844795	0.267150512	0.217543302	0.016949153	0.673659193	0.401683436	0.035899922	0.016840059	0.02437549	0.032171672	0.004471341	0.347471452	0.135260352	0.059910581	0.008222486	0.041473595	0.0021553	0.006774449	0.109773817	0.033815842	0.003927813	0.205931393	0.075339957	0.013550614	0.021421196	0.040469712	0.000141352	4.38284E-05	1.16979E-07	0.000492695	0.113100881	0.264592361	0.000433283	0.241802232	0.075988907	0.081987191	0.113043822	0.976051343	0.038733272	0.004581899	0.001940719	0.07990155	0.159711791	0.322342767	0.000237056	0.009889295	0.001076361	0.000609184	0.049679113	0.021059802	0.162968065	0.092758883
Design 2	0.110566572	0.267150512	0.137157107	0.085886232	0.151515152	0.347471452	0.322033898	1	0.761904762	0.333333333	0	0	0.09232325	0.085859616	0.085190715	0.000106415	0.269495886	3.31191E-06	0.006012775	0.386475777	0.204614455	0.115020943	0.677966102	0.346182835	0.653817165	0.267150512	0.241844795	0.267150512	0.217543302	0.322033898	0.123709243	0.401683436	0.043009723	0.020187661	0.02437549	0.038545318	0.117789961	0.347471452	0.135260352	0.059910581	0.008222486	0.041473595	0.0021553	0.006774449	0.109773817	0.033815842	0.003927813	0.205931393	0.090376247	0.013550614	0.017750021	0.040469712	0.000141352	6.85937E-05	1.83077E-07	0.00606038	0.093716774	0.085041752	0.000592806	0.241802232	0.075988907	0.061631279	0.093658468	0.637265789	0.038733272	0.000596224	0.000255021	0.07990155	0.108038751	0.322342767	3.10785E-05	0.009889295	0.00079593	0.000609184	0.049679113	0.021059802	0.101610139	0.129725603
Design 2	0.110566572	0.267150512	0.137157107	0.085886232	0.151515152	0.347471452	0.406779661	1	0.761904762	0.333333333	0	0	0.11405023	0.085859616	0.085190715	0.000133027	0.269495886	3.31191E-06	0.01012214	0.386475777	0.209327193	0.120311176	0.593220339	0.4159833	0.5840167	0.267150512	0.241844795	0.267150512	0.217543302	0.406779661	0.094868808	0.401683436	0.044984668	0.021117551	0.02437549	0.040315776	0.16463329	0.347471452	0.135260352	0.059910581	0.008222486	0.041473595	0.0021553	0.006774449	0.109773817	0.033815842	0.003927813	0.205931393	0.094552994	0.013550614	0.016780527	0.040469712	0.000141352	7.79885E-05	2.08152E-07	0.007565887	0.088597762	0.076209784	0.00064935	0.241802232	0.075988907	0.056645083	0.088539126	0.554280014	0.038733272	0.00051696	0.000221497	0.07990155	0.10349799	0.322342767	2.69822E-05	0.009889295	0.000775708	0.000609184	0.049679113	0.021059802	0.096740176	0.128942647
Design 2	0.110566572	0.267150512	0.137157107	0.085886232	0.151515152	0.347471452	0.491525424	1	0.761904762	0.333333333	0	0	0.13577721	0.085859616	0.085190715	0.000159639	0.269495886	3.31191E-06	0.018323719	0.386475777	0.213937568	0.125601408	0.508474576	0.479912699	0.520087301	0.267150512	0.241844795	0.267150512	0.217543302	0.491525424	0.073043801	0.401683436	0.046959613	0.02204744	0.02437549	0.042086233	0.221317371	0.347471452	0.135260352	0.059910581	0.008222486	0.041473595	0.0021553	0.006774449	0.109773817	0.033815842	0.003927813	0.205931393	0.098729741	0.013550614	0.015833521	0.040469712	0.000141352	8.88812E-05	2.37225E-07	0.009083983	0.083597491	0.069590137	0.000712728	0.241802232	0.075988907	0.051934817	0.083538533	0.475886566	0.038733272	0.000468452	0.000200981	0.07990155	0.099793194	0.322342767	2.44753E-05	0.009889295	0.000760221	0.000609184	0.049679113	0.021059802	0.092883499	0.122063817
Design 2	0.110566572	0.267150512	0.137157107	0.085886232	0.151515152	0.347471452	0.661016949	1	0.761904762	0.333333333	0	0	0.17923117	0.085859616	0.085190715	0.000212863	0.269495886	3.31191E-06	0.503006387	0.386475777	0.222876162	0.136181872	0.338983051	0.592891377	0.407108623	0.267150512	0.241844795	0.267150512	0.217543302	0.661016949	0.041205913	0.401683436	0.050909503	0.023907219	0.02437549	0.045627148	0.37540281	0.347471452	0.135260352	0.059910581	0.008222486	0.041473595	0.0021553	0.006774449	0.109773817	0.033815842	0.003927813	0.205931393	0.107083235	0.013550614	0.014008428	0.040469712	0.000141352	0.000116444	3.1079E-07	0.012234688	0.073960852	0.05996869	0.000864458	0.241802232	0.075988907	0.04331077	0.073901275	0.332355657	0.038733272	0.000419693	0.000180359	0.07990155	0.093904298	0.322342767	2.19554E-05	0.009889295	0.000737737	0.000609184	0.049679113	0.021059802	0.087014122	0.096617739
Design 2	0.110566572	0.267150512	0.137157107	0.085886232	0.151515152	0.347471452	0.830508475	1	0.761904762	0.333333333	0	0	0.22268513	0.085859616	0.085190715	0.000266087	0.269495886	3.31191E-06	0.987689056	0.386475777	0.23147422	0.146762337	0.169491525	0.689601125	0.310398875	0.267150512	0.241844795	0.267150512	0.217543302	0.830508475	0.018168424	0.401683436	0.054859393	0.025766997	0.02437549	0.049168063	0.613457935	0.347471452	0.135260352	0.059910581	0.008222486	0.041473595	0.0021553	0.006774449	0.109773817	0.033815842	0.003927813	0.205931393	0.11543673	0.013550614	0.012277808	0.040469712	0.000141352	0.00015473	0.006688055	0.006529628	0.000517087	0.081970924	0.001059286	0.241802232	0.075988907	0.035696513	0.064762866	0.205630789	0.038733272	0.000406835	0.000174921	0.07990155	0.089237493	0.322342767	2.12909E-05	0.009889295	0.000721978	0.000609184	0.049679113	0.021059802	0.082637218	0.068431314
Design 2	0.110566572	0.267150512	0.137157107	0.085886232	0.151515152	0.347471452	1	1	0.761904762	0.333333333	0	0	0.266139091	0.085859616	0.085190715	0.000319311	0.269495886	3.31191E-06	1	0.386475777	0.239767931	0.157342802	0	0.773320012	0.226679988	0.267150512	0.241844795	0.267150512	0.217543302	1	0	0.401683436	0.058809283	0.027626776	0.02437549	0.052708978	1	0.347471452	0.135260352	0.059910581	0.008222486	0.041473595	0.0021553	0.006774449	0.109773817	0.033815842	0.003927813	0.205931393	0.123790224	0.013550614	0.01064498	0.040469712	0.000141352	0.000209279	0.010275663	0.010117808	0.000415377	0.065948493	0.001313679	0.241802232	0.075988907	0.029029392	0.056140844	0.094669197	0.038733272	0.000417147	0.000179282	0.07990155	0.08530106	0.322342767	2.18239E-05	0.009889295	0.000710204	0.000609184	0.049679113	0.021059802	0.07917101	0.05154183
Design 2	0.362606232	0.051835158	0.19201995	0.061840088	0.151515152	0.42903752	0.152542373	1	0.761904762	0.333333333	0	0	0.036895309	0.061820707	0.061339084	2.025E-05	0.18103683	2.06707E-06	0.001899438	0.424633623	0.288135905	0.085643924	0.847457627	0.152402703	0.847597297	0.051835158	0.046925095	0.051835158	0.217543302	0.152542373	0.232646815	0.367484203	0.002887536	0.000486109	0.000672352	0.08423584	0.046226489	0.42903752	0.033050047	0.044819611	0.004837795	0.187656396	0.003318854	0.027537143	0.297236441	0.129412581	0.003278735	0.052153092	0.020211258	0.018444976	0.027111703	0.075710756	0.000115264	4.17283E-05	1.11373E-07	0.002343322	0.115311246	0.134554935	0.000403522	0.24170123	0.083329578	0.080256089	0.115254329	0.829628417	0.095882745	0.003319647	0.000334462	0.136965747	0.154455981	0.405866694	0.000165307	0.016922033	0.000731671	0.000589757	0.044361113	0.020096634	0.198943105	0.153270216
Design 2	0.40509915	0.051835158	0.19201995	0.061840088	0.151515152	0.42903752	0.152542373	1	0.761904762	0.333333333	0	0	0.036895309	0.061820707	0.061339084	2.025E-05	0.18103683	2.56072E-06	0.001899438	0.474290412	0.33797925	0.105777469	0.847457627	0.152402703	0.847597297	0.051835158	0.046925095	0.051835158	0.217543302	0.152542373	0.232646815	0.410378456	0.003961024	0.000486109	0.000672352	0.115554054	0.046226489	0.42903752	0.02776204	0.037607094	0.004408173	0.187656396	0.003318854	0.030597085	0.367164064	0.160083682	0.004105677	0.058123858	0.022521845	0.018444976	0.027111703	0.084131536	0.000115264	4.17283E-05	1.11373E-07	0.002343322	0.115311246	0.134554935	0.000453919	0.24170123	0.083329578	0.080256089	0.115254329	0.829628417	0.131531437	0.004559355	0.000460127	0.154738043	0.175309864	0.455839883	0.000226952	0.021126917	0.000822624	0.000699809	0.051062751	0.022581933	0.225776267	0.138953302
Design 2	0.235127479	0.051835158	0.082294264	0.061840088	0.151515152	0.42903752	0.152542373	1	0.761904762	0.333333333	0	0	0.036895309	0.061820707	0.061339084	0.000222546	0.808047666	5.76522E-06	0.001899438	0.275663256	0.155482785	0.037959211	0.847457627	0.152402703	0.847597297	0.051835158	0.046925095	0.051835158	0.217543302	0.152542373	0.232646815	0.238801445	0.000855433	0.000486109	0.000672352	0.024950808	0.046226489	0.42903752	0.059490085	0.078557267	0.016214689	0.083634385	0.000302375	0.003715487	0.131618387	0.056770499	0.003235212	0.034240794	0.013279496	0.003331701	0.00414045	0.017346629	0.000345267	0.000193297	5.15912E-07	0.002238743	0.039134234	0.091911936	0.00075826	0.154974083	0.03340576	0.029995446	0.039072415	0.746455384	0.028400166	0.00211753	0.000352522	0.123775786	0.113560766	0.289676041	0.000130823	0.011356449	0.001272341	0.000716269	0.043987643	0.027571357	0.141410245	0.065774856
Design 2	0.277620397	0.051835158	0.082294264	0.061840088	0.151515152	0.42903752	0.152542373	1	0.761904762	0.333333333	0	0	0.036895309	0.061820707	0.061339084	0.000222546	0.808047666	7.86063E-06	0.001899438	0.325320045	0.196706298	0.051734794	0.847457627	0.152402703	0.847597297	0.051835158	0.046925095	0.051835158	0.217543302	0.152542373	0.232646815	0.281695698	0.001358507	0.000486109	0.000672352	0.03962761	0.046226489	0.42903752	0.04815864	0.06450955	0.0143552	0.083634385	0.000302375	0.004335126	0.179463603	0.07775599	0.00449255	0.04021156	0.015590083	0.003331701	0.00414045	0.020250445	0.000345267	0.000193297	5.15912E-07	0.002238743	0.039134234	0.091911936	0.000892978	0.154974083	0.03340576	0.029995446	0.039072415	0.746455384	0.04510638	0.003371506	0.000561897	0.148235903	0.138025722	0.345270716	0.000208048	0.015819963	0.001498883	0.000915099	0.053977856	0.032390905	0.172071177	0.051989233
Design 2	0.320113314	0.051835158	0.082294264	0.061840088	0.151515152	0.42903752	0.152542373	1	0.761904762	0.333333333	0	0	0.036895309	0.061820707	0.061339084	0.000222546	0.808047666	1.02784E-05	0.001899438	0.374976834	0.240990178	0.067629699	0.847457627	0.152402703	0.847597297	0.051835158	0.046925095	0.051835158	0.217543302	0.152542373	0.232646815	0.324589951	0.002027952	0.000486109	0.000672352	0.059158156	0.046226489	0.42903752	0.039660057	0.053586817	0.012909363	0.083634385	0.000302375	0.004954764	0.234669621	0.101970017	0.005943325	0.046182326	0.017900671	0.003331701	0.00414045	0.02315426	0.000345267	0.000193297	5.15912E-07	0.002238743	0.039134234	0.091911936	0.001027696	0.154974083	0.03340576	0.029995446	0.039072415	0.746455384	0.067337483	0.005040182	0.000840515	0.17269602	0.162490678	0.400865391	0.000310812	0.020970171	0.001725425	0.001127317	0.063968069	0.0371364	0.202732109	0.046284838
Design 2	0.362606232	0.051835158	0.082294264	0.061840088	0.151515152	0.42903752	0.152542373	1	0.761904762	0.333333333	0	0	0.036895309	0.061820707	0.061339084	0.000222546	0.808047666	1.30186E-05	0.001899438	0.424633623	0.288135905	0.085643924	0.847457627	0.152402703	0.847597297	0.051835158	0.046925095	0.051835158	0.217543302	0.152542373	0.232646815	0.367484203	0.002887536	0.000486109	0.000672352	0.08423584	0.046226489	0.42903752	0.033050047	0.044819611	0.011748852	0.083634385	0.000302375	0.005574402	0.297236441	0.129412581	0.007587537	0.052153092	0.020211258	0.003331701	0.00414045	0.026058075	0.000345267	0.000193297	5.15912E-07	0.002238743	0.039134234	0.091911936	0.001162413	0.154974083	0.03340576	0.029995446	0.039072415	0.746455384	0.095882745	0.007182802	0.001198266	0.197156138	0.186955634	0.456460066	0.000442763	0.026807074	0.001951967	0.001351982	0.073958282	0.041818086	0.233393041	0.043153013
Design 2	0.40509915	0.051835158	0.082294264	0.061840088	0.151515152	0.42903752	0.152542373	1	0.761904762	0.333333333	0	0	0.036895309	0.061820707	0.061339084	0.000222546	0.808047666	1.60811E-05	0.001899438	0.474290412	0.33797925	0.105777469	0.847457627	0.152402703	0.847597297	0.051835158	0.046925095	0.051835158	0.217543302	0.152542373	0.232646815	0.410378456	0.003961024	0.000486109	0.000672352	0.115554054	0.046226489	0.42903752	0.02776204	0.037607094	0.010794135	0.083634385	0.000302375	0.006194041	0.367164064	0.160083682	0.009425185	0.058123858	0.022521845	0.003331701	0.00414045	0.028961891	0.000345267	0.000193297	5.15912E-07	0.002238743	0.039134234	0.091911936	0.001297131	0.154974083	0.03340576	0.029995446	0.039072415	0.746455384	0.131531437	0.009858608	0.001645043	0.221616255	0.21142059	0.512054741	0.00060755	0.033330671	0.00217851	0.001588316	0.083948495	0.046443807	0.264053974	0.041363399
Design 2	0	1	0.092269327	0.056798155	0.151515152	0.143556281	0.002711864	1	0.761904762	0.333333333	0	0	0.008775769	0.056780291	0.056337936	1.87897E-05	0.523229889	2.32326E-06	2.60855E-05	0.150876075	0.040892772	0.024250402	0.997288136	0.007837999	0.992162001	1	0.90527543	1	0.217543302	0.002711864	0.9204167	0.194735218	0.051582226	0.619880612	0.90908372	0.00123249	0.000705461	0.143556281	1	0.143629302	0.022263748	0.007400073	0.000903553	0.000519729	0.00766462	0.002727535	0.002092341	0.485148888	0.175094346	0.007282239	0.011161636	0.011541649	0.000211082	7.33497E-05	1.95771E-07	0.000140191	0.061712773	0.264662029	0.000381736	0.156950871	0.042731577	0.046562021	0.061652407	0.988979699	0.001504413	0.000743367	0.001389203	0.020257273	0.088067389	0.108666999	4.18468E-05	0.001998091	0.001076132	0.000349758	0.033174976	0.015379886	0.056407112	0.149299509
Design 2	0.003016997	1	0.092269327	0.056798155	0.151515152	0.143556281	0.002711864	1	0.761904762	0.333333333	0	0	0.008775769	0.056780291	0.056337936	1.87897E-05	0.523229889	3.09624E-06	2.60855E-05	0.177220151	0.051277183	0.032252529	0.997288136	0.007837999	0.992162001	1	0.90527543	1	0.217543302	0.002711864	0.9204167	0.227187182	0.078889577	0.619880612	0.90908372	0.001890948	0.000705461	0.143556281	0.865329327	0.124106151	0.019937905	0.007400073	0.000903553	0.000599159	0.01046112	0.004060418	0.002858204	0.55920179	0.201822555	0.007282239	0.011161636	0.013309232	0.000211082	7.33497E-05	1.95771E-07	0.000140191	0.061712773	0.264662029	0.000447429	0.156950871	0.042731577	0.046562021	0.061652407	0.988979699	0.002308013	0.001144955	0.002126532	0.026836264	0.106521763	0.131877762	6.42756E-05	0.002981092	0.001253081	0.000446844	0.040649543	0.018140924	0.071463544	0.094548498
Design 2	0.007082153	1	0.092269327	0.056798155	0.151515152	0.143556281	0.002711864	1	0.761904762	0.333333333	0	0	0.008775769	0.056780291	0.056337936	1.87897E-05	0.523229889	4.31059E-06	2.60855E-05	0.21271663	0.066384707	0.044824019	0.997288136	0.007837999	0.992162001	1	0.90527543	1	0.217543302	0.002711864	0.9204167	0.270913536	0.128937051	0.619880612	0.90908372	0.003097737	0.000705461	0.143556281	0.731623675	0.103971164	0.017539172	0.007400073	0.000903553	0.000706184	0.014854475	0.006154401	0.004061388	0.658981993	0.237836622	0.007282239	0.011161636	0.015690904	0.000211082	7.33497E-05	1.95771E-07	0.000140191	0.061712773	0.264662029	0.000535944	0.156950871	0.042731577	0.046562021	0.061652407	0.988979699	0.003780807	0.001880964	0.003477871	0.035700913	0.131387517	0.163152359	0.000105382	0.004525404	0.001491505	0.000587116	0.050720908	0.021800139	0.091750848	0.074303486
Design 2	0.003016997	1	0.082294264	0.061840088	0.151515152	0.143556281	0.002711864	1	0.761904762	0.333333333	0	0	0.009067007	0.061820707	0.061339084	2.57866E-05	0.59595683	3.61983E-06	2.60855E-05	0.177220151	0.051297458	0.032276779	0.997288136	0.008830661	0.991169339	1	0.90527543	1	0.217543302	0.002711864	0.9204167	0.227187182	0.078948547	0.620344018	0.90908372	0.00189237	0.000705461	0.143556281	0.865329327	0.124106151	0.022243973	0.006512612	0.000715764	0.000510209	0.01046112	0.003629457	0.002928047	0.55920179	0.201973854	0.006165759	0.009288387	0.011554935	0.000234622	8.54056E-05	2.27949E-07	0.000149244	0.05706191	0.257844701	0.000479235	0.154974083	0.040196138	0.043761346	0.057001245	0.987698986	0.002308013	0.001097302	0.002200858	0.026915528	0.103355144	0.132400537	6.29202E-05	0.002882051	0.00132821	0.000463466	0.041282643	0.018943874	0.068763869	0.088340773
Design 2	0.003016997	1	0.082294264	0.061840088	0.151515152	0.42903752	0.002711864	1	0.761904762	0.333333333	0	0	0.009067007	0.061820707	0.061339084	2.57866E-05	0.808047666	5.25332E-06	2.60855E-05	0.177220151	0.040779613	0.032276779	0.997288136	0.008830661	0.991169339	1	0.90527543	1	0.217543302	0.002711864	0.9204167	0.227187182	0.078948547	0.620344018	0.90908372	0.00189237	0.000705461	0.42903752	0.865329327	0.190549056	0.031038988	0.006512612	0.000302375	0.000330816	0.01046112	0.003629457	0.002928047	0.362926833	0.131078596	0.003331701	0.004585398	0.007484015	0.000345267	0.000155684	4.15521E-07	7.89267E-05	0.043339883	0.293540703	0.000588281	0.154974083	0.03340576	0.036277998	0.043278335	0.983970885	0.002308013	0.001227169	0.002206843	0.03140542	0.097596266	0.132400537	7.59907E-05	0.002882051	0.001615144	0.000516037	0.041282643	0.021842836	0.068763869	0.066306148
Design 2	0.14073881	0.051835158	0.082294264	0.061840088	0.151515152	0.42903752	0.016949153	1	0.761904762	0.333333333	0	0	0.011711325	0.061820707	0.061339084	4.44832E-05	0.808047666	2.26407E-06	0.000166637	0.165361624	0.073793451	0.014029865	0.983050847	0.023348484	0.976651516	0.051835158	0.046925095	0.051835158	0.217543302	0.016949153	0.673659193	0.1435213	0.000200655	0.000452989	0.000672352	0.005848145	0.004471341	0.42903752	0.106117562	0.131889952	0.023274311	0.083634385	0.000302375	0.002339097	0.05167538	0.02170653	0.001134366	0.020978051	0.007620669	0.003331701	0.004542189	0.010896442	0.000345267	0.000158858	4.23995E-07	0.000257617	0.042931472	0.221704396	0.000378472	0.154974083	0.03340576	0.035641499	0.042869899	0.95990768	0.007083998	0.002227063	0.000370811	0.069443016	0.081344419	0.166184702	0.000137568	0.003898509	0.000959852	0.000329023	0.021796583	0.016521209	0.105891659	0.135262222
Design 2	0.14073881	0.051835158	0.082294264	0.061840088	0.151515152	0.42903752	0.152542373	1	0.761904762	0.333333333	0	0	0.036895309	0.061820707	0.061339084	0.000222546	0.808047666	2.26407E-06	0.001899438	0.165361624	0.076217889	0.014942038	0.847457627	0.152402703	0.847597297	0.051835158	0.046925095	0.051835158	0.217543302	0.152542373	0.232646815	0.1435213	0.00021354	0.000486109	0.000672352	0.006224054	0.046226489	0.42903752	0.106117562	0.131889952	0.023274311	0.083634385	0.000302375	0.002339097	0.05167538	0.02170653	0.001134366	0.020978051	0.008147036	0.003331701	0.00414045	0.010896442	0.000345267	0.000193297	5.15912E-07	0.002238743	0.039134234	0.091911936	0.000459015	0.154974083	0.03340576	0.029995446	0.039072415	0.746455384	0.007083998	0.00051753	8.53713E-05	0.069443016	0.059217249	0.166184702	3.22883E-05	0.003898509	0.000769127	0.000329023	0.021796583	0.016521209	0.073303729	0.240234284
Design 2	0.14073881	0.051835158	0.082294264	0.061840088	0.151515152	0.42903752	0.237288136	1	0.761904762	0.333333333	0	0	0.052635299	0.061820707	0.061339084	0.000333835	0.808047666	2.26407E-06	0.003545165	0.165361624	0.077696174	0.015512146	0.762711864	0.225446701	0.774553299	0.051835158	0.046925095	0.051835158	0.217543302	0.237288136	0.164978545	0.1435213	0.000221593	0.000506809	0.000672352	0.006458997	0.078824681	0.42903752	0.106117562	0.131889952	0.023274311	0.083634385	0.000302375	0.002339097	0.05167538	0.02170653	0.001134366	0.020978051	0.008476015	0.003331701	0.003898422	0.010896442	0.000345267	0.000219373	5.85509E-07	0.003768875	0.03684659	0.071608091	0.000518985	0.154974083	0.03340576	0.026829569	0.036784625	0.626767569	0.007083998	0.000381789	6.27067E-05	0.069443016	0.054167048	0.166184702	2.39288E-05	0.003898509	0.000729087	0.000329023	0.021796583	0.016521209	0.066290536	0.258298203
Design 2	0	1	0.092269327	0.056798155	0.151515152	0.143556281	0.457627119	1	0.761904762	0.333333333	0	0	0.086529388	0.056780291	0.056337936	0.000454294	0.523229889	2.32326E-06	0.014226222	0.150876075	0.045071612	0.029127535	0.542372881	0.378476089	0.621523911	1	0.90527543	1	0.217543302	0.457627119	0.08113481	0.194735218	0.061876209	0.743598965	0.90908372	0.001480707	0.197313863	0.143556281	1	0.143629302	0.022263748	0.007400073	0.000903553	0.000519729	0.00766462	0.002727535	0.002092341	0.485148888	0.210153388	0.007282239	0.008230413	0.011541649	0.000211082	0.000143646	3.83393E-07	0.007849375	0.045504813	0.050436761	0.00067245	0.156950871	0.042731577	0.027808984	0.045443404	0.434435272	0.001504413	3.7371E-05	9.29697E-05	0.020257273	0.045459295	0.108666999	2.41659E-06	0.001998091	0.000700347	0.000349758	0.033174976	0.015379886	0.018053311	0.310588494
Design 2	0.007082153	1	0.092269327	0.056798155	0.151515152	0.143556281	0.016949153	1	0.761904762	0.333333333	0	0	0.01120919	0.056780291	0.056337936	3.24195E-05	0.523229889	4.31059E-06	0.000166637	0.21271663	0.066600988	0.045105152	0.983050847	0.021666214	0.978333786	1	0.90527543	1	0.217543302	0.016949153	0.673659193	0.270913536	0.12974235	0.623752573	0.90908372	0.003117155	0.004471341	0.143556281	0.731623675	0.103971164	0.017539172	0.007400073	0.000903553	0.000706184	0.014854475	0.006154401	0.004061388	0.658981993	0.239325717	0.007282239	0.01106408	0.015690904	0.000211082	7.48336E-05	1.99732E-07	0.000357912	0.061173346	0.201200846	0.000544818	0.156950871	0.042731577	0.045866803	0.061112946	0.968421469	0.003780807	0.001101222	0.002046238	0.035700913	0.120049076	0.163152359	6.18332E-05	0.004525404	0.001384787	0.000587116	0.050720908	0.021800139	0.0809438	0.078441969
Design 2	0.007082153	1	0.092269327	0.056798155	0.151515152	0.143556281	0.050847458	1	0.761904762	0.333333333	0	0	0.017003052	0.056780291	0.056337936	6.48714E-05	0.523229889	4.31059E-06	0.000527671	0.21271663	0.067113258	0.045774517	0.949152542	0.053909676	0.946090324	1	0.90527543	1	0.217543302	0.050847458	0.441579031	0.270913536	0.131659727	0.632971526	0.90908372	0.003163388	0.013874647	0.143556281	0.731623675	0.103971164	0.017539172	0.007400073	0.000903553	0.000706184	0.014854475	0.006154401	0.004061388	0.658981993	0.242871181	0.007282239	0.010833285	0.015690904	0.000211082	7.85051E-05	2.09531E-07	0.000879113	0.059897184	0.14173439	0.000566649	0.156950871	0.042731577	0.044241541	0.059836702	0.920360991	0.003780807	0.00056349	0.001058942	0.035700913	0.106656585	0.163152359	3.18006E-05	0.004525404	0.00126054	0.000587116	0.050720908	0.021800139	0.068440144	0.138897376
Design 2	0.007082153	1	0.092269327	0.056798155	0.151515152	0.143556281	0.084745763	1	0.761904762	0.333333333	0	0	0.022796913	0.056780291	0.056337936	9.73233E-05	0.523229889	4.31059E-06	0.000931159	0.21271663	0.067621811	0.046443883	0.915254237	0.085227488	0.914772512	1	0.90527543	1	0.217543302	0.084745763	0.337888429	0.270913536	0.133577105	0.642190479	0.90908372	0.003209622	0.023932463	0.143556281	0.731623675	0.103971164	0.017539172	0.007400073	0.000903553	0.000706184	0.014854475	0.006154401	0.004061388	0.658981993	0.246416645	0.007282239	0.010604585	0.015690904	0.000211082	8.23823E-05	2.19879E-07	0.001405137	0.058632605	0.115302408	0.000589518	0.156950871	0.042731577	0.042658025	0.058572042	0.873534993	0.003780807	0.000384895	0.000731036	0.035700913	0.09929729	0.163152359	2.1826E-05	0.004525404	0.001193759	0.000587116	0.050720908	0.021800139	0.061721354	0.196276883
Design 2	0.007082153	1	0.092269327	0.056798155	0.151515152	0.143556281	0.118644068	1	0.761904762	0.333333333	0	0	0.028590775	0.056780291	0.056337936	0.000129775	0.523229889	4.31059E-06	0.001385057	0.21271663	0.068126728	0.047113248	0.881355932	0.115658946	0.884341054	1	0.90527543	1	0.217543302	0.118644068	0.275552038	0.270913536	0.135494482	0.651409432	0.90908372	0.003255855	0.034697236	0.143556281	0.731623675	0.103971164	0.017539172	0.007400073	0.000903553	0.000706184	0.014854475	0.006154401	0.004061388	0.658981993	0.249962109	0.007282239	0.010377991	0.015690904	0.000211082	8.64793E-05	2.30814E-07	0.001937072	0.057379671	0.099478695	0.000613485	0.156950871	0.042731577	0.041115598	0.057319026	0.827924004	0.003780807	0.000296113	0.000568029	0.035700913	0.094260654	0.163152359	1.68674E-05	0.004525404	0.001149036	0.000587116	0.050720908	0.021800139	0.05720242	0.236766906
Design 2	0.007082153	1	0.092269327	0.056798155	0.151515152	0.143556281	0.152542373	1	0.761904762	0.333333333	0	0	0.034384636	0.056780291	0.056337936	0.000162227	0.523229889	4.31059E-06	0.001899438	0.21271663	0.068628084	0.047782613	0.847457627	0.145241155	0.854758845	1	0.90527543	1	0.217543302	0.152542373	0.232646815	0.270913536	0.13741186	0.660628386	0.90908372	0.003302089	0.046226489	0.143556281	0.731623675	0.103971164	0.017539172	0.007400073	0.000903553	0.000706184	0.014854475	0.006154401	0.004061388	0.658981993	0.253507574	0.007282239	0.010153514	0.015690904	0.000211082	9.08114E-05	2.42377E-07	0.002476044	0.056138443	0.088623777	0.000638616	0.156950871	0.042731577	0.039613604	0.056077719	0.783508662	0.003780807	0.00024328	0.000471026	0.035700913	0.090447006	0.163152359	1.39167E-05	0.004525404	0.001115893	0.000587116	0.050720908	0.021800139	0.053832566	0.263443344
Design 2	0.007082153	1	0.092269327	0.056798155	0.151515152	0.143556281	0.186440678	1	0.761904762	0.333333333	0	0	0.040178497	0.056780291	0.056337936	0.000194679	0.523229889	4.31059E-06	0.002487251	0.21271663	0.069125954	0.048451978	0.813559322	0.174009174	0.825990826	1	0.90527543	1	0.217543302	0.186440678	0.200699988	0.270913536	0.139329237	0.669847339	0.90908372	0.003348322	0.058583414	0.143556281	0.731623675	0.103971164	0.017539172	0.007400073	0.000903553	0.000706184	0.014854475	0.006154401	0.004061388	0.658981993	0.257053038	0.007282239	0.009931165	0.015690904	0.000211082	9.53953E-05	2.54611E-07	0.003023216	0.054908984	0.080561712	0.000664979	0.156950871	0.042731577	0.038151392	0.054848181	0.740269717	0.003780807	0.000208444	0.000407066	0.035700913	0.087384091	0.163152359	1.19711E-05	0.004525404	0.001089837	0.000587116	0.050720908	0.021800139	0.051163872	0.277816183
Design 2	0.007082153	1	0.092269327	0.056798155	0.151515152	0.143556281	0.220338983	1	0.761904762	0.333333333	0	0	0.045972359	0.056780291	0.056337936	0.000227131	0.523229889	4.31059E-06	0.003165424	0.21271663	0.06962041	0.049121343	0.779661017	0.201996162	0.798003838	1	0.90527543	1	0.217543302	0.220338983	0.175651466	0.270913536	0.141246614	0.679066292	0.90908372	0.003394556	0.071837533	0.143556281	0.731623675	0.103971164	0.017539172	0.007400073	0.000903553	0.000706184	0.014854475	0.006154401	0.004061388	0.658981993	0.260598502	0.007282239	0.009710957	0.015690904	0.000211082	0.000100249	2.67565E-07	0.00357979	0.053691359	0.074251596	0.00069265	0.156950871	0.042731577	0.036728315	0.053630478	0.698188029	0.003780807	0.000183912	0.000362024	0.035700913	0.084826854	0.163152359	1.0601E-05	0.004525404	0.001068542	0.000587116	0.050720908	0.021800139	0.048965253	0.284639088
Design 2	0.007082153	1	0.092269327	0.056798155	0.151515152	0.143556281	0.254237288	1	0.761904762	0.333333333	0	0	0.05176622	0.056780291	0.056337936	0.000259583	0.523229889	4.31059E-06	0.00395652	0.21271663	0.070111522	0.049790709	0.745762712	0.229233497	0.770766503	1	0.90527543	1	0.217543302	0.254237288	0.155278927	0.270913536	0.143163992	0.688285245	0.90908372	0.003440789	0.086065458	0.143556281	0.731623675	0.103971164	0.017539172	0.007400073	0.000903553	0.000706184	0.014854475	0.006154401	0.004061388	0.658981993	0.264143966	0.007282239	0.0094929	0.015690904	0.000211082	0.000105392	2.81292E-07	0.00414701	0.052485632	0.069124723	0.000721709	0.156950871	0.042731577	0.035343729	0.052424673	0.657244569	0.003780807	0.000165838	0.00032884	0.035700913	0.082632251	0.163152359	9.59154E-06	0.004525404	0.001050649	0.000587116	0.050720908	0.021800139	0.047102457	0.28363243
Design 2	0.007082153	1	0.092269327	0.056798155	0.151515152	0.143556281	0.288135593	1	0.761904762	0.333333333	0	0	0.057560081	0.056780291	0.056337936	0.000292035	0.523229889	4.31059E-06	0.004891294	0.21271663	0.070599356	0.050460074	0.711864407	0.255750903	0.744249097	1	0.90527543	1	0.217543302	0.288135593	0.138249677	0.270913536	0.145081369	0.697504198	0.90908372	0.003487022	0.101351761	0.143556281	0.731623675	0.103971164	0.017539172	0.007400073	0.000903553	0.000706184	0.014854475	0.006154401	0.004061388	0.658981993	0.26768943	0.007282239	0.009277007	0.015690904	0.000211082	0.000110845	2.95846E-07	0.004726164	0.051291867	0.064840727	0.000752242	0.156950871	0.042731577	0.033996995	0.051230831	0.617420424	0.003780807	0.000152088	0.000303594	0.035700913	0.080709723	0.163152359	8.82359E-06	0.004525404	0.001035303	0.000587116	0.050720908	0.021800139	0.045490851	0.282625772
Design 2	0.007082153	1	0.092269327	0.056798155	0.151515152	0.143556281	0.322033898	1	0.761904762	0.333333333	0	0	0.063353943	0.056780291	0.056337936	0.000324487	0.523229889	4.31059E-06	0.006012775	0.21271663	0.071083976	0.051129439	0.677966102	0.281576551	0.718423449	1	0.90527543	1	0.217543302	0.322033898	0.123709243	0.270913536	0.146998747	0.706723152	0.90908372	0.003533256	0.117789961	0.143556281	0.731623675	0.103971164	0.017539172	0.007400073	0.000903553	0.000706184	0.014854475	0.006154401	0.004061388	0.658981993	0.271234895	0.007282239	0.009063289	0.015690904	0.000211082	0.000116631	3.1129E-07	0.005318585	0.050110131	0.061181859	0.00078434	0.156950871	0.042731577	0.032687478	0.050049019	0.578696788	0.003780807	0.000141382	0.000283937	0.035700913	0.078998431	0.163152359	8.22565E-06	0.004525404	0.001021928	0.000587116	0.050720908	0.021800139	0.044073783	0.277312854
Design 2	0.007082153	1	0.092269327	0.056798155	0.151515152	0.143556281	0.355932203	1	0.761904762	0.333333333	0	0	0.069147804	0.056780291	0.056337936	0.000356939	0.523229889	4.31059E-06	0.007383069	0.21271663	0.071565446	0.051798804	0.644067797	0.306737161	0.693262839	1	0.90527543	1	0.217543302	0.355932203	0.111080978	0.270913536	0.148916124	0.715942105	0.90908372	0.003579489	0.13548366	0.143556281	0.731623675	0.103971164	0.017539172	0.007400073	0.000903553	0.000706184	0.014854475	0.006154401	0.004061388	0.658981993	0.274780359	0.007282239	0.008851758	0.015690904	0.000211082	0.000122776	3.27691E-07	0.005925655	0.04894049	0.058001525	0.000818102	0.156950871	0.042731577	0.031414544	0.048879303	0.541054974	0.003780807	0.000132906	0.000268376	0.035700913	0.077455587	0.163152359	7.75228E-06	0.004525404	0.001010121	0.000587116	0.050720908	0.021800139	0.042811547	0.269427366
Design 2	0.007082153	1	0.092269327	0.056798155	0.151515152	0.143556281	0.389830508	1	0.761904762	0.333333333	0	0	0.074941665	0.056780291	0.056337936	0.000389391	0.523229889	4.31059E-06	0.009095243	0.21271663	0.072043827	0.052468169	0.610169492	0.331258094	0.668741906	1	0.90527543	1	0.217543302	0.389830508	0.099959617	0.270913536	0.150833502	0.725161058	0.90908372	0.003625723	0.154547848	0.143556281	0.731623675	0.103971164	0.017539172	0.007400073	0.000903553	0.000706184	0.014854475	0.006154401	0.004061388	0.658981993	0.278325823	0.007282239	0.008642427	0.015690904	0.000211082	0.000129307	3.45121E-07	0.006548809	0.047783012	0.055196984	0.000853636	0.156950871	0.042731577	0.030177566	0.04772175	0.504476405	0.003780807	0.00012612	0.000255916	0.035700913	0.076049993	0.163152359	7.37328E-06	0.004525404	0.000999587	0.000587116	0.050720908	0.021800139	0.041675282	0.260647071
Design 2	0.007082153	1	0.092269327	0.056798155	0.151515152	0.143556281	0.423728814	1	0.761904762	0.333333333	0	0	0.080735527	0.056780291	0.056337936	0.000421843	0.523229889	4.31059E-06	0.011295331	0.21271663	0.072519176	0.053137535	0.576271186	0.355163439	0.644836561	1	0.90527543	1	0.217543302	0.423728814	0.090050803	0.270913536	0.152750879	0.734380011	0.90908372	0.003671956	0.175110411	0.143556281	0.731623675	0.103971164	0.017539172	0.007400073	0.000903553	0.000706184	0.014854475	0.006154401	0.004061388	0.658981993	0.281871287	0.007282239	0.008435308	0.015690904	0.000211082	0.000136252	3.6366E-07	0.007189534	0.046637763	0.052693842	0.000891055	0.156950871	0.042731577	0.028975919	0.046576427	0.46894262	0.003780807	0.00012065	0.000245874	0.035700913	0.074758222	0.163152359	7.06779E-06	0.004525404	0.000990107	0.000587116	0.050720908	0.021800139	0.040643379	0.250748268
Design 2	0.007082153	1	0.092269327	0.056798155	0.151515152	0.143556281	0.457627119	1	0.761904762	0.333333333	0	0	0.086529388	0.056780291	0.056337936	0.000454294	0.523229889	4.31059E-06	0.014226222	0.21271663	0.072991552	0.0538069	0.542372881	0.378476089	0.621523911	1	0.90527543	1	0.217543302	0.457627119	0.08113481	0.270913536	0.154668256	0.743598965	0.90908372	0.00371819	0.197313863	0.143556281	0.731623675	0.103971164	0.017539172	0.007400073	0.000903553	0.000706184	0.014854475	0.006154401	0.004061388	0.658981993	0.285416751	0.007282239	0.008230413	0.015690904	0.000211082	0.000143646	3.83393E-07	0.007849375	0.045504813	0.050436761	0.000930484	0.156950871	0.042731577	0.027808984	0.045443404	0.434435272	0.003780807	0.000116231	0.00023776	0.035700913	0.073562247	0.163152359	6.82098E-06	0.004525404	0.000981512	0.000587116	0.050720908	0.021800139	0.039699261	0.239954657
Design 2	0.007082153	1	0.092269327	0.056798155	0.151515152	0.143556281	0.491525424	1	0.761904762	0.333333333	0	0	0.09232325	0.056780291	0.056337936	0.000486746	0.523229889	4.31059E-06	0.018323719	0.21271663	0.073461008	0.054476265	0.508474576	0.401217817	0.598782183	1	0.90527543	1	0.217543302	0.491525424	0.073043801	0.270913536	0.156585634	0.752817918	0.90908372	0.003764423	0.221317371	0.143556281	0.731623675	0.103971164	0.017539172	0.007400073	0.000903553	0.000706184	0.014854475	0.006154401	0.004061388	0.658981993	0.288962215	0.007282239	0.008027755	0.015690904	0.000211082	0.000151523	4.04416E-07	0.008529938	0.04438423	0.048383638	0.000972055	0.156950871	0.042731577	0.026676143	0.04432275	0.400936132	0.003780807	0.00011267	0.000231221	0.035700913	0.072447909	0.163152359	6.62206E-06	0.004525404	0.000973669	0.000587116	0.050720908	0.021800139	0.03882994	0.228825493
Design 2	0.007082153	1	0.092269327	0.056798155	0.151515152	0.143556281	0.661016949	1	0.761904762	0.333333333	0	0	0.121292556	0.056780291	0.056337936	0.000649006	0.523229889	4.31059E-06	0.503006387	0.21271663	0.075766321	0.057823091	0.338983051	0.507054322	0.492945678	1	0.90527543	1	0.217543302	0.661016949	0.041205913	0.270913536	0.166172521	0.798912684	0.90908372	0.003995591	0.37540281	0.143556281	0.731623675	0.103971164	0.017539172	0.007400073	0.000903553	0.000706184	0.014854475	0.006154401	0.004061388	0.658981993	0.306689536	0.007282239	0.007048461	0.015690904	0.000211082	0.000199646	5.32859E-07	0.01230445	0.038969302	0.040242755	0.001217503	0.156950871	0.042731577	0.021502055	0.038907474	0.247933648	0.003780807	0.000103731	0.000214809	0.035700913	0.067769589	0.163152359	6.12284E-06	0.004525404	0.00094266	0.000587116	0.050720908	0.021800139	0.035303028	0.159589791
Design 2	0.007082153	1	0.092269327	0.056798155	0.151515152	0.143556281	0.830508475	1	0.761904762	0.333333333	0	0	0.150261863	0.056780291	0.056337936	0.000811266	0.523229889	4.31059E-06	0.987689056	0.21271663	0.078006039	0.061169917	0.169491525	0.601345026	0.398654974	1	0.90527543	1	0.217543302	0.830508475	0.018168424	0.270913536	0.175759408	0.84500745	0.90908372	0.004226758	0.613457935	0.143556281	0.731623675	0.103971164	0.017539172	0.007400073	0.000903553	0.000706184	0.014854475	0.006154401	0.004061388	0.658981993	0.324416857	0.007282239	0.006127029	0.015690904	0.000211082	0.000267575	0.010101804	0.009943922	0.000281138	0.044801843	0.001543889	0.156950871	0.042731577	0.017090142	0.03381216	0.117469352	0.003780807	0.000104444	0.000216119	0.035700913	0.064062137	0.163152359	6.16267E-06	0.004525404	0.000920542	0.000587116	0.050720908	0.021800139	0.032672943	0.09795995
Design 2	0.14073881	0.051835158	0.082294264	0.134366361	0.151515152	0.143556281	0.457627119	1	0.761904762	0.333333333	0	0	0.194681467	0.134325158	0.133278679	0.000623187	0.358875047	6.32683E-07	0.014226222	0.165361624	0.112322633	0.020657109	0.542372881	0.558566156	0.441433844	0.051835158	0.046925095	0.051835158	0.217543302	0.457627119	0.08113481	0.1435213	0.000294268	0.000693615	0.000672352	0.008579252	0.197313863	0.143556281	0.106117562	0.081642196	0.01662304	0.083634385	0.001536987	0.006161143	0.05167538	0.009391407	0.00039651	0.033126741	0.017922012	0.010643161	0.012513933	0.016804822	0.000165436	0.000102946	2.74765E-07	0.013108734	0.076879021	0.056904233	0.000270127	0.237218134	0.069441826	0.047717357	0.076819631	0.480548981	0.007083998	4.92218E-05	9.60272E-06	0.03219493	0.021874434	0.145809974	2.91176E-06	0.001279141	0.000263752	0.00011959	0.009808346	0.007296335	0.024917261	0.437539256
Design 2	0.14073881	0.051835158	0.012468828	0.134366361	0.151515152	0.143556281	0.457627119	1	0.761904762	0.333333333	0	0	0.194681467	0.134325158	0.133278679	0.056790835	0.988997077	2.08181E-05	0.014226222	0.165361624	0.112322633	0.020657109	0.542372881	0.558566156	0.441433844	0.051835158	0.046925095	0.051835158	0.217543302	0.457627119	0.08113481	0.1435213	0.000294268	0.000693615	0.000672352	0.008579252	0.197313863	0.143556281	0.106117562	0.081642196	0.077662149	0.01743856	1.68061E-05	0.000302026	0.05167538	0.009391407	0.002647563	0.033126741	0.017922012	0.000423101	0.000237799	0.002195957	0.001221664	0.003411354	9.10495E-06	0.072323905	0.006588469	0.010722917	0.00215095	0.100321724	0.012379262	0.00690375	0.006524556	0.316609371	0.007083998	0.000280861	0.000151499	0.077723439	0.041213527	0.187994638	2.30735E-05	0.004217618	0.001869326	0.000744429	0.038695778	0.034902717	0.044183569	0.016588426
Design 2	0.14073881	0.051835158	0.012468828	0.134366361	0.151515152	0.143556281	0.322033898	1	0.761904762	0.333333333	0	0	0.140605428	0.134325158	0.133278679	0.040564873	0.988997077	2.08181E-05	0.006012775	0.165361624	0.106772066	0.018698455	0.677966102	0.437907806	0.562092194	0.051835158	0.046925095	0.051835158	0.217543302	0.322033898	0.123709243	0.1435213	0.000266601	0.000622499	0.000672352	0.007772085	0.117789961	0.143556281	0.106117562	0.081642196	0.077662149	0.01743856	1.68061E-05	0.000302026	0.05167538	0.009391407	0.002647563	0.033126741	0.016183189	0.000423101	0.000268352	0.002195957	0.001221664	0.002678683	7.14944E-06	0.036391851	0.007433195	0.015485683	0.001737739	0.100321724	0.012379262	0.008509575	0.007369337	0.479743632	0.007083998	0.000321473	0.000172771	0.077723439	0.045003006	0.187994638	2.63098E-05	0.004217618	0.001930746	0.000744429	0.038695778	0.034902717	0.048796579	0.024306138
Design 2	0.14073881	0.051835158	0.012468828	0.134366361	0.151515152	0.143556281	0.16	1	0.761904762	0.333333333	0	0	0.075984561	0.134325158	0.133278679	0.021174848	0.988997077	2.08181E-05	0.002021936	0.165361624	0.099746558	0.016357865	0.84	0.256257153	0.743742847	0.051835158	0.046925095	0.051835158	0.217543302	0.16	0.22486203	0.1435213	0.000233539	0.000537515	0.000672352	0.00680752	0.048871676	0.143556281	0.106117562	0.081642196	0.077662149	0.01743856	1.68061E-05	0.000302026	0.05167538	0.009391407	0.002647563	0.033126741	0.014105297	0.000423101	0.000307919	0.002195957	0.001221664	0.002033639	5.42781E-06	0.010342643	0.008527102	0.029707231	0.001360945	0.100321724	0.012379262	0.010793724	0.008463314	0.711788254	0.007083998	0.000493842	0.000263054	0.077723439	0.052476547	0.187994638	4.00456E-05	0.004217618	0.002071233	0.000744429	0.038695778	0.034902717	0.058415606	0.033645687
Design 2	0.017375354	0.525112685	0.012468828	0.134366361	0.151515152	0.143556281	0.16	1	0.761904762	0.333333333	0	0	0.075984561	0.134325158	0.133278679	0.021174848	0.988997077	3.78859E-05	0.002021936	0.172004087	0.063699877	0.029899225	0.84	0.256257153	0.743742847	0.525112685	0.475371612	0.525112685	0.217543302	0.16	0.22486203	0.200004063	0.019410303	0.118352615	0.14803169	0.002861722	0.048871676	0.143556281	0.523727302	0.113420633	0.096591382	0.001775323	1.68061E-05	6.8182E-05	0.015543905	0.002010905	0.005016145	0.270813591	0.114693144	0.000423101	0.000307919	0.001627178	0.001221664	0.002033639	5.42781E-06	0.010342643	0.008527102	0.029707231	0.001852641	0.100321724	0.012379262	0.010793724	0.008463314	0.711788254	0.002976915	0.00019927	0.000650221	0.044150103	0.05551054	0.157431335	1.65716E-05	0.003294193	0.002823294	0.000995797	0.057739753	0.041565321	0.033185171	0.026319454
Design 2	0.003012748	1	0.012468828	0.134366361	0.151515152	0.143556281	0.002711864	1	0.761904762	0.333333333	0	0	0.013256355	0.134325158	0.133278679	0.002352732	0.988997077	4.78877E-05	2.60855E-05	0.177183047	0.051573054	0.032613395	0.997288136	0.022947382	0.977052618	1	0.90527543	1	0.217543302	0.002711864	0.9204167	0.227141475	0.07975229	0.627009936	0.90908372	0.001911751	0.000705461	0.143556281	0.865493987	0.124130456	0.102970826	0.000300389	1.68061E-05	4.09567E-05	0.010456904	0.000971794	0.006404132	0.559097491	0.204112143	0.000423101	0.00034961	0.001489023	0.001221664	0.001576227	4.20697E-06	0.000174469	0.009679741	0.170936294	0.001668884	0.100321724	0.012379262	0.013441744	0.009616028	0.980798163	0.002306718	0.001188439	0.006714357	0.036267113	0.088752071	0.150666845	9.5397E-05	0.003133459	0.004183447	0.001123632	0.066889521	0.044735144	0.055086419	0.014910663
Design 2	0.003012748	1	0.012468828	0.134366361	0.151515152	0.143556281	0.06779661	1	0.761904762	0.333333333	0	0	0.039212854	0.134325158	0.133278679	0.010141194	0.988997077	4.78877E-05	0.000723654	0.177183047	0.053340967	0.03477383	0.93220339	0.127940663	0.872059337	1	0.90527543	1	0.217543302	0.06779661	0.3820292	0.227141475	0.085005026	0.668310847	0.90908372	0.002038409	0.018818576	0.143556281	0.865493987	0.124130456	0.102970826	0.000300389	1.68061E-05	4.09567E-05	0.010456904	0.000971794	0.006404132	0.559097491	0.217594043	0.000423101	0.00033196	0.001489023	0.001221664	0.00174899	4.66808E-06	0.00272172	0.009191756	0.05757555	0.001829244	0.100321724	0.012379262	0.012291009	0.009128011	0.863896042	0.002306718	0.000290084	0.00170038	0.036267113	0.067395773	0.150666845	2.38084E-05	0.003133459	0.003474146	0.001123632	0.066889521	0.044735144	0.035413439	0.021733567
Design 2	0.003012748	1	0.012468828	0.134366361	0.151515152	0.143556281	0.16	1	0.761904762	0.333333333	0	0	0.075984561	0.134325158	0.133278679	0.021174848	0.988997077	4.78877E-05	0.002021936	0.177183047	0.055754492	0.037834445	0.84	0.256257153	0.743742847	1	0.90527543	1	0.217543302	0.16	0.22486203	0.227141475	0.092446402	0.72682047	0.90908372	0.002217842	0.048871676	0.143556281	0.865493987	0.124130456	0.102970826	0.000300389	1.68061E-05	4.09567E-05	0.010456904	0.000971794	0.006404132	0.559097491	0.236693401	0.000423101	0.000307919	0.001489023	0.001221664	0.002033639	5.42781E-06	0.010342643	0.008527102	0.029707231	0.002088879	0.100321724	0.012379262	0.010793724	0.008463314	0.711788254	0.002306718	0.000151201	0.000925237	0.036267113	0.057876068	0.150666845	1.27411E-05	0.003133459	0.003184626	0.001123632	0.066889521	0.044735144	0.027056359	0.026766857
Design 2	0.003012748	1	0.012468828	0.134366361	0.151515152	0.143556281	0.254237288	1	0.761904762	0.333333333	0	0	0.113567408	0.134325158	0.133278679	0.032451892	0.988997077	4.78877E-05	0.00395652	0.177183047	0.058122828	0.040962574	0.745762712	0.367680875	0.632319125	1	0.90527543	1	0.217543302	0.254237288	0.155278927	0.227141475	0.100051926	0.786620746	0.90908372	0.002401233	0.086065458	0.143556281	0.865493987	0.124130456	0.102970826	0.000300389	1.68061E-05	4.09567E-05	0.010456904	0.000971794	0.006404132	0.559097491	0.256214068	0.000423101	0.000284497	0.001489023	0.001221664	0.002382989	6.36023E-06	0.023406707	0.007879546	0.019517556	0.002400871	0.100321724	0.012379262	0.009414127	0.007815717	0.571636281	0.002306718	0.00010921	0.000690875	0.036267113	0.052624352	0.150666845	9.39492E-06	0.003133459	0.003039966	0.001123632	0.066889521	0.044735144	0.022626652	0.026766857
Design 2	0.003012748	1	0.012468828	0.134366361	0.151515152	0.143556281	0.322033898	1	0.761904762	0.333333333	0	0	0.140605428	0.134325158	0.133278679	0.040564873	0.988997077	4.78877E-05	0.006012775	0.177183047	0.059771408	0.043213027	0.677966102	0.437907806	0.562092194	1	0.90527543	1	0.217543302	0.322033898	0.123709243	0.227141475	0.105523526	0.829642528	0.90908372	0.002533169	0.117789961	0.143556281	0.865493987	0.124130456	0.102970826	0.000300389	1.68061E-05	4.09567E-05	0.010456904	0.000971794	0.006404132	0.559097491	0.270257714	0.000423101	0.000268352	0.001489023	0.001221664	0.002678683	7.14944E-06	0.036391851	0.007433195	0.015485683	0.002660061	0.100321724	0.012379262	0.008509575	0.007369337	0.479743632	0.002306718	9.48518E-05	0.000610736	0.036267113	0.049931687	0.150666845	8.25071E-06	0.003133459	0.002971661	0.001123632	0.066889521	0.044735144	0.02042478	0.022125045
Design 2	0.003012748	1	0.012468828	0.134366361	0.151515152	0.143556281	0.389830508	1	0.761904762	0.333333333	0	0	0.167643447	0.134325158	0.133278679	0.048677854	0.988997077	4.78877E-05	0.009095243	0.177183047	0.061377772	0.04546348	0.610169492	0.501210954	0.498789046	1	0.90527543	1	0.217543302	0.389830508	0.099959617	0.227141475	0.110995126	0.87266431	0.90908372	0.002665105	0.154547848	0.143556281	0.865493987	0.124130456	0.102970826	0.000300389	1.68061E-05	4.09567E-05	0.010456904	0.000971794	0.006404132	0.559097491	0.28430136	0.000423101	0.000252789	0.001489023	0.001221664	0.003018828	8.05729E-06	0.052619368	0.007002913	0.012728507	0.002953438	0.100321724	0.012379262	0.007674076	0.006939028	0.394866057	0.002306718	8.64365E-05	0.000563767	0.036267113	0.047746891	0.150666845	7.58011E-06	0.003133459	0.002919713	0.001123632	0.066889521	0.044735144	0.018681049	0.018322115
Design 3	0.065155807	0.051835158	0.082294264	0.061840088	0.151515152	0.42903752	0.457627119	0.85915493	0.761904762	0	1	1	0.093559273	0.061820707	0.061339084	0.000623187	0.808047666	6.07287E-07	0.014226222	0.0770361	0.029517631	0.004625032	0.542372881	0.392677134	0.607322866	0.051835158	0.046925095	0.051835158	0.205466391	0.457627119	0.08113481	0.067224435	3.57994E-05	0.000560628	0.000672352	0.00103862	0.197313863	0.42903752	0.218130311	0.243185736	0.038006479	0.083634385	0.000302375	0.001236933	0.013845549	0.005113908	0.000140225	0.01035773	0.004663987	0.003331701	0.003302274	0.005731368	0.000345267	0.000309809	8.26885E-07	0.009068229	0.031211797	0.046393794	0.000358241	0.154974083	0.03340576	0.01977954	0.031149469	0.360237152	0.001038808	2.75339E-05	3.55706E-06	0.025935316	0.009020827	0.067297342	2.1123E-06	0.000369337	0.000316017	8.53843E-05	0.004026792	0.007146946	0.009774926	0.32858024
Design 3	0.107648725	0.051835158	0.082294264	0.061840088	0.151515152	0.42903752	0.457627119	0.85915493	0.761904762	0	1	1	0.093559273	0.061820707	0.061339084	0.000623187	0.808047666	1.41321E-06	0.014226222	0.126692889	0.056723141	0.010642021	0.542372881	0.392677134	0.607322866	0.051835158	0.046925095	0.051835158	0.205466391	0.457627119	0.08113481	0.110118688	0.000121271	0.000560628	0.000672352	0.003532203	0.197313863	0.42903752	0.138810198	0.166280511	0.027826572	0.083634385	0.000302375	0.001856572	0.032247555	0.01318525	0.000623816	0.016328496	0.007287994	0.003331701	0.003302274	0.008635183	0.000345267	0.000309809	8.26885E-07	0.009068229	0.031211797	0.046393794	0.000562385	0.154974083	0.03340576	0.01977954	0.031149469	0.360237152	0.003538163	0.000129063	2.05093E-05	0.050395434	0.030145725	0.122892016	8.36489E-06	0.002086073	0.000517483	0.000213928	0.014017005	0.012494104	0.035940063	0.308186283
Design 3	0.150141643	0.051835158	0.082294264	0.061840088	0.151515152	0.42903752	0.457627119	0.85915493	0.761904762	0	1	1	0.093559273	0.061820707	0.061339084	0.000623187	0.808047666	2.54151E-06	0.014226222	0.176349678	0.08893976	0.019065806	0.542372881	0.392677134	0.607322866	0.051835158	0.046925095	0.051835158	0.205466391	0.457627119	0.08113481	0.15301294	0.000287717	0.000560628	0.000672352	0.008388128	0.197313863	0.42903752	0.099150141	0.124285387	0.022267698	0.083634385	0.000302375	0.00247621	0.058010363	0.02448513	0.001300845	0.022299262	0.009912	0.003331701	0.003302274	0.011538998	0.000345267	0.000309809	8.26885E-07	0.009068229	0.031211797	0.046393794	0.000766528	0.154974083	0.03340576	0.01977954	0.031149469	0.360237152	0.008405328	0.000326779	5.35217E-05	0.074855551	0.051270623	0.178486691	2.0541E-05	0.004489504	0.000718948	0.000363859	0.024007218	0.017648385	0.062105201	0.143786403
Design 3	0.192634561	0.051835158	0.082294264	0.061840088	0.151515152	0.42903752	0.457627119	0.85915493	0.761904762	0	1	1	0.093559273	0.061820707	0.061339084	0.000623187	0.808047666	3.99218E-06	0.014226222	0.226006467	0.12548233	0.029896386	0.542372881	0.392677134	0.607322866	0.051835158	0.046925095	0.051835158	0.205466391	0.457627119	0.08113481	0.195907193	0.000562128	0.000560628	0.000672352	0.016393842	0.197313863	0.42903752	0.075354108	0.097410803	0.018710323	0.083634385	0.000302375	0.003095849	0.091133974	0.039013546	0.00217131	0.028270028	0.012536007	0.003331701	0.003302274	0.014442814	0.000345267	0.000309809	8.26885E-07	0.009068229	0.031211797	0.046393794	0.000970672	0.154974083	0.03340576	0.01977954	0.031149469	0.360237152	0.016429572	0.000652741	0.000107947	0.099315668	0.072395521	0.234081366	4.06151E-05	0.007579629	0.000920413	0.000532011	0.033997431	0.022663836	0.088270338	0.067490532
Design 3	0.235127479	0.051835158	0.082294264	0.061840088	0.151515152	0.42903752	0.457627119	0.85915493	0.761904762	0	1	1	0.093559273	0.061820707	0.061339084	0.000623187	0.808047666	5.76522E-06	0.014226222	0.275663256	0.165888563	0.043133763	0.542372881	0.392677134	0.607322866	0.051835158	0.046925095	0.051835158	0.205466391	0.457627119	0.08113481	0.238801445	0.000971494	0.000560628	0.000672352	0.028336793	0.197313863	0.42903752	0.059490085	0.078557267	0.016214689	0.083634385	0.000302375	0.003715487	0.131618387	0.056770499	0.003235212	0.034240794	0.015160013	0.003331701	0.003302274	0.017346629	0.000345267	0.000309809	8.26885E-07	0.009068229	0.031211797	0.046393794	0.001174815	0.154974083	0.03340576	0.01977954	0.031149469	0.360237152	0.028400166	0.001139014	0.00018914	0.123775786	0.09352042	0.289676041	7.05618E-05	0.011356449	0.001121879	0.000716269	0.043987643	0.027571357	0.114435475	0.048339024
Design 3	0.277620397	0.051835158	0.082294264	0.061840088	0.151515152	0.42903752	0.457627119	0.85915493	0.761904762	0	1	1	0.093559273	0.061820707	0.061339084	0.000623187	0.808047666	7.86063E-06	0.014226222	0.325320045	0.209819077	0.058777935	0.542372881	0.392677134	0.607322866	0.051835158	0.046925095	0.051835158	0.205466391	0.457627119	0.08113481	0.281695698	0.001542808	0.000560628	0.000672352	0.045004429	0.197313863	0.42903752	0.04815864	0.06450955	0.0143552	0.083634385	0.000302375	0.004335126	0.179463603	0.07775599	0.00449255	0.04021156	0.01778402	0.003331701	0.003302274	0.020250445	0.000345267	0.000309809	8.26885E-07	0.009068229	0.031211797	0.046393794	0.001378959	0.154974083	0.03340576	0.01977954	0.031149469	0.360237152	0.04510638	0.001817658	0.000302453	0.148235903	0.114645318	0.345270716	0.000112355	0.015819963	0.001323344	0.000915099	0.053977856	0.032390905	0.140600613	0.038526374
Design 3	0.320113314	0.051835158	0.082294264	0.061840088	0.151515152	0.42903752	0.457627119	0.85915493	0.761904762	0	1	1	0.093559273	0.061820707	0.061339084	0.000623187	0.808047666	1.02784E-05	0.014226222	0.374976834	0.257010921	0.076828902	0.542372881	0.392677134	0.607322866	0.051835158	0.046925095	0.051835158	0.205466391	0.457627119	0.08113481	0.324589951	0.002303059	0.000560628	0.000672352	0.067184195	0.197313863	0.42903752	0.039660057	0.053586817	0.012909363	0.083634385	0.000302375	0.004954764	0.234669621	0.101970017	0.005943325	0.046182326	0.020408026	0.003331701	0.003302274	0.02315426	0.000345267	0.000309809	8.26885E-07	0.009068229	0.031211797	0.046393794	0.001583102	0.154974083	0.03340576	0.01977954	0.031149469	0.360237152	0.067337483	0.002720736	0.000453239	0.17269602	0.135770216	0.400865391	0.000167971	0.020970171	0.001524809	0.001127317	0.063968069	0.0371364	0.16676575	0.034279168
Design 3	0.029538212	0.734211204	0.020691272	0.016741391	0.908787879	0.27822186	0.186440678	0.85915493	0.761904762	0	1	1	0.106976759	0.007046347	0.005320172	0.008642862	0.998505515	0.007175404	0.002487251	0.313752198	0.125484607	0.105350794	0.813559322	0.082440677	0.917559323	0.734211204	0.664663363	0.734211204	0.205466391	0.186440678	0.200699988	0.377572906	0.230224896	0.322167561	0.377351116	0.013361004	0.058583414	0.145295408	0.389811033	0.063346166	0.047039818	0.001885382	2.28248E-06	4.6177E-05	0.038612616	0.161056176	0.246223417	0.670550228	0.242428198	3.3414E-05	4.11335E-05	0.004317794	0.026186169	0.015358043	4.09908E-05	0.007277596	0.00081524	0.008702145	0.062318929	0.010569783	0.000633047	0.000555276	0.000750956	0.669582352	0.013021056	0.082269145	0.189563636	0.251333654	0.612788361	0.437347873	0.023600197	0.20333333	0.105028708	0.079393149	0.488361993	0.332437063	0.470429713	0.000710743
Design 3	0.014571786	0.739581455	0.004967581	0.044201932	0.587327273	0.811174551	0.661016949	0.85915493	0.761904762	0	1	1	0.14064359	0.038611683	0.033321896	0.333907866	0.999862998	0.042733314	0.503006387	0.213250416	0.054978386	0.055353371	0.338983051	0.422938609	0.577061391	0.739581455	0.66952492	0.739581455	0.205466391	0.661016949	0.041205913	0.259379574	0.086183658	0.351565087	0.38519486	0.004892648	0.37540281	0.66056941	0.568024383	0.196279094	0.234381678	0	2.09238E-07	3.08934E-06	0.018431068	0.013964674	0.052691377	0.23960854	0.101284002	3.06311E-06	2.319E-06	0.000449603	0.226882139	0.312862224	0.000835033	0.874371692	0.000267391	0.000402279	0.178526922	0.027187147	0.000285124	0.000102887	0.000203072	0.115134879	0.00445796	0.002949951	0.011880808	0.184153609	0.153580601	0.257852449	0.001910358	0.029292844	0.117402399	0.062313871	0.217770849	0.209307726	0.107578205	0.000167297
Design 3	0.050614294	0.648868319	0.010044888	0.081729236	0.199584848	0.271582382	0.389830508	0.85915493	0.761904762	0	1	1	0.110128743	0.081088823	0.079179372	0.071796987	0.997041005	0.003617005	0.009095243	0.412266544	0.193661748	0.171380258	0.610169492	0.388516617	0.611483383	0.648868319	0.587404547	0.648868319	0.205466391	0.389830508	0.099959617	0.484888761	0.377328728	0.2290812	0.266595618	0.031007764	0.154547848	0.261304308	0.267251424	0.056656045	0.071574341	0.000872257	4.5192E-06	5.56312E-05	0.070735694	0.023109687	0.052886259	0.623017819	0.279064531	6.61581E-05	6.8035E-05	0.002454243	0.013392994	0.01114441	2.97446E-05	0.080670644	0.002639775	0.007065	0.027985573	0.066740261	0.002658416	0.001650249	0.002575609	0.393096206	0.030028052	0.003564877	0.012836495	0.188546671	0.20154162	0.437261319	0.000798177	0.036477095	0.028832859	0.018624391	0.218200659	0.147194141	0.147397747	0.001478146
Design 3	0.068283198	0.336794913	0.028355112	0.022094567	0.990909091	0.45269168	0.288135593	0.85915493	0.761904762	0	1	1	0.12381829	0.011347179	0.008519927	0.006298746	0.996981479	0.002028626	0.004891294	0.305281572	0.133134683	0.083616047	0.711864407	0.137548423	0.862451577	0.336794913	0.30489216	0.336794913	0.205466391	0.288135593	0.138249677	0.328493719	0.038591024	0.039363996	0.044561055	0.018940621	0.101351761	0.270632	0.209684418	0.072794466	0.039938508	0.007232362	4.61012E-06	0.000119095	0.060871874	0.170419343	0.100347614	0.232346459	0.085057351	6.74891E-05	7.59278E-05	0.005367213	0.01313209	0.009146855	2.44131E-05	0.013385574	0.001455526	0.008858059	0.032698867	0.022577036	0.001303764	0.000955866	0.001391284	0.523276605	0.017843273	0.039441348	0.038232236	0.263577965	0.428159651	0.419083193	0.008737365	0.127007052	0.044711126	0.033329701	0.306232571	0.214511226	0.380209006	0.001492816
Design 3	0.030879983	0.561025435	0.006159601	0.060484739	0.087878788	0.252112561	0.016949153	0.85915493	0.761904762	0	1	1	0.003546052	0.061279987	0.062136156	0.012689875	0.998940692	0.00585184	0.000166637	0.256602937	0.091264997	0.052939291	0.983050847	0.023616202	0.976383798	0.561025435	0.507882542	0.561025435	0.205466391	0.016949153	0.673659193	0.298059751	0.056086907	0.11956531	0.177746026	0.006903184	0.004471341	0.265813736	0.37897206	0.096811719	0.127175654	0.000616172	1.61784E-06	1.91677E-05	0.031544227	0.01269828	0.034000734	0.339226625	0.123378121	2.36842E-05	3.3658E-05	0.001107347	0.036555615	0.016288621	4.34745E-05	0.000726256	0.001707427	0.058990883	0.021597157	0.047565496	0.001216976	0.001335981	0.001643201	0.954231399	0.008539881	0.01305918	0.046426626	0.152913359	0.21890248	0.290186545	0.004248973	0.02193075	0.05251715	0.020873029	0.172036053	0.136781126	0.172604755	0.002307193
Design 3	0.054888483	0.582160335	0.027717706	0.146127485	0.29390303	0.658066884	0.457627119	0.85915493	0.761904762	0	1	1	0.226688349	0.144260904	0.136651765	0.010340057	0.982490092	8.42926E-05	0.014226222	0.400760347	0.168488288	0.195020131	0.542372881	0.56492527	0.43507473	0.582160335	0.527015447	0.582160335	0.205466391	0.457627119	0.08113481	0.464197853	0.336464201	0.209443346	0.196962473	0.037423173	0.197313863	0.611182014	0.250829248	0.098411059	0.049324957	0.003738916	2.6749E-05	0.00023649	0.071959045	0.013171105	0.013949753	0.350017094	0.188417467	0.000589464	0.000378472	0.004052839	0.000999252	0.002142343	5.71794E-06	0.047144695	0.011177046	0.018478198	0.004354292	0.142419473	0.018426459	0.010297202	0.011113429	0.318133301	0.029285514	0.000819705	0.001677505	0.104116967	0.105501711	0.357303221	6.33165E-05	0.013338305	0.00383045	0.00211706	0.105080949	0.065345305	0.082522009	0.006309128
Design 3	0.240016341	0.11378783	0.078806983	0.109523979	0.246312121	0.272430669	0.593220339	0.85915493	0.761904762	0	1	1	0.214132101	0.108277333	0.104133395	0.000902379	0.587462021	7.96927E-06	0.0546981	0.437917989	0.350058574	0.149924046	0.406779661	0.596567767	0.403432233	0.11378783	0.103009327	0.11378783	0.205466391	0.593220339	0.052541909	0.40922233	0.014885267	0.003330991	0.003180593	0.100098882	0.306021615	0.252438891	0.057997722	0.032607218	0.0105748	0.048683556	0.00073596	0.006355157	0.223575764	0.057171008	0.005702136	0.122367812	0.065662236	0.006289539	0.006287033	0.029709748	0.000231685	0.000204635	5.46173E-07	0.016336879	0.04843781	0.044078464	0.001416263	0.202985087	0.051444471	0.027480466	0.04837659	0.287094154	0.079993846	0.001156322	0.000367364	0.123384139	0.113774992	0.416245695	6.612E-05	0.015642244	0.001151408	0.000933979	0.062395544	0.030566412	0.122985935	0.033077077
Design 3	0.228600468	0.144486478	0.50938803	0.016390705	0.216212121	0.246437194	0.728813559	0.85915493	0.761904762	0	1	1	0.050779209	0.015557206	0.015084748	5.09932E-06	0.023004252	9.46087E-07	0.951314675	0.488425653	0.338808158	0.141170274	0.271186441	0.375536561	0.624463439	0.144486478	0.130800058	0.144486478	0.205466391	0.728813559	0.031223497	0.468826922	0.022679808	0.004103856	0.005437387	0.090119306	0.457900335	0.233203887	0.061574061	0.026484033	0.000944258	0.250645677	0.02622365	0.085776669	0.2436144	0.407378864	0.008019982	0.171931382	0.06734489	0.080743435	0.079145414	0.358944772	3.98275E-05	3.79314E-05	0.000396312	0.000236882	0.001772695	0.279767154	0.000660289	0.195455277	0.107012389	0.06468987	0.098672609	0.376077762	0.099279635	0.004447143	0.000435784	0.140255614	0.256381636	0.462456198	0.000183978	0.046835588	0.000632963	0.000940158	0.076406507	0.023473357	0.281379104	0.062024013
Design 3	0.069574923	0.436258854	0.130449875	0.050119145	0.136321212	0.460032626	0.559322034	0.85915493	0.761904762	0	1	1	0.090995559	0.050297695	0.050164224	0.000208632	0.550780399	8.1519E-06	0.034622307	0.382116891	0.165722568	0.127797038	0.440677966	0.425254695	0.574745305	0.436258854	0.394934421	0.436258854	0.205466391	0.559322034	0.05884084	0.42499525	0.119506014	0.07360464	0.089130983	0.029356201	0.275458902	0.464299151	0.206368388	0.081360744	0.010510091	0.025130989	0.000828162	0.00262177	0.079198176	0.041394586	0.007944561	0.289293516	0.127199364	0.006842835	0.007108602	0.029936853	0.000219611	0.000178875	4.7742E-07	0.007954751	0.045619167	0.055779749	0.001530279	0.17682855	0.046613776	0.026436289	0.045557766	0.328744653	0.02958187	0.000971582	0.00059422	0.101795259	0.136002381	0.330382191	5.50231E-05	0.016227376	0.001392164	0.00110861	0.075984216	0.03379135	0.116113293	0.033776528
Design 3	0.059801096	0.310962653	0.121870324	0.0494858	0.096969697	0.350811582	0.084745763	0.85915493	0.761904762	0	1	1	0.013868109	0.05016804	0.05071468	4.46146E-05	0.529323164	3.62866E-06	0.000931159	0.25669715	0.09991462	0.046370385	0.915254237	0.079953331	0.920046669	0.310962653	0.281506849	0.310962653	0.205466391	0.084745763	0.337888429	0.273938607	0.015715171	0.024947944	0.036127242	0.009504164	0.023932463	0.364328716	0.234131704	0.101630189	0.013123523	0.032225038	0.000886372	0.002341069	0.046155809	0.02349369	0.003511556	0.159340879	0.05933689	0.007183053	0.010445715	0.022679637	0.000212935	8.34079E-05	2.22617E-07	0.001116695	0.063084405	0.138304896	0.000550019	0.171577442	0.046045559	0.045944491	0.063024128	0.873020055	0.011449549	0.001226225	0.00059523	0.069425981	0.11902139	0.224093413	6.89336E-05	0.007789155	0.001122958	0.000606925	0.046320905	0.022537879	0.109325514	0.07949503
Design 3	0.27492673	0.083665486	0.426889277	0.080362212	0.271254545	0.122642741	0.830508475	0.85915493	0.761904762	0	1	1	0.220378401	0.078805204	0.075167069	9.79286E-06	0.004727843	1.55728E-07	0.987689056	0.415014764	0.393031322	0.128477578	0.169491525	0.661445909	0.338554091	0.083665486	0.075740309	0.083665486	0.205466391	0.830508475	0.018168424	0.375423663	0.007745895	0.001772455	0.001665535	0.09732447	0.613457935	0.103284528	0.048779962	0.018314493	0.00105521	0.309511553	0.115897815	0.190421007	0.233614835	0.082924746	0.001135101	0.119321486	0.064195483	0.233397954	0.194681653	0.330855739	1.48923E-05	2.48946E-05	0.000644774	0.000485383	0.002753052	0.434202833	0.000179804	0.407725371	0.291071041	0.16167275	0.228371079	0.314021073	0.076968365	0.000283933	2.51725E-05	0.064131449	0.083760551	0.331661024	1.03112E-05	0.007784125	0.000112285	0.000165341	0.021806631	0.005602373	0.09669789	0.11298171
Design 3	0.18868549	0.082768835	0.150070823	0.070279509	0.268678788	0.510244698	0.016949153	0.85915493	0.761904762	0	1	1	0.027336736	0.068758491	0.065632332	8.20351E-06	0.354898057	1.7795E-06	0.000166637	0.285255685	0.142307436	0.042925584	0.983050847	0.024789203	0.975210797	0.082768835	0.074928592	0.082768835	0.205466391	0.016949153	0.673659193	0.258227017	0.001798254	0.001157431	0.001629692	0.023061613	0.004471341	0.476859023	0.077156798	0.086052379	0.009453366	0.112107601	0.001558432	0.009219054	0.115662595	0.046496713	0.001901123	0.046275941	0.016839445	0.010749027	0.016818357	0.03412346	0.000164379	5.32153E-05	1.42032E-07	0.00036952	0.095888129	0.269780798	0.000322287	0.220251393	0.065080178	0.070091562	0.095829962	0.973478493	0.026864769	0.004665947	0.000715312	0.087535587	0.127849043	0.264146026	0.000248506	0.007677825	0.000826934	0.000404404	0.031123977	0.016499606	0.161244075	0.144660463
Design 3	0.052541737	0.595853187	0.308495761	0.06838413	0.391233333	0.124404568	0.084745763	0.85915493	0.761904762	0	1	1	0.05589751	0.065295609	0.059937268	3.03051E-06	0.015582913	6.86529E-07	0.000931159	0.395049089	0.199487074	0.137264782	0.915254237	0.088580198	0.911419802	0.595853187	0.53941125	0.595853187	0.205466391	0.084745763	0.337888429	0.45922237	0.244802278	0.160605642	0.210123188	0.025519756	0.023932463	0.08694223	0.259605719	0.035941156	0.002419518	0.044328095	0.038244204	0.02220293	0.068944369	0.029981177	0.003240735	0.7475794	0.280297661	0.105720672	0.148063676	0.159414603	3.19236E-05	9.72079E-06	2.59449E-08	0.001799631	0.230850235	0.189630428	0.000199231	0.306081036	0.175166892	0.180785092	0.230800751	0.917181992	0.027783348	0.000895055	0.000513589	0.047497846	0.149824557	0.284449507	3.58683E-05	0.00836372	0.000427215	0.000367601	0.044035167	0.011475971	0.119491393	0.1722662
Design 3	0.032634294	0.585903091	0.862647382	0.011074219	0.172169697	0.145187602	0.389830508	0.85915493	0.761904762	0	1	1	0.022613781	0.010805839	0.010639811	5.54251E-07	0.004309535	1.21484E-07	0.009095243	0.276265439	0.11293604	0.064489329	0.610169492	0.19309574	0.80690426	0.585903091	0.530403672	0.585903091	0.205466391	0.389830508	0.099959617	0.322430413	0.079683075	0.141568674	0.200503535	0.008697611	0.154547848	0.141587319	0.365636845	0.069700273	0.000819547	0.126640381	0.125733457	0.055365475	0.035247536	0.08140061	0.003046746	0.470350498	0.174608833	0.247380473	0.268012367	0.395885569	1.39317E-05	9.78932E-06	2.61278E-08	0.001802464	0.169249855	0.138915485	0.00018713	0.219010477	0.166013394	0.135597899	0.169196408	0.644734585	0.010250488	0.000620851	0.000146342	0.03652114	0.165245799	0.211571159	2.23434E-05	0.013049936	0.000265883	0.000336594	0.042342831	0.009645979	0.136608052	0.207927213
Design 3	0.103681872	0.197781713	0.336583541	0.022555671	0.1	0.554779772	0.423728814	0.85915493	0.761904762	0	1	1	0.030689311	0.02320724	0.023448312	1.02479E-05	0.124560196	1.02814E-06	0.011295331	0.290752396	0.119750189	0.054330037	0.576271186	0.254502839	0.745497161	0.197781713	0.179046925	0.197781713	0.205466391	0.423728814	0.090050803	0.291419231	0.009103959	0.008254504	0.011469587	0.017270847	0.175110411	0.571060392	0.143905274	0.108396521	0.004657842	0.129718354	0.004887271	0.01409087	0.07643233	0.084339029	0.00308369	0.089786211	0.03485176	0.024318526	0.030288973	0.079050415	9.56442E-05	5.11089E-05	1.3641E-07	0.00287344	0.087701061	0.100745092	0.00046006	0.195896293	0.074786186	0.057287705	0.087642367	0.580303307	0.019954926	0.000963281	0.000146496	0.084846793	0.130160376	0.258754498	4.64833E-05	0.013360233	0.000600717	0.000515801	0.042668894	0.017699275	0.136815426	0.100573737
Design 3	0.046889257	0.550333226	0.623718703	0.034913294	0.534412121	0.594779772	0.661016949	0.85915493	0.761904762	0	1	1	0.116746307	0.030002885	0.026276182	2.52918E-06	0.014639857	3.53646E-07	0.503006387	0.339148561	0.125273835	0.114709152	0.338983051	0.393670331	0.606329669	0.550333226	0.498203148	0.550333226	0.205466391	0.661016949	0.041205913	0.390685303	0.151310651	0.146760199	0.168519282	0.01966335	0.37540281	0.484684784	0.283279609	0.099789137	0.0020054	0.097001341	0.040608715	0.029417558	0.054257869	0.053511768	0.002593846	0.322465365	0.132031509	0.110349346	0.110478068	0.191359421	3.07806E-05	2.80044E-05	7.4744E-08	0.004783483	0.158646704	0.11292605	0.000304823	0.289390243	0.16839674	0.108757917	0.158592574	0.428413551	0.018787709	0.000327007	8.75338E-05	0.051034341	0.11620239	0.24659119	1.30871E-05	0.009763782	0.000295037	0.000332373	0.03818625	0.010659461	0.098343626	0.225781141
Design 3	0.122611391	0.320162589	0.537821446	0.064279492	0.703909091	0.437194127	0.118644068	0.85915493	0.761904762	0	1	1	0.099165522	0.05719155	0.047785812	7.62122E-07	0.007893627	4.1997E-07	0.001385057	0.487642786	0.26046978	0.190427757	0.881355932	0.105328226	0.894671774	0.320162589	0.289835325	0.320162589	0.205466391	0.118644068	0.275552038	0.518125839	0.124209403	0.032763256	0.038996445	0.069673937	0.034697236	0.310174822	0.122145939	0.041467713	0.00117897	0.137025552	0.07279763	0.077686708	0.153485529	0.085030223	0.002933431	0.324824805	0.122180993	0.167432885	0.219546033	0.303779292	2.10674E-05	7.01539E-06	1.87242E-08	0.001935979	0.291846856	0.215814177	0.000162476	0.363882068	0.236553845	0.238207534	0.291801297	0.885515662	0.069017215	0.00168464	0.000342565	0.07248723	0.175274738	0.362439809	6.36372E-05	0.013050808	0.000332271	0.00035383	0.04133116	0.01058302	0.171435536	0.177105718
Design 3	0.09578409	0.43962009	0.314470324	0.045450004	0.261393939	0.44045677	0.525423729	0.85915493	0.761904762	0	1	1	0.09179899	0.044029666	0.042110143	1.54107E-05	0.060553765	2.19946E-06	0.0244548	0.503759719	0.249984847	0.217195122	0.474576271	0.377636512	0.622363488	0.43962009	0.397977266	0.43962009	0.205466391	0.525423729	0.065647018	0.55901998	0.268008043	0.075282655	0.091007919	0.064492043	0.24729909	0.411516235	0.15509029	0.052864161	0.002984107	0.060197149	0.010100512	0.017944388	0.133959853	0.083953677	0.006806049	0.405045513	0.171226728	0.040845061	0.04729603	0.128635606	6.6567E-05	4.17313E-05	1.11381E-07	0.005565327	0.121971936	0.093825622	0.000630936	0.256926621	0.111913972	0.079975656	0.121915447	0.515384152	0.064879889	0.00111211	0.000399172	0.099861134	0.173049182	0.400542885	5.02338E-05	0.020654521	0.000728269	0.000802268	0.06935598	0.022489408	0.154066766	0.070160723
Design 3	0.029676176	0.620025757	0.229798005	0.048774267	0.896969697	0.371207178	0.830508475	0.85915493	0.761904762	0	1	1	0.201548545	0.039220798	0.030962125	6.0244E-05	0.117704572	1.57531E-06	0.987689056	0.272304364	0.109730994	0.092158043	0.169491525	0.501119689	0.498880311	0.620025757	0.561294083	0.620025757	0.205466391	0.830508475	0.018168424	0.320569457	0.125692842	0.239303013	0.234763433	0.011722121	0.613457935	0.221587383	0.388669442	0.085383342	0.005969057	0.031672775	0.005177657	0.004730175	0.033024737	0.027497292	0.004190071	0.428037489	0.185440866	0.025342099	0.023754476	0.059351447	9.29872E-05	9.55678E-05	0.002608052	0.002448974	0.000650517	0.102990204	0.000811054	0.184548201	0.071765883	0.037112475	0.06327766	0.265543809	0.009566341	0.000275391	0.000174106	0.053484088	0.103390093	0.217418341	1.33676E-05	0.009299802	0.000632928	0.000559705	0.05170938	0.018447752	0.075843681	0.120959573
Design 3	0.168626557	0.221270122	0.241017456	0.119428974	0.151278788	0.752414356	0.254237288	0.85915493	0.761904762	0	1	1	0.101638574	0.11939529	0.118474472	1.67596E-05	0.09721904	1.44397E-06	0.00395652	0.494135449	0.24662751	0.178629778	0.745762712	0.343797561	0.656202439	0.221270122	0.200310405	0.221270122	0.205466391	0.254237288	0.155278927	0.49991774	0.060018617	0.012782557	0.015133749	0.086479079	0.086065458	0.752503207	0.087479877	0.075489392	0.005189545	0.084962828	0.006284901	0.023588088	0.1964227	0.043937161	0.002424612	0.1392613	0.062373038	0.029104617	0.040202745	0.069851442	8.45315E-05	3.44897E-05	9.20534E-08	0.005214879	0.191718426	0.141723428	0.000320889	0.384735388	0.147485104	0.131827931	0.191666424	0.742207772	0.085225363	0.000609701	0.00014654	0.075465315	0.099332402	0.374829812	2.88319E-05	0.008545166	0.000475069	0.000395785	0.036548677	0.014358531	0.108103435	0.138251594
Design 3	0.1205284	0.326490663	0.671611471	0.087955209	0.697115152	0.553670473	0.559322034	0.85915493	0.761904762	0	1	1	0.214383941	0.080947071	0.067853345	1.71598E-06	0.003473565	1.81946E-07	0.034622307	0.487550296	0.27025477	0.237313044	0.440677966	0.479818871	0.520181129	0.326490663	0.295563976	0.326490663	0.205466391	0.559322034	0.05884084	0.519408052	0.160533514	0.042787744	0.041055516	0.085544503	0.275458902	0.410203437	0.124252935	0.051412657	0.000959824	0.168079188	0.151412464	0.127596458	0.151591617	0.059237592	0.001575297	0.28947125	0.135418292	0.282498494	0.273259006	0.354756546	1.18617E-05	1.29932E-05	3.46791E-08	0.008118237	0.333557582	0.143483556	0.000145069	0.488948308	0.366542472	0.260083515	0.333514706	0.509104876	0.068333154	0.000259739	4.65386E-05	0.052842674	0.100336753	0.3323679	9.20037E-06	0.007815769	0.000138107	0.000194477	0.027406247	0.006143783	0.096097432	0.282533417
Design 3	0.082152975	0.452010625	0.915214963	0.083029046	0.554121212	0.627854812	0.593220339	0.85915493	0.761904762	0	1	1	0.198808543	0.077851984	0.06802585	7.05594E-07	0.001436189	7.57477E-08	0.0546981	0.451775859	0.211921231	0.217965586	0.406779661	0.502160336	0.497839664	0.452010625	0.409194113	0.452010625	0.205466391	0.593220339	0.052541909	0.503911553	0.255860365	0.099591102	0.098154086	0.057088642	0.306021615	0.508878466	0.178470255	0.071680442	0.00075183	0.17087893	0.301457799	0.152539069	0.106714297	0.041299987	0.001014997	0.334614729	0.158774318	0.461991935	0.411710864	0.418840777	5.48067E-06	1.01133E-05	2.69924E-08	0.007514706	0.415684178	0.17411913	9.40646E-05	0.574284424	0.495839044	0.342004058	0.415646586	0.484040699	0.04682672	0.000128353	2.44784E-05	0.03631571	0.081036323	0.282224549	4.25267E-06	0.0051486	7.37167E-05	0.000116886	0.020128236	0.003618354	0.072438665	0.381839811
Design 3	0.034273635	0.760141661	0.018204489	0.835202856	0.127636364	0.144371941	0.152542373	0.85915493	0.761904762	0	1	1	0.419106301	0.835256317	0.835342411	0.009503362	0.858676021	8.13317E-06	0.001899438	0.356357263	0.21522432	0.221713476	0.847457627	0.72318109	0.27681891	0.760141661	0.688137569	0.760141661	0.205466391	0.152542373	0.232646815	0.429992389	0.585135575	0.582775721	0.416228927	0.03080158	0.046226489	0.148589416	0.353957199	0.054580893	0.047617813	0.001490312	0.000219454	0.000849023	0.048127014	0.000267639	0.002523794	0.779934521	0.583164576	0.002649903	0.003144005	0.004248018	0.000398024	0.000245991	6.56553E-07	0.015476633	0.068162639	0.070110304	0.000726639	0.323560304	0.06100812	0.054442525	0.068102689	0.739992532	0.018302019	3.99857E-05	0.000250611	0.006748887	0.025600941	0.243288199	2.9778E-06	0.001167079	0.000981665	0.000429446	0.037514484	0.019722892	0.011098446	0.167288358
Design 3	0.250688289	0.117836446	1	0.022328008	0.127030303	0.14274062	0.322033898	0.85915493	0.761904762	0	1	1	0.026215678	0.022633796	0.022651539	2.82523E-07	0.001000779	8.59749E-08	0.006012775	0.467093875	0.351871843	0.116820709	0.677966102	0.194605404	0.805394596	0.117836446	0.106674439	0.117836446	0.205466391	0.322033898	0.123709243	0.438050289	0.013018671	0.002439559	0.003434112	0.081227101	0.117789961	0.147052721	0.054927417	0.019131631	0	0.569719413	0.382452982	0.468954949	0.248540769	0.284259665	0.002303039	0.160852389	0.061167987	0.547591922	0.55546923	1	3.67839E-06	3.8872E-06	1.0375E-08	0.002336237	0.306097968	0.187776682	0.000105591	0.344665634	0.320742327	0.276747517	0.306053325	0.703105904	0.094884075	0.001894156	0.00011242	0.085868685	0.197536769	0.384476454	6.16237E-05	0.020315379	0.000157432	0.000274209	0.035340045	0.007395159	0.224156975	0.181916796
Design 3	0.250688289	0.117836446	1	0.061112111	0.127030303	0.14274062	0.322033898	0.85915493	0.761904762	0	1	1	0.06484142	0.06140623	0.061435283	2.82523E-07	0	2.22584E-08	0.006012775	0.467093875	0.368326371	0.127923728	0.677966102	0.293596272	0.706403728	0.117836446	0.106674439	0.117836446	0.205466391	0.322033898	0.123709243	0.438050289	0.014254032	0.002677052	0.003434112	0.08893582	0.117789961	0.147052721	0.054927417	0.019131631	0	0.569719413	1	0.760010411	0.248540769	0.107886499	0.000728487	0.160852389	0.067027641	1	1	1	6.39782E-06	1.11991E-06	2.98906E-09	0.00432305	0.551069009	0.226758786	3.51601E-05	0.570753553	0.481171177	0.415253225	0.551040126	0.703359051	0.094884075	0.000385171	2.38494E-05	0.050991404	0.107399123	0.332891309	1.53202E-05	0.007149629	6.78817E-05	0.000142474	0.015767806	0.002058684	0.122386983	0.368224718
Design 3	0.034273635	0.766580811	0.975062344	0.021868804	0.130454545	0.145187602	0.016949153	0.85915493	0.761904762	0	1	1	0.005072873	0.022130917	0.022121755	1.50527E-09	0.001179188	9.34285E-08	0.000166637	0.358925306	0.149670178	0.108578714	0.983050847	0.010040074	0.989959926	0.766580811	0.693966774	0.766580811	0.205466391	0.016949153	0.673659193	0.433573678	0.293734039	0.287901402	0.4262802	0.015091904	0.004471341	0.148909554	0.353957199	0.054212233	0.000445017	0.111039644	0.344523945	0.088140476	0.048518256	0.056493074	0.002374556	0.791988997	0.285106739	0.508227259	0.60844187	0.559898728	4.44679E-06	3.18581E-07	8.50295E-10	0.000127846	0.344996373	0.542202163	7.83048E-05	0.336089168	0.306298941	0.33230113	0.344954233	0.984166375	0.018595651	0.00314388	0.00095812	0.034864817	0.216193533	0.242270137	0.000103262	0.00954662	0.000252818	0.000233875	0.036054443	0.006457419	0.181880952	0.243182261
Design 3	0.250688289	0.119446233	0.019201995	0.447319165	0.125969697	0.141924959	0.118644068	0.85915493	0.761904762	0	1	1	0.181035456	0.447510655	0.447810835	0.006781519	0.913369216	1.84396E-05	0.001385057	0.471168982	0.418339975	0.164506284	0.881355932	0.45447512	0.54552488	0.119446233	0.10813174	0.119446233	0.205466391	0.118644068	0.275552038	0.4425269	0.018868593	0.003494089	0.003538457	0.114334737	0.034697236	0.1464185	0.054927417	0.018733273	0.029842247	0.013506749	0.000133131	0.002567783	0.250986032	0.014078755	0.005002606	0.164250102	0.086468334	0.001854286	0.002075467	0.00788003	0.000496193	0.000346501	9.24815E-07	0.007922635	0.043141279	0.072861226	0.001093228	0.236118989	0.040906683	0.038005918	0.043079718	0.786060789	0.096753934	0.000914787	0.000792628	0.06743016	0.078782744	0.430056326	6.1104E-05	0.007523623	0.001650014	0.000913201	0.057644898	0.034026064	0.088537805	0.035576486
Design 3	0.264484723	0.138763683	0.030174564	0.649617821	0.146969697	0.2862969	0.220338983	0.85915493	0.761904762	0	1	1	0.458712905	0.649479751	0.645390025	0.004222642	0.787513081	8.57951E-06	0.003165424	0.547262582	0.546107229	0.338666626	0.779661017	0.760757955	0.239242045	0.138763683	0.125619353	0.138763683	0.205466391	0.220338983	0.175651466	0.522501562	0.056788594	0.007334767	0.004955867	0.247251049	0.071837533	0.287307797	0.051299796	0.02472745	0.022800173	0.017461174	0.000337127	0.0059765	0.309743537	0.011866197	0.003310553	0.170263619	0.133270489	0.00360095	0.004328733	0.011191142	0.000328944	0.000197381	5.26812E-07	0.017822012	0.080602891	0.069589452	0.000819453	0.345840018	0.071214818	0.058664098	0.080543741	0.653307615	0.14002862	0.000360904	0.000282547	0.047632395	0.05540626	0.448286241	2.24187E-05	0.005417221	0.001010387	0.000613668	0.044632686	0.024430502	0.064481795	0.046026105
Design 3	0.04815864	0.241790084	0.005236908	0.347728182	0.155151515	0.643556281	0.288135593	0.85915493	0.761904762	0	1	1	0.318749785	0.347576258	0.344453431	0.140913404	0.998089044	0.000379667	0.004891294	0.176100442	0.070754062	0.038931041	0.711864407	0.658547796	0.341452204	0.241790084	0.218886622	0.241790084	0.205466391	0.288135593	0.138249677	0.182827962	0.005911963	0.023184293	0.018908107	0.006814833	0.101351761	0.642321547	0.277620396	0.190819011	0.224299252	0.002634311	2.91854E-06	5.75652E-05	0.0267716	0.000855714	0.002482267	0.063626155	0.041627082	4.27256E-05	4.81292E-05	0.000481238	0.020593971	0.014344996	3.8287E-05	0.130472961	0.004112489	0.010176326	0.006705021	0.134454667	0.003820121	0.002768785	0.004048417	0.523067162	0.00462605	7.28097E-05	0.000167301	0.035777413	0.017477827	0.162221327	2.25531E-05	0.001472799	0.007511869	0.002676711	0.037112245	0.039328891	0.011669821	0.006407209
Design 3	0.034679413	0.758531874	0.047381546	0.046678995	0.124545455	0.145187602	0.355932203	0.85915493	0.761904762	0	1	1	0.055002632	0.04700925	0.047074149	0.002145549	0.919794785	4.98439E-05	0.007383069	0.358549714	0.159449105	0.122043682	0.644067797	0.282771668	0.717228332	0.758531874	0.686680268	0.758531874	0.205466391	0.355932203	0.111080978	0.432454525	0.322792006	0.315593612	0.413741037	0.017088921	0.13548366	0.149963221	0.351174664	0.054300456	0.021798712	0.00487081	0.000123147	0.000385273	0.048765533	0.026841978	0.022403617	0.78064795	0.318084141	0.001753855	0.001615808	0.011861265	0.000513488	0.000534196	1.42578E-06	0.007966534	0.016440124	0.033715908	0.003326937	0.099671044	0.018898787	0.01255639	0.016376846	0.451216321	0.018642519	0.001797754	0.003625507	0.117224472	0.188121729	0.337995979	0.00012045	0.023994453	0.003807727	0.002584952	0.136928587	0.06674209	0.132497969	0.01264212
Design 3	0.066600574	0.44462331	0.038902743	0.051795006	0.318181818	0.535073409	0.152542373	0.85915493	0.761904762	0	1	1	0.052075226	0.049646163	0.046620065	0.001613775	0.981826584	0.000104946	0.001899438	0.374415143	0.14678428	0.11339363	0.847457627	0.131074766	0.868925234	0.44462331	0.402506558	0.44462331	0.205466391	0.152542373	0.232646815	0.417670516	0.107952335	0.071103616	0.093850222	0.025184148	0.046226489	0.487022877	0.214152587	0.086254848	0.034119398	0.007320056	2.77632E-05	0.000266072	0.075255926	0.042291526	0.025053585	0.281878337	0.107170739	0.00060533	0.00051163	0.006608529	0.000983271	0.001213565	3.23902E-06	0.003331218	0.010032498	0.047452106	0.003654917	0.089369324	0.012545667	0.011064483	0.009968808	0.724425137	0.027660151	0.00591653	0.007109417	0.172671395	0.221779194	0.38407341	0.000451512	0.031337247	0.006134219	0.003418082	0.145624504	0.088703127	0.190326305	0.008535888
Design 3	0.033597339	0.774629749	0.027431421	0.308506983	0.148484848	0.347471452	0.389830508	0.85915493	0.761904762	0	1	1	0.375419041	0.308452158	0.306356843	0.009082722	0.929905901	2.08112E-05	0.009095243	0.357325968	0.177269889	0.211798917	0.610169492	0.731390608	0.268609392	0.774629749	0.701253279	0.774629749	0.205466391	0.389830508	0.099959617	0.432342609	0.582290732	0.581177085	0.439070139	0.029056911	0.154547848	0.348206281	0.358688683	0.082746715	0.044404309	0.002484238	0.000107487	0.000445162	0.047768019	0.003004564	0.00535364	0.580896083	0.407901007	0.001591486	0.001389643	0.00466252	0.000545077	0.000632202	1.68736E-06	0.030744013	0.030437531	0.034790451	0.001772506	0.222391462	0.03698643	0.023297259	0.030375153	0.407990822	0.018263101	0.000121471	0.000427587	0.035745675	0.05079085	0.271383876	8.71139E-06	0.003994549	0.001680787	0.000859224	0.060065956	0.032942131	0.030843538	0.02258702
Design 3	0.043741776	0.581455248	0.034613466	0.086506778	0.824242424	0.408646003	0.050847458	0.85915493	0.761904762	0	1	1	0.106954681	0.077872495	0.062980529	0.000863608	0.967162707	6.6747E-05	0.000527671	0.337307197	0.135065438	0.113016995	0.949152542	0.058196584	0.941803416	0.581455248	0.52637715	0.581455248	0.205466391	0.050847458	0.441579031	0.391717361	0.165455461	0.167587753	0.196300083	0.018459109	0.013874647	0.264169935	0.298286761	0.071635671	0.033552176	0.004767273	5.01959E-05	0.000257243	0.051789407	0.021167297	0.018143376	0.456045862	0.168643423	0.000923893	0.000896089	0.006756033	0.00076025	0.000711294	1.89845E-06	0.000944784	0.014416758	0.093976407	0.002363547	0.100832175	0.015730063	0.01599347	0.014353349	0.894802131	0.017991228	0.005238675	0.009554105	0.119318296	0.201998825	0.324827634	0.000379268	0.019142831	0.005041297	0.002439841	0.121802672	0.068516057	0.161412387	0.014541024
Design 3	0.031162674	0.597553123	0.050374065	0.175304921	0.154545455	0.469820555	0.830508475	0.85915493	0.761904762	0	1	1	0.445608775	0.175212628	0.173672569	0.004158082	0.867526347	8.62622E-06	0.987689056	0.27242972	0.124598953	0.12962606	0.169491525	0.863704775	0.136295225	0.597553123	0.54095016	0.597553123	0.205466391	0.830508475	0.018168424	0.318972427	0.164197529	0.306394381	0.211796819	0.016978014	0.613457935	0.468964967	0.376761194	0.124025663	0.034950574	0.006889783	0.000205293	0.00061893	0.033878222	0.004117745	0.003082574	0.29213153	0.224061877	0.002526596	0.001701733	0.00640221	0.000409943	0.000808001	0.048283639	0.048131847	0.000166925	0.026809802	0.002342859	0.215282929	0.041257627	0.013264026	0.02612197	0.018358226	0.009761275	9.94134E-05	0.000181968	0.037090274	0.037736516	0.208879751	6.78721E-06	0.003156706	0.001074612	0.000565768	0.042659068	0.023950501	0.022285486	0.018193753
Design 3	0.318317868	0.05022537	0.087281796	0.054083268	0.148484848	0.510603589	0.525423729	0.85915493	0.761904762	0	1	1	0.093466572	0.054104993	0.053738586	0.000605573	0.83502411	1.07942E-05	0.0244548	0.367365606	0.238894935	0.073525013	0.474576271	0.415375893	0.584624107	0.05022537	0.045467794	0.05022537	0.205466391	0.525423729	0.065647018	0.317181782	0.002086527	0.000530329	0.000635999	0.063961971	0.24729909	0.511501714	0.039975928	0.062726452	0.013333073	0.089859945	0.000257754	0.00461241	0.228367349	0.113073928	0.006141342	0.040164212	0.017777988	0.002972586	0.002721907	0.022231414	0.000370642	0.000391345	1.04451E-06	0.010458082	0.026836615	0.041559624	0.001863697	0.148457348	0.031086307	0.01650779	0.026774005	0.283110827	0.064120333	0.003047593	0.000463542	0.181681455	0.137142387	0.39747088	0.000190807	0.02240511	0.001595368	0.001185012	0.065236354	0.038844962	0.1707146	0.030633938
Design 3	0.034273635	0.758531874	0.980049875	3.25786E-05	0.13030303	0.154143556	0.322033898	0.85915493	0.761904762	0	1	1	0.004386726	0.0003032	0.0003126	3.02001E-07	0.024980894	5.77435E-07	0.006012775	0.355714772	0.146768686	0.106245994	0.677966102	0.128568251	0.871431749	0.758531874	0.686680268	0.758531874	0.205466391	0.322033898	0.123709243	0.429097066	0.278980945	0.278935467	0.413741037	0.014767987	0.117789961	0.157955608	0.353957199	0.056057957	0.000460855	0.112741635	0.024196968	0.05673807	0.048029204	0.799197879	0.035494141	0.763430099	0.274349544	0.076235181	0.096509332	0.550661643	4.16841E-05	1.95799E-05	5.22591E-08	0.000313038	0.055358293	0.112623228	0.001008605	0.074188045	0.046415263	0.039850579	0.055297519	0.697057647	0.018228976	0.028436832	0.006118348	0.058488896	0.592931532	0.359755708	0.00118432	0.143832275	0.00165102	0.002679765	0.176091101	0.047661703	0.54169097	0.042550895
Design 3	0.237162373	0.116226658	0.080798005	0.123506812	0.239393939	0.282218597	0.491525424	0.85915493	0.761904762	0	1	1	0.201498911	0.122344476	0.117931655	0.000702234	0.538352787	6.69282E-06	0.018323719	0.438748258	0.343222113	0.147937408	0.508474576	0.554574923	0.445425077	0.116226658	0.105217138	0.116226658	0.205466391	0.491525424	0.073043801	0.41096679	0.015200774	0.003413018	0.003331792	0.097689005	0.221317371	0.263368829	0.05886202	0.033726844	0.010468596	0.049071176	0.000861454	0.007088313	0.222015778	0.050043559	0.004937468	0.122643879	0.064544207	0.00703822	0.007724694	0.030084081	0.000215714	0.000156329	4.17245E-07	0.013502217	0.059167351	0.052268757	0.001088832	0.219972352	0.057240754	0.035538339	0.059106822	0.396679847	0.079761771	0.000957272	0.000308049	0.112005678	0.10754667	0.407511879	5.40253E-05	0.01355284	0.001041181	0.000823164	0.057186831	0.027767947	0.116789059	0.041889506
Design 3	0.028863269	0.753702511	0.097256858	0.061258327	0.154545455	0.42903752	0.593220339	0.85915493	0.761904762	0	1	1	0.118017093	0.061200348	0.060661529	0.000504565	0.710173041	9.94485E-06	0.0546981	0.31617978	0.114778394	0.110117567	0.406779661	0.479869963	0.520130037	0.753702511	0.682308365	0.753702511	0.205466391	0.593220339	0.052541909	0.381913582	0.255560171	0.354766944	0.406336878	0.013773897	0.306021615	0.428222675	0.395489113	0.105801156	0.016872713	0.010712425	0.000475957	0.000958606	0.038499525	0.01611609	0.00705866	0.453058521	0.209311258	0.004606869	0.004370118	0.016487886	0.000281954	0.000277415	7.40424E-07	0.011498936	0.035367636	0.044298802	0.001832	0.168100748	0.039565488	0.020031473	0.035305576	0.251851768	0.013126144	0.00041633	0.000528977	0.070275223	0.101853384	0.257511439	2.50012E-05	0.00981097	0.001461993	0.00099869	0.070870329	0.032720127	0.071969855	0.031500824
Design 3	0.073498791	0.275595621	0.032917706	0.266620152	0.151515152	0.42903752	0.322033898	0.85915493	0.761904762	0	1	1	0.272319209	0.266539157	0.264462646	0.004885089	0.923907205	9.24626E-06	0.006012775	0.276964825	0.140902358	0.085729112	0.677966102	0.619177177	0.380822823	0.275595621	0.249489945	0.275595621	0.205466391	0.322033898	0.123709243	0.290322114	0.024862252	0.030211718	0.026405405	0.020568566	0.117789961	0.42903752	0.196858219	0.100882773	0.043597986	0.010206667	0.000116771	0.000826521	0.057333429	0.004679433	0.002382436	0.139387136	0.084713995	0.001688498	0.001581732	0.004777572	0.000525618	0.00052849	1.41055E-06	0.019178864	0.03323183	0.044220486	0.001058611	0.222343507	0.037642574	0.026241648	0.033169632	0.492939011	0.014968534	0.000124022	0.000146818	0.039491519	0.037779549	0.229043719	8.81442E-06	0.002814599	0.00112856	0.000517131	0.036132562	0.02367624	0.031604059	0.067404985
Design 3	0.14112837	0.195106246	0.03840399	0.313161075	0.13030303	0.4045677	0.016949153	0.85915493	0.761904762	0	1	1	0.034064042	0.313337485	0.313097642	0.000333369	0.863226595	9.09201E-06	0.000166637	0.381854236	0.19480603	0.091123929	0.983050847	0.102809163	0.897190837	0.195106246	0.176624891	0.195106246	0.205466391	0.016949153	0.673659193	0.380973494	0.01922511	0.008050028	0.011094061	0.037710133	0.004471341	0.410145078	0.105812737	0.063723636	0.028663918	0.016215514	0.000212162	0.002187217	0.128976578	0.010014071	0.003027149	0.138416026	0.05360571	0.002586702	0.003356417	0.008306843	0.00040402	0.000207096	5.52741E-07	0.001007505	0.060638648	0.212167141	0.000662629	0.261190426	0.049613114	0.052847212	0.060578214	0.958264453	0.043216766	0.001765043	0.001364575	0.053184413	0.083168056	0.320803169	0.000112638	0.004727415	0.001403222	0.00060223	0.042169129	0.025019503	0.092904407	0.058551078
Design 3	0.072146199	0.436574372	0.137157107	0.074638842	0.33030303	0.388254486	0.830508475	0.85915493	0.761904762	0	1	1	0.211773358	0.072328037	0.067690146	0.000266087	0.325607803	5.01342E-06	0.987689056	0.393978401	0.203369911	0.170159498	0.169491525	0.638795505	0.361204495	0.436574372	0.395220052	0.436574372	0.205466391	0.830508475	0.018168424	0.438050289	0.1639576	0.092643236	0.089306064	0.040200837	0.613457935	0.345083777	0.200044811	0.064781515	0.008622684	0.026406519	0.001730765	0.004122056	0.083925664	0.032431162	0.005930466	0.346869258	0.180054431	0.011585279	0.010343501	0.038194049	0.000156577	0.000176437	0.007049558	0.006891188	0.000448664	0.071192182	0.001415419	0.213655117	0.064744809	0.029352228	0.054371245	0.184898694	0.032251642	0.000509981	0.000329329	0.083051673	0.107607318	0.324229413	2.71583E-05	0.012267165	0.00095455	0.000819116	0.063885015	0.026101096	0.089327603	0.031560435
Design 3	0.018042536	0.758531874	0.291770574	0.01421321	0.424242424	0.412724307	0.457627119	0.85915493	0.761904762	0	1	1	0.057050222	0.010718639	0.009644081	1.67945E-05	0.241681658	2.12165E-06	0.014226222	0.242317097	0.073927317	0.059094045	0.542372881	0.221903623	0.778096377	0.758531874	0.686680268	0.758531874	0.205466391	0.457627119	0.08113481	0.294798725	0.10877191	0.317076561	0.413741037	0.005750998	0.197313863	0.346723139	0.514151725	0.123311721	0.00606995	0.033136428	0.002433327	0.003335532	0.023087521	0.058510639	0.008571679	0.396082663	0.147411544	0.014777396	0.017761357	0.058193425	0.000133526	7.86737E-05	2.09981E-07	0.002202846	0.045274378	0.070636286	0.000983413	0.113455801	0.039972495	0.028562945	0.045212955	0.514998943	0.006243635	0.001193064	0.000640236	0.059574495	0.181445525	0.213930609	6.12501E-05	0.019877767	0.001234633	0.001064528	0.079438695	0.030352133	0.142600815	0.05241881
Design 3	0.032921043	0.758531874	0.685785536	0.008705868	0.127272727	0.143556281	0.322033898	0.85915493	0.761904762	0	1	1	0.012676969	0.009012652	0.009025584	9.34235E-07	0.010906969	4.48466E-07	0.006012775	0.346264966	0.144179028	0.103168198	0.677966102	0.155213391	0.844786609	0.758531874	0.686680268	0.758531874	0.205466391	0.322033898	0.123709243	0.417905538	0.264140732	0.284939606	0.413741037	0.013981813	0.117789961	0.147831921	0.363541487	0.056581014	0.001012096	0.078707525	0.053764093	0.033807185	0.045614506	0.121686512	0.007577567	0.758433426	0.278713097	0.134841164	0.162246298	0.341298878	2.58075E-05	1.31626E-05	3.51312E-08	0.001402021	0.13011557	0.129243998	0.000366034	0.178184819	0.11489249	0.098923953	0.130059605	0.700603296	0.016894706	0.001830316	0.000621431	0.054929582	0.248625456	0.279604665	7.10461E-05	0.026036248	0.000583038	0.000734472	0.073901054	0.018462869	0.200423652	0.098959645
Design 3	0.065112723	0.348036059	0.110723192	0.050941756	0.154545455	0.437194127	0.050847458	0.85915493	0.761904762	0	1	1	0.016215087	0.050886881	0.050438633	3.89721E-05	0.667226566	6.75319E-06	0.000527671	0.301352852	0.115751015	0.064735907	0.949152542	0.05007829	0.94992171	0.348036059	0.315068493	0.348036059	0.205466391	0.050847458	0.441579031	0.325821642	0.031433003	0.033768509	0.048606441	0.01414269	0.013874647	0.436371133	0.218251008	0.097280942	0.014000893	0.026426139	0.000560154	0.001896572	0.058191766	0.030015917	0.0054847	0.189236695	0.069534523	0.00517532	0.007398911	0.020901061	0.000262061	0.000107766	2.87628E-07	0.000642712	0.053589212	0.166504386	0.000743053	0.162568576	0.039777336	0.040923089	0.053528324	0.912015304	0.016936699	0.002967551	0.001637315	0.087718907	0.155384992	0.26788316	0.000173333	0.011313357	0.001648487	0.000881658	0.060950332	0.029925607	0.144922558	0.058557746
Design 3	0.07038783	0.436574372	0.187032419	0.054083268	0.124242424	0.184339315	0.016949153	0.85915493	0.761904762	0	1	1	0.007497257	0.054415172	0.054493998	4.34415E-06	0.11106775	2.47365E-06	0.000166637	0.386020568	0.186063345	0.107212721	0.983050847	0.021044869	0.978955131	0.436574372	0.395220052	0.436574372	0.205466391	0.016949153	0.673659193	0.429320897	0.10139591	0.060687062	0.089306064	0.02485701	0.004471341	0.189524645	0.204330228	0.047327019	0.005135969	0.036020674	0.005492322	0.008149409	0.080714239	0.038828475	0.005216612	0.432490888	0.156992359	0.026432907	0.041912309	0.070691857	9.03382E-05	2.56874E-05	6.856E-08	0.000385967	0.129144287	0.269553104	0.000400872	0.223777819	0.086515795	0.093665988	0.12908826	0.980837064	0.03043629	0.005311926	0.002897238	0.074814414	0.201854488	0.31315569	0.000252725	0.012407437	0.001041633	0.000667327	0.059130177	0.020743267	0.182169204	0.097864051
Design 3	0.034273635	0.758531874	0.039900249	0.217209205	0.13030303	0.151712887	0.322033898	0.85915493	0.761904762	0	1	1	0.220676592	0.217414484	0.217251016	0.003027994	0.779539107	1.22458E-05	0.006012775	0.355714772	0.184565767	0.166004543	0.677966102	0.563020242	0.436979758	0.758531874	0.686680268	0.758531874	0.205466391	0.322033898	0.123709243	0.429097066	0.43561718	0.435581582	0.413741037	0.023065945	0.117789961	0.155507804	0.353957199	0.055699854	0.025720543	0.004005536	0.000350829	0.000837808	0.048029204	0.004809495	0.005478478	0.766884253	0.430651583	0.003704894	0.004159234	0.009568969	0.000323155	0.000223807	5.97344E-07	0.014415919	0.049509368	0.050148551	0.001199998	0.217976733	0.046813721	0.033742376	0.049448217	0.522925616	0.018228976	0.000161716	0.000463829	0.039114874	0.067788027	0.272204281	1.02322E-05	0.004911221	0.001347438	0.000786543	0.060908579	0.028454063	0.042499468	0.083698886
Design 3	0.047799551	0.597553123	0.092269327	0.16551814	0.127939394	0.146003263	0.016949153	0.85915493	0.761904762	0	1	1	0.019061765	0.165769214	0.16577816	3.24195E-05	0.231314218	3.0789E-06	0.000166637	0.368580875	0.168902075	0.110300548	0.983050847	0.057521557	0.942478443	0.597553123	0.54095016	0.597553123	0.205466391	0.016949153	0.673659193	0.429097066	0.185349403	0.148225763	0.211796819	0.019166571	0.004471341	0.150179588	0.279199754	0.049220349	0.011016568	0.012946701	0.002553094	0.003757271	0.060255519	0.008716064	0.003310242	0.619292792	0.231231131	0.015293365	0.024257913	0.028236398	0.000130538	3.96895E-05	1.05932E-07	0.000965554	0.13580331	0.232368654	0.000379836	0.282393739	0.09094946	0.098202419	0.135747711	0.977203185	0.022789607	0.001172432	0.001524344	0.037173267	0.109712875	0.269761751	5.99354E-05	0.004676068	0.000886313	0.000464123	0.044630035	0.017107992	0.089353419	0.111896503
Design 3	0.032921043	0.758531874	0.995012469	0.012545494	0.124242424	0.135399674	0.152542373	0.85915493	0.761904762	0	1	1	0.009046149	0.012889896	0.012918046	1.27398E-07	0.002074634	1.2948E-07	0.001899438	0.346264966	0.144638503	0.102214573	0.847457627	0.079223096	0.920776904	0.758531874	0.686680268	0.758531874	0.205466391	0.152542373	0.232646815	0.417905538	0.261703625	0.282310016	0.413741037	0.013852704	0.046226489	0.140140547	0.363541487	0.055427401	0.000434313	0.114472183	0.2300267	0.077440969	0.045614506	0.088164214	0.003689836	0.769530578	0.280459904	0.380840046	0.443371141	0.566296378	7.7648E-06	3.08568E-06	8.23571E-09	0.000830393	0.242358444	0.22957982	0.000139354	0.260129164	0.221250834	0.217372136	0.2423097	0.854466289	0.016894706	0.001376556	0.000387318	0.040061028	0.214689747	0.251257767	4.68811E-05	0.015056511	0.00028974	0.000359803	0.047780867	0.009549305	0.174265764	0.172984566
Design 3	0.027510677	0.613650998	0.020947631	0.280039451	0.390909091	0.575856444	0.016949153	0.85915493	0.761904762	0	1	1	0.063651361	0.276891397	0.254519178	0.001401832	0.978592779	2.53912E-05	0.000166637	0.257126589	0.077942256	0.063034142	0.983050847	0.085190991	0.914809009	0.613650998	0.555523171	0.613650998	0.205466391	0.016949153	0.673659193	0.302632795	0.079949146	0.177433478	0.228088089	0.0076703	0.004471341	0.505387594	0.407355374	0.137523106	0.077614897	0.002535274	3.27069E-05	0.000181816	0.029827277	0.001956973	0.003950139	0.273202894	0.104280488	0.000680449	0.000643057	0.002197782	0.000915827	0.000946771	2.52694E-06	0.000769715	0.020519034	0.16863199	0.001157181	0.179144381	0.023562045	0.025057512	0.020456018	0.954835314	0.008203895	0.000726435	0.001987275	0.035675654	0.06514118	0.205957497	5.51783E-05	0.002763493	0.002486225	0.000787387	0.049854384	0.034063365	0.051004433	0.027632559
Design 3	0.145862441	0.265936896	0.216957606	0.04341764	0.148484848	0.412724307	0.627118644	0.85915493	0.761904762	0	1	1	0.089866652	0.043442573	0.043148644	5.40986E-05	0.172759685	4.20249E-06	0.111688521	0.495407973	0.280136215	0.183436431	0.372881356	0.441488996	0.558511004	0.265936896	0.240746138	0.265936896	0.205466391	0.627118644	0.04668228	0.513369275	0.086098245	0.019849471	0.024092595	0.078075743	0.339240717	0.413524454	0.102222944	0.048144658	0.004385571	0.065428096	0.003486019	0.01262378	0.177090948	0.108611928	0.008134051	0.238464958	0.104195196	0.01910392	0.020629058	0.084619673	0.000112589	8.41985E-05	2.24727E-07	0.006770632	0.076504837	0.071827034	0.001026862	0.213687835	0.075249607	0.046557057	0.076445423	0.393995344	0.078868236	0.001744694	0.000503844	0.131520307	0.176497044	0.434311225	8.66089E-05	0.025693146	0.0010074	0.001049455	0.077041555	0.029373437	0.171918971	0.045006375
Design 3	0.069441016	0.436574372	0.496259352	0.020728939	0.127272727	0.143556281	0.118644068	0.85915493	0.761904762	0	1	1	0.011255541	0.021032107	0.021047575	9.75469E-07	0.0133109	5.62691E-07	0.001385057	0.381735581	0.191051563	0.10598796	0.881355932	0.07187103	0.92812897	0.436574372	0.395220052	0.436574372	0.205466391	0.118644068	0.275552038	0.424620455	0.099187637	0.061274994	0.089306064	0.024315411	0.034697236	0.147831921	0.206707685	0.042721158	0.001373197	0.095628438	0.044484118	0.037638617	0.079010686	0.096679554	0.004900922	0.461442079	0.168957755	0.117772929	0.160335038	0.26838862	2.90993E-05	9.55809E-06	2.55107E-08	0.000996705	0.176963845	0.188454537	0.000250587	0.228540318	0.138121575	0.139036233	0.176910894	0.884896299	0.029487625	0.002596291	0.000709627	0.069493939	0.224060325	0.307601077	0.000102477	0.018386624	0.000532336	0.00054558	0.056928572	0.015187971	0.199337481	0.128611943
Design 3	0.034408894	0.774629749	0.486284289	0.015376733	0.160606061	0.388254486	0.355932203	0.85915493	0.761904762	0	1	1	0.024801589	0.015255014	0.015086804	2.91073E-06	0.04143068	1.12575E-06	0.007383069	0.363092096	0.128448811	0.116997971	0.644067797	0.190698096	0.809301904	0.774629749	0.701253279	0.774629749	0.205466391	0.355932203	0.111080978	0.439191825	0.326779297	0.311702693	0.439070139	0.016301667	0.13548366	0.385936806	0.353025061	0.086279879	0.002465773	0.054513785	0.014717819	0.013710322	0.049257037	0.082455355	0.007385504	0.560864433	0.210140587	0.053447448	0.067914718	0.156425047	5.46955E-05	2.64307E-05	7.05439E-08	0.001973047	0.110539279	0.117352796	0.000511655	0.19055828	0.092411155	0.076841713	0.110482055	0.66322126	0.019108676	0.001358978	0.000563263	0.068045729	0.206922331	0.288336735	5.93032E-05	0.021436154	0.000764854	0.000808885	0.07279136	0.021924597	0.167269116	0.0839878
Design 3	0.070252571	0.468770122	0.138154613	0.070566512	0.124242424	0.592169657	0.457627119	0.85915493	0.761904762	0	1	1	0.10273675	0.070893456	0.070992391	0.000145953	0.485887116	6.6363E-06	0.014226222	0.408397967	0.168494175	0.15152332	0.542372881	0.41893112	0.58106888	0.468770122	0.424366074	0.468770122	0.205466391	0.457627119	0.08113481	0.458463637	0.173566325	0.091746882	0.108401379	0.035064279	0.197313863	0.601058795	0.204666805	0.09139062	0.010729271	0.024844218	0.001016034	0.003124834	0.085892829	0.031637542	0.00614338	0.286081248	0.129453788	0.007918863	0.009040524	0.029179605	0.000200089	0.000133168	3.55428E-07	0.00722543	0.063781101	0.071454777	0.001100169	0.220047621	0.059322698	0.039083495	0.063720868	0.444693243	0.034476009	0.000670205	0.000427036	0.088596272	0.117954814	0.331834016	3.73618E-05	0.01237293	0.001165841	0.000890464	0.065249305	0.028760395	0.101320089	0.04695135
Design 3	0.11542913	0.275595621	0.990024938	0.009748384	0.127939394	0.146003263	0.084745763	0.85915493	0.761904762	0	1	1	0.005824685	0.010046325	0.010056941	6.49038E-08	0.002931786	1.72598E-07	0.000931159	0.411407019	0.23604164	0.106643286	0.915254237	0.040455552	0.959544448	0.275595621	0.249489945	0.275595621	0.205466391	0.084745763	0.337888429	0.429097066	0.044803411	0.017859307	0.026405405	0.037074852	0.023932463	0.150179588	0.129684863	0.033416809	0.00017835	0.286950133	0.174510394	0.182459718	0.121387093	0.29299771	0.00495722	0.308854495	0.111486936	0.31265032	0.386568631	0.768447593	1.03877E-05	3.05845E-06	8.16304E-09	0.000373606	0.216411543	0.279267372	0.000169719	0.229697307	0.186009581	0.192135609	0.21636113	0.918288778	0.045592766	0.008620093	0.00093832	0.075123741	0.314668359	0.348544723	0.000300927	0.030990559	0.000407063	0.000523309	0.057326033	0.013146866	0.322759979	0.153194193
Design 3	0.034003117	0.758531874	0.137157107	0.070566512	0.127272727	0.143556281	0.457627119	0.85915493	0.761904762	0	1	1	0.103068931	0.070854684	0.070880667	0.000148994	0.177222468	3.46015E-06	0.014226222	0.353824811	0.165254476	0.132177168	0.542372881	0.418635619	0.581364381	0.758531874	0.686680268	0.758531874	0.205466391	0.457627119	0.08113481	0.426858761	0.345215738	0.350405224	0.413741037	0.01827684	0.197313863	0.147831921	0.355835527	0.054968557	0.007816447	0.015254098	0.003394006	0.003400638	0.047541374	0.017088677	0.005371801	0.774023523	0.349913268	0.018742362	0.022738043	0.043032076	0.000114038	6.54029E-05	1.74561E-07	0.008060887	0.087402347	0.067388959	0.00070186	0.219031968	0.076519134	0.055844986	0.087343635	0.534525512	0.017956704	0.000263664	0.00031692	0.054371263	0.107468913	0.270255201	1.33194E-05	0.008587958	0.000820325	0.00066421	0.060189119	0.021381535	0.073457867	0.175188284
Design 3	0.070793608	0.436574372	0.148129676	0.076073854	0.203030303	0.34502447	0.389830508	0.85915493	0.761904762	0	1	1	0.103756469	0.075391059	0.073530447	0.000102544	0.243058943	3.70819E-06	0.009095243	0.387856991	0.184831848	0.135043019	0.610169492	0.374971579	0.625028421	0.436574372	0.395220052	0.436574372	0.205466391	0.389830508	0.099959617	0.431335372	0.128244348	0.075745486	0.089306064	0.031441835	0.154547848	0.332794372	0.203326525	0.06459872	0.007943126	0.028521633	0.002418147	0.005041551	0.081449836	0.028888384	0.004892638	0.34760984	0.153556352	0.014711489	0.018503784	0.04220288	0.00013392	7.11549E-05	1.89913E-07	0.006708692	0.088991445	0.078006571	0.000688767	0.232537527	0.075147171	0.057407061	0.088932834	0.577659952	0.030849008	0.000493507	0.000308944	0.073948102	0.114095856	0.31142052	2.55014E-05	0.010406807	0.000859228	0.000684663	0.056869897	0.022528566	0.095454794	0.07768382
Design 3	0.034138376	0.766580811	0.13765586	0.068239465	0.13030303	0.225122349	0.491525424	0.85915493	0.761904762	0	1	1	0.107116909	0.068489566	0.068444674	0.000157999	0.236330527	4.13236E-06	0.018323719	0.357972299	0.156463149	0.13665229	0.508474576	0.435933246	0.564066754	0.766580811	0.693966774	0.766580811	0.205466391	0.491525424	0.073043801	0.432443333	0.368624978	0.364045317	0.4262802	0.018942644	0.221317371	0.229434755	0.354894009	0.06598623	0.008688886	0.015145582	0.002493897	0.002912177	0.048271593	0.018019512	0.005694078	0.686536138	0.312663141	0.015039222	0.017676129	0.037839082	0.000131989	8.17744E-05	2.18257E-07	0.008178429	0.078049766	0.065866828	0.000821503	0.215345472	0.070526341	0.048777249	0.077990452	0.486194819	0.01845643	0.000293124	0.000339613	0.05860777	0.108019596	0.274713329	1.52082E-05	0.009108501	0.00090457	0.000720397	0.062342461	0.023165524	0.075222459	0.131370576
Design 3	0.116781722	0.275595621	0.795511222	0.016772961	0.124242424	0.156606852	0.559322034	0.85915493	0.761904762	0	1	1	0.033260627	0.017116091	0.017149399	1.0251E-06	0.003760375	2.17512E-07	0.034622307	0.415743864	0.245633363	0.116523223	0.440677966	0.302324612	0.697675388	0.275595621	0.249489945	0.275595621	0.205466391	0.559322034	0.05884084	0.433573678	0.049436372	0.019131003	0.026405405	0.040909784	0.275458902	0.161540323	0.128204517	0.03410827	0.000429621	0.230707323	0.141497798	0.133568808	0.123844583	0.183908367	0.00382192	0.30546068	0.118272942	0.269158156	0.26186082	0.569140739	1.2597E-05	1.34066E-05	3.57823E-08	0.003120909	0.185960727	0.128088386	0.000245821	0.265469251	0.20314218	0.144131249	0.185908355	0.50899938	0.046974684	0.001252051	0.000163688	0.074593006	0.193281301	0.338640296	4.45544E-05	0.021684163	0.000274731	0.00042635	0.048841316	0.011474897	0.187505722	0.122793147
Design 3	0.063354354	0.570186735	0.33915212	0.062615771	0.575757576	0.208809135	0.084745763	0.85915493	0.761904762	0	1	1	0.07698883	0.057168015	0.049588748	2.2876E-06	0.017340495	8.99602E-07	0.000931159	0.441054713	0.224214509	0.175262818	0.915254237	0.078891952	0.921108048	0.570186735	0.516176042	0.570186735	0.205466391	0.084745763	0.337888429	0.508657642	0.317797262	0.148967145	0.185914479	0.037446558	0.023932463	0.13568587	0.223283616	0.035037048	0.00210231	0.050863625	0.034499944	0.024958282	0.08767925	0.046454941	0.004410289	0.717989697	0.267125827	0.098219421	0.138528316	0.182932518	3.39566E-05	1.03367E-05	2.75886E-08	0.001615814	0.217146143	0.190225071	0.000244479	0.29129614	0.163609247	0.168839668	0.217095778	0.917028304	0.03888988	0.001610873	0.000794571	0.061815033	0.184548279	0.326673054	6.50844E-05	0.012279207	0.000528556	0.000484285	0.053368278	0.014184205	0.153207686	0.138048305
Design 3	0.019395128	0.647456536	0.057356608	0.132427156	0.878787879	0.649265905	0.389830508	0.85915493	0.761904762	0	1	1	0.246903471	0.123081152	0.098221002	0.001417985	0.888257639	8.81315E-06	0.009095243	0.219269762	0.070514332	0.067550329	0.610169492	0.431491799	0.568508201	0.647456536	0.586126494	0.647456536	0.205466391	0.389830508	0.099959617	0.261201757	0.082449698	0.291135085	0.26497433	0.006808106	0.154547848	0.448771247	0.495738561	0.150501646	0.035951254	0.007225052	0.000172434	0.000395149	0.021282367	0.004776444	0.003340368	0.267068774	0.125407663	0.00223062	0.002127915	0.006168191	0.000442768	0.00042933	1.14589E-06	0.014355114	0.028524635	0.039479634	0.001252804	0.167519744	0.031717006	0.020215006	0.028462134	0.417373111	0.005151963	0.000128241	0.000214868	0.042150488	0.054087448	0.174476374	8.76844E-06	0.003558876	0.001280472	0.000616921	0.044886058	0.02571123	0.033795942	0.122582034
Design 3	0.049828438	0.678042498	0.216957606	0.082046606	0.221212121	0.445350734	0.830508475	0.85915493	0.761904762	0	1	1	0.2197882	0.081129379	0.078656768	7.11926E-05	0.100689997	2.18959E-06	0.987689056	0.422698193	0.195228258	0.222629608	0.169491525	0.671521868	0.328478132	0.678042498	0.613815214	0.678042498	0.205466391	0.830508475	0.018168424	0.500163272	0.548172706	0.317052783	0.301595785	0.039824072	0.613457935	0.426645554	0.270490148	0.074970823	0.005805958	0.027367934	0.006066088	0.007454726	0.072085242	0.02373321	0.004186788	0.532646139	0.289984617	0.028377164	0.026657344	0.061310813	8.60256E-05	8.81823E-05	0.003198233	0.003039249	0.000902394	0.142668327	0.000773113	0.293920725	0.113650327	0.059408847	0.100426577	0.27262499	0.031522821	0.000229769	0.00017201	0.058208493	0.092852257	0.305520783	1.1023E-05	0.008667386	0.000583182	0.000540413	0.051684339	0.01774795	0.070442169	0.086677414
Design 3	0.069441016	0.436574372	0.795511222	0.017199586	0.121212121	0.135399674	0.661016949	0.85915493	0.761904762	0	1	1	0.039328731	0.01758136	0.01763441	1.21173E-06	0.003329792	1.9491E-07	0.503006387	0.381735581	0.199440755	0.113589927	0.338983051	0.355107427	0.644892573	0.436574372	0.395220052	0.436574372	0.205466391	0.661016949	0.041205913	0.424620455	0.106289233	0.065666657	0.089306064	0.026057142	0.37540281	0.140672632	0.206707685	0.041786966	0.000543259	0.153313371	0.156924311	0.091508299	0.079010686	0.114286495	0.003562609	0.467728752	0.183935272	0.289806437	0.26283901	0.506623141	1.1482E-05	1.58092E-05	4.2195E-08	0.003579265	0.179549401	0.121493149	0.000255856	0.26920664	0.210402478	0.136640565	0.179496617	0.432960967	0.029487625	0.000686389	0.000137137	0.05716688	0.168555677	0.293752786	2.42051E-05	0.016695324	0.000248496	0.000379762	0.046742464	0.010368436	0.147130361	0.115993208
Design 3	0.041036593	0.710238249	0.573067332	0.017005666	0.418181818	0.159869494	0.016949153	0.85915493	0.761904762	0	1	1	0.040896936	0.013587799	0.012280874	1.32164E-07	0.012581947	6.40855E-07	0.000166637	0.381176585	0.171841793	0.130118642	0.983050847	0.006658134	0.993341866	0.710238249	0.642961236	0.710238249	0.205466391	0.016949153	0.673659193	0.454837582	0.319151168	0.253631097	0.343633288	0.020344673	0.004471341	0.115667882	0.312425285	0.04423895	0.001114536	0.069956598	0.04694114	0.031045316	0.05730592	0.115902897	0.008123224	0.822901329	0.295480688	0.122383589	0.174869042	0.317371096	2.81379E-05	7.3014E-06	1.94875E-08	8.38436E-05	0.157390545	0.344880947	0.000301609	0.187915274	0.117031949	0.126963791	0.157336335	0.983820528	0.022937272	0.014670242	0.005485205	0.064245652	0.352185743	0.307954793	0.000575898	0.02645618	0.000864491	0.000778293	0.076981465	0.019439859	0.302186976	0.107060385
Design 3	0.047799551	0.597553123	0.042394015	0.499310806	0.127939394	0.146003263	0.322033898	0.85915493	0.761904762	0	1	1	0.501355184	0.499461451	0.499466818	0.002596121	0.505206804	3.58232E-06	0.006012775	0.368580875	0.252311769	0.243552999	0.677966102	0.809623289	0.190376711	0.597553123	0.54095016	0.597553123	0.205466391	0.322033898	0.123709243	0.429097066	0.40888535	0.327065801	0.211796819	0.042295546	0.117789961	0.150179588	0.279199754	0.049220349	0.022849841	0.005736084	0.000956221	0.002462904	0.060255519	0.002013947	0.002127466	0.619292792	0.510805638	0.00758299	0.0094809	0.011159624	0.000205705	0.000112453	3.00138E-07	0.022620338	0.106157755	0.062521172	0.000559341	0.350527457	0.090196609	0.069262345	0.106100249	0.582744454	0.022789607	3.62545E-05	0.000113554	0.013716688	0.031496301	0.253282852	2.33973E-06	0.001771346	0.00062438	0.000343436	0.033542489	0.015092419	0.017457783	0.199538101
Design 3	0.036302522	0.517063748	0.241895262	0.042060196	0.606060606	0.445350734	0.220338983	0.85915493	0.761904762	0	1	1	0.089580822	0.036230901	0.0310813	1.4506E-05	0.142291746	1.49263E-06	0.003165424	0.267326375	0.095710666	0.068364151	0.779661017	0.152751524	0.847248476	0.517063748	0.468085106	0.517063748	0.205466391	0.220338983	0.175651466	0.30654983	0.063943701	0.116796781	0.141861219	0.009864754	0.071837533	0.336832399	0.340446817	0.102634145	0.006461933	0.039728991	0.004263847	0.004988932	0.035973293	0.029890584	0.003618782	0.291169876	0.110354377	0.022059933	0.031174986	0.054047382	0.000102194	4.02503E-05	1.07428E-07	0.002501926	0.09408141	0.104735673	0.000424736	0.190131505	0.070702779	0.064559839	0.094023127	0.766299722	0.009969088	0.000593873	0.000288837	0.056476321	0.125061567	0.215494654	2.90968E-05	0.008896384	0.000725211	0.000523608	0.047203045	0.017936617	0.101994493	0.123331587
Design 3	0.033597339	0.758531874	0.112219451	0.110320217	0.151515152	0.42903752	0.661016949	0.85915493	0.761904762	0	1	1	0.227899606	0.110286249	0.109427049	0.000375569	0.416637563	4.67346E-06	0.503006387	0.350989869	0.147429771	0.163821744	0.338983051	0.652367306	0.347632694	0.758531874	0.686680268	0.758531874	0.205466391	0.661016949	0.041205913	0.423501302	0.424522035	0.440812789	0.413741037	0.022478168	0.37540281	0.42903752	0.358688683	0.094992653	0.013588499	0.012369852	0.001266583	0.002040989	0.046814214	0.010495575	0.004113888	0.502795911	0.283848714	0.009269192	0.009249875	0.021705581	0.000180873	0.000160567	4.28556E-07	0.015304629	0.065569079	0.055182176	0.001075761	0.249505734	0.069782782	0.037001874	0.065508962	0.282123991	0.017553397	0.000156707	0.000207487	0.047975078	0.071106461	0.258123589	8.79634E-06	0.005832688	0.000846152	0.000596786	0.051125945	0.021513117	0.048278167	0.108977263
Design 3	0.16682761	0.235350934	0.2319202	0.11299632	0.324242424	0.681892333	0.525423729	0.85915493	0.761904762	0	1	1	0.206161038	0.110751518	0.103889062	3.75276E-05	0.097489862	1.80579E-06	0.0244548	0.511991341	0.291962333	0.236282811	0.474576271	0.54904946	0.45095054	0.235350934	0.213057418	0.235350934	0.205466391	0.525423729	0.065647018	0.521986752	0.091683903	0.018164275	0.017663455	0.113272753	0.24729909	0.624271346	0.088514096	0.062630135	0.004779467	0.077636233	0.006267276	0.022182947	0.202857143	0.051892993	0.003184814	0.172588616	0.089021282	0.029046292	0.033848336	0.076765802	8.46491E-05	5.27615E-05	1.40821E-07	0.009778721	0.148686792	0.095562322	0.000483605	0.352158358	0.135577212	0.095520374	0.148632022	0.502671889	0.091751725	0.000513156	0.000135054	0.084686226	0.102338223	0.396812839	2.43034E-05	0.010783435	0.000513742	0.000485214	0.043552256	0.016545779	0.106452184	0.09431625
Design 3	0.070793608	0.484867997	0.973067332	0.078633605	0.742424242	0.632952692	0.694915254	0.85915493	0.761904762	0	1	1	0.232256589	0.071048546	0.058768491	6.85011E-07	0.001174702	6.1169E-08	0.894324254	0.422466476	0.193868072	0.206831176	0.305084746	0.534864222	0.465135778	0.484867997	0.438939085	0.484867997	0.205466391	0.694915254	0.03606609	0.476325316	0.26130652	0.127594035	0.118892547	0.048138847	0.414832841	0.466578389	0.203326525	0.074184683	0.000689636	0.170356647	0.345385325	0.146878964	0.089682425	0.040074762	0.000982472	0.354687697	0.168745417	0.509134559	0.421336677	0.442059766	4.42801E-06	1.20439E-05	0.000256736	9.72828E-05	0.00582065	0.917442151	0.000101035	0.550234802	0.489906071	0.308996666	0.381354699	0.409326639	0.037330145	0.00011162	2.17098E-05	0.033876707	0.0787813	0.263475908	3.64546E-06	0.004981805	6.58473E-05	0.000110486	0.019660107	0.003361664	0.068172044	0.38280063
Design 3	0.049828438	0.694140373	0.224937656	0.081697549	0.251515152	0.437194127	0.322033898	0.85915493	0.761904762	0	1	1	0.099623515	0.080392703	0.077174502	2.56226E-05	0.088927668	2.11927E-06	0.006012775	0.431089398	0.179129971	0.186061452	0.677966102	0.329040537	0.670959463	0.694140373	0.628388225	0.694140373	0.205466391	0.322033898	0.123709243	0.511690546	0.489439543	0.270899271	0.322157679	0.033286425	0.117789961	0.410876634	0.270490148	0.071800359	0.005416465	0.02774414	0.006875696	0.008050543	0.073706605	0.024774227	0.004311384	0.567691505	0.244702252	0.031033634	0.041101976	0.066477894	8.08435E-05	3.65856E-05	9.76475E-08	0.005595741	0.146715356	0.106994669	0.000452394	0.296494782	0.117697498	0.099523346	0.146660459	0.681092236	0.032940011	0.000378518	0.000279388	0.058645392	0.115696835	0.310558924	1.78255E-05	0.008997344	0.000637168	0.000545252	0.052628195	0.017671549	0.089953323	0.199224486
Design 3	0.034408894	0.758531874	0.49127182	0.031976329	0.127939394	0.151712887	0.593220339	0.85915493	0.761904762	0	1	1	0.062743811	0.032267583	0.03227796	4.64063E-06	0.009235158	4.14945E-07	0.0546981	0.356659753	0.158678157	0.122982981	0.406779661	0.381543161	0.618456839	0.758531874	0.686680268	0.758531874	0.205466391	0.593220339	0.052541909	0.430216219	0.323658259	0.321200095	0.413741037	0.017134812	0.306021615	0.155933982	0.353025061	0.055564157	0.0017011	0.056210401	0.062886581	0.02615545	0.048274036	0.038835072	0.003305054	0.768200283	0.3182228	0.150813798	0.153125947	0.222813942	2.32795E-05	2.05518E-05	5.4853E-08	0.005145774	0.173284679	0.106845029	0.000289407	0.28337673	0.18137383	0.12468594	0.173231492	0.481075539	0.018366137	0.000261804	0.000129404	0.044153941	0.125281032	0.253228908	1.00727E-05	0.009579968	0.000303517	0.000359449	0.044585839	0.010781467	0.091452657	0.271191483
Design 3	0.107313581	0.05022537	0.087281796	0.061452247	0.151515152	0.42903752	0.491525424	0.85915493	0.761904762	0	1	1	0.099275883	0.061432983	0.06095438	0.000567722	0.778021033	1.20435E-06	0.018323719	0.124228322	0.05586432	0.01036041	0.508474576	0.414766252	0.585233748	0.05022537	0.045467794	0.05022537	0.205466391	0.491525424	0.073043801	0.10767637	0.000112094	0.0005376	0.000635999	0.003430993	0.221317371	0.42903752	0.139228366	0.168507501	0.026598302	0.089859945	0.000353451	0.002055556	0.03153346	0.012959788	0.000551896	0.015700461	0.007103521	0.003724655	0.003677859	0.009159428	0.000322084	0.000291359	7.77641E-07	0.009574133	0.03293177	0.046264718	0.000539291	0.159259247	0.035384125	0.020165373	0.032869553	0.332206902	0.003395638	0.000114146	1.69428E-05	0.04814634	0.02798306	0.11935653	7.33598E-06	0.001922261	0.00046908	0.000193644	0.012752181	0.011558877	0.033602295	0.312749856
Design 3	0.033597339	0.774629749	0.092269327	0.248973385	0.121212121	0.143556281	0.322033898	0.85915493	0.761904762	0	1	1	0.25126818	0.249285424	0.249855563	0.000324487	0.156843316	1.84324E-06	0.006012775	0.357325968	0.190930066	0.176998203	0.677966102	0.602693271	0.397306729	0.774629749	0.701253279	0.774629749	0.205466391	0.322033898	0.123709243	0.432342609	0.486699519	0.485758338	0.439070139	0.024284956	0.117789961	0.148911629	0.358688683	0.054683869	0.011667451	0.009836239	0.003855571	0.004192146	0.047768019	0.003982389	0.002154288	0.797660947	0.472160347	0.020529569	0.027241811	0.02628553	0.000107276	4.95861E-05	1.32346E-07	0.013619484	0.152148396	0.080789595	0.000369278	0.351126082	0.121827221	0.101406461	0.152093849	0.664392801	0.018263101	4.8416E-05	0.000106313	0.018790156	0.047718494	0.237677417	2.60166E-06	0.002433017	0.000464057	0.000303688	0.0338213	0.012272576	0.027556901	0.319040901
Design 3	0.14924392	0.207984546	0.798004988	0.093100075	0.148484848	0.445350734	0.661016949	0.85915493	0.761904762	0	1	1	0.19329094	0.093110061	0.09247852	1.20021E-06	0.001356626	3.69523E-08	0.503006387	0.421399545	0.254310562	0.1544973	0.338983051	0.61183474	0.38816526	0.207984546	0.188283299	0.207984546	0.205466391	0.661016949	0.041205913	0.423501302	0.03998085	0.013057444	0.012978803	0.067111757	0.37540281	0.446183541	0.099781884	0.060393174	0.000813551	0.293339287	0.313593344	0.254209492	0.150042519	0.042887234	0.000518386	0.154518753	0.082524577	0.475201164	0.405129085	0.397828669	5.16891E-06	1.16405E-05	3.10686E-08	0.008889655	0.435756118	0.174224527	6.80273E-05	0.625870685	0.543336192	0.353181311	0.435719817	0.433756901	0.055578056	9.4979E-05	9.07213E-06	0.035042924	0.059290654	0.275409115	3.13024E-06	0.003746167	3.40352E-05	6.48591E-05	0.012143428	0.002076823	0.062794038	0.356159392
Design 3	0.073498791	0.356084997	0.197007481	0.079680776	0	0.256117455	0.288135593	0.85915493	0.761904762	0	1	1	0.060495638	0.081594648	0.085291952	3.38692E-05	0.085191504	1.15566E-06	0.004891294	0.339462493	0.163564516	0.090521017	0.711864407	0.316635128	0.683364872	0.356084997	0.322354999	0.356084997	0.205466391	0.288135593	0.138249677	0.36754366	0.051267583	0.039891129	0.051648433	0.021716371	0.101351761	0.289945909	0.196858219	0.067272819	0.006004714	0.045827113	0.007178959	0.010525436	0.071885801	0.021749912	0.00224286	0.263966624	0.113699433	0.032005309	0.043234114	0.05893762	7.91216E-05	3.39368E-05	9.05778E-08	0.005275599	0.148806873	0.108492195	0.00030718	0.291807321	0.117041029	0.101928302	0.148752111	0.71308796	0.023395958	0.00026087	0.000119647	0.050239603	0.086099266	0.257898228	1.22943E-05	0.005780856	0.000445849	0.000341383	0.034731101	0.012724993	0.074294436	0.327497997
Design 3	0.074851383	0.339987122	0.142144638	0.133590679	0.454545455	0.143556281	0.118644068	0.85915493	0.761904762	0	1	1	0.096263075	0.129672466	0.116841338	3.84291E-05	0.080924087	1.17073E-06	0.001385057	0.332189674	0.184046591	0.092822923	0.881355932	0.184072019	0.815927981	0.339987122	0.307781988	0.339987122	0.205466391	0.118644068	0.275552038	0.357471284	0.047183351	0.038150631	0.045686112	0.022590632	0.034697236	0.095358149	0.193762673	0.041791483	0.00648213	0.034578551	0.007559126	0.010048278	0.071014676	0.015383797	0.002119177	0.346930302	0.139449079	0.033206993	0.049435354	0.053847779	7.71044E-05	2.53007E-05	6.75278E-08	0.003942938	0.165659533	0.124899071	0.000249734	0.291508274	0.118230355	0.118299039	0.165605855	0.877191288	0.022512321	0.000364119	0.000219993	0.04112962	0.088450483	0.253116027	1.70057E-05	0.004702094	0.000462473	0.000313866	0.033456011	0.011906862	0.075348129	0.309918151
Design 3	0.034273635	0.154861558	0.441396509	0.010838993	0.13030303	0.412724307	0.627118644	0.85915493	0.761904762	0	1	1	0.026342756	0.011106364	0.011107161	6.73393E-06	0.079226686	7.12591E-08	0.111688521	0.094063284	0.028676388	0.006842738	0.372881356	0.308028021	0.691971979	0.154861558	0.140192364	0.154861558	0.205466391	0.627118644	0.04668228	0.093351214	0.000287781	0.004544553	0.006386857	0.000965042	0.339240717	0.418359183	0.353957199	0.234541362	0.006719081	0.206191227	0.007721572	0.010060771	0.011350259	0.025612941	0.000415264	0.03076243	0.011703232	0.03371518	0.036649617	0.051598967	7.62861E-05	5.59784E-05	1.49407E-07	0.002607886	0.068367731	0.085267661	0.000194364	0.154504478	0.066791878	0.043156369	0.068307793	0.42866461	0.001126607	8.99105E-05	7.20475E-06	0.020462854	0.044220221	0.077429266	4.32744E-06	0.002506299	0.000184478	0.000106644	0.010181247	0.005639531	0.045335828	0.417124105
Design 3	0.304791952	0.098518995	0.291770574	0.233265823	0.015151515	0.510603589	0.050847458	0.85915493	0.761904762	0	1	1	0.035118525	0.234939624	0.244157944	2.37139E-06	0.018123594	2.55272E-07	0.000527671	0.50570046	0.316604104	0.133860447	0.949152542	0.164997697	0.835002303	0.098518995	0.089186826	0.098518995	0.205466391	0.050847458	0.441579031	0.464909957	0.012294699	0.001693662	0.002334317	0.111671415	0.013874647	0.552881289	0.042467843	0.048149135	0.00308518	0.190808578	0.033057752	0.128171052	0.316030027	0.034156842	0.000694797	0.084620205	0.034198829	0.095268822	0.137143451	0.124209438	3.48258E-05	9.87238E-06	2.63495E-08	0.002204838	0.447922691	0.336913829	8.03001E-05	0.616734112	0.330733526	0.349894859	0.447887173	0.950061154	0.127654951	0.000783464	0.000102558	0.042691563	0.074648883	0.359603089	3.18256E-05	0.003818811	0.0001691	0.000124023	0.01521502	0.005219885	0.101949401	0.357255171
Design 3	0.101903214	0.338377334	0.162094763	0.230550936	0.787878788	0.616639478	0.186440678	0.85915493	0.761904762	0	1	1	0.220251709	0.222338583	0.182082002	3.95995E-05	0.105786132	1.34772E-06	0.002487251	0.431851407	0.218571869	0.191911258	0.813559322	0.351321367	0.648678633	0.338377334	0.306324687	0.338377334	0.205466391	0.186440678	0.200699988	0.462895482	0.123732757	0.047482235	0.045116428	0.060006566	0.058583414	0.442519515	0.146297628	0.064459371	0.007211963	0.039556592	0.005770478	0.013663561	0.117468559	0.016399802	0.001958414	0.256724923	0.118289427	0.027382356	0.039409957	0.047413043	8.8171E-05	3.24888E-05	8.67131E-08	0.007212829	0.200462088	0.12355346	0.000274809	0.393700348	0.148004813	0.139781747	0.200410649	0.806238298	0.047464004	0.000268549	0.000138498	0.042999585	0.073618571	0.309140945	1.291E-05	0.004633077	0.000431695	0.000310121	0.031747733	0.012121643	0.069087932	0.32735062
Design 3	0.051857326	0.034127495	0.067331671	0.037406104	0.575757576	0.42903752	0.830508475	0.85915493	0.761904762	0	1	1	0.142536715	0.031965933	0.027653887	0.001923045	0.931379977	8.34103E-07	0.987689056	0.048468015	0.018695122	0.002350142	0.169491525	0.486004183	0.513995817	0.034127495	0.030894783	0.034127495	0.205466391	0.830508475	0.018168424	0.040751031	8.62809E-06	0.00031579	0.000334738	0.000455778	0.613457935	0.328868664	0.26227354	0.283496663	0.052174242	0.085052867	0.000105209	0.000549704	0.007709874	0.00679379	0.000232882	0.006131293	0.00269724	0.001567318	0.000921959	0.003759499	0.000550223	0.001417744	0.027498881	0.027343773	9.88385E-05	0.016084153	0.001041093	0.087995869	0.016504908	0.005084685	0.009108381	0.002232685	0.000410807	5.81574E-05	6.98016E-06	0.030069877	0.009725107	0.047862691	4.44469E-06	0.000710977	0.00046053	0.000135361	0.006291168	0.010415267	0.011022866	0.187178541
Design 3	0.009926987	0.613650998	0.110723192	0.056798155	0.142424242	0.437194127	0.118644068	0.85915493	0.761904762	0	1	1	0.027478353	0.056896608	0.056627332	7.79767E-05	0.637615193	2.05071E-06	0.001385057	0.153347936	0.038797364	0.022758026	0.881355932	0.116005497	0.883994503	0.613650998	0.555523171	0.613650998	0.205466391	0.118644068	0.275552038	0.183331102	0.018239378	0.162988742	0.228088089	0.001741165	0.034697236	0.439673016	0.659783112	0.200857059	0.024413795	0.01519782	0.000622074	0.000705644	0.011254894	0.004409898	0.001512937	0.184875771	0.07015834	0.005577816	0.007705757	0.01024072	0.000249972	0.000110586	2.95154E-07	0.001620368	0.056035743	0.117998836	0.000414062	0.173268059	0.043049223	0.040997631	0.055975012	0.815497906	0.00202725	0.0001464	0.000147168	0.027146199	0.054641508	0.114405952	8.81176E-06	0.001995421	0.000768445	0.000306788	0.026657741	0.014628645	0.036095527	0.332872848
Design 3	0.065924278	0.460721185	0.197007481	0.239750525	0.801515152	0.506525285	0.050847458	0.85915493	0.761904762	0	1	1	0.134639295	0.231360928	0.188773259	7.50126E-06	0.045787071	6.33905E-07	0.000527671	0.382253356	0.166468688	0.141820645	0.949152542	0.134292375	0.865707625	0.460721185	0.417079569	0.460721185	0.205466391	0.050847458	0.441579031	0.428447958	0.147522766	0.093287548	0.103395397	0.031243503	0.013874647	0.348781076	0.215997875	0.068507717	0.006076478	0.036066456	0.013331965	0.016256862	0.076526384	0.009853114	0.001274166	0.354796976	0.139541955	0.049802197	0.075443476	0.058119862	5.76309E-05	1.66275E-05	4.4379E-08	0.00262215	0.282254759	0.225647281	0.000151457	0.442714368	0.198016273	0.209249108	0.282208582	0.948417248	0.028817063	0.000343863	0.000214606	0.025540887	0.072254968	0.25304559	1.52502E-05	0.00273137	0.000318315	0.000191342	0.023661252	0.007884795	0.064050366	0.36622364
Design 3	0.09622233	0.357694784	0.790523691	0.114586468	0.818181818	0.469820555	0.288135593	0.85915493	0.761904762	0	1	1	0.186685938	0.106021281	0.085979042	5.37992E-07	0.000931868	4.72082E-08	0.004891294	0.429067227	0.224791259	0.181619536	0.711864407	0.317996743	0.682003257	0.357694784	0.3238123	0.357694784	0.205466391	0.288135593	0.138249677	0.463472965	0.129313309	0.051934173	0.052271649	0.054140336	0.101351761	0.315379884	0.154429751	0.052167503	0.000706341	0.182381828	0.399438158	0.19319385	0.112081134	0.034225056	0.000739839	0.319209852	0.137658665	0.564854632	0.580891468	0.435605629	3.36869E-06	3.24273E-06	8.6549E-09	0.005893161	0.531610791	0.204728173	4.33519E-05	0.600133479	0.54951023	0.486879183	0.531580656	0.732507335	0.045357028	0.000143953	2.6625E-05	0.030116159	0.07926587	0.269611511	4.63998E-06	0.003948659	5.47566E-05	8.16748E-05	0.015951909	0.002455351	0.073043759	0.477830664
Design 3	0.058620284	0.603992273	0.291770574	0.195955516	0.287878788	0.755301794	0.084745763	0.85915493	0.761904762	0	1	1	0.081233799	0.194151023	0.184284134	3.57332E-06	0.032893342	5.22659E-07	0.000931159	0.434969196	0.156244574	0.175052516	0.915254237	0.194311834	0.805688166	0.603992273	0.546779365	0.603992273	0.205466391	0.084745763	0.337888429	0.505915717	0.351341906	0.176471749	0.21821687	0.035272466	0.023932463	0.706127992	0.237954266	0.100587177	0.005167539	0.041360814	0.018476945	0.021014371	0.082205177	0.010965145	0.001218576	0.359326671	0.147253752	0.0628767	0.092072623	0.070194509	4.83977E-05	1.4747E-05	3.93598E-08	0.002885763	0.349767718	0.257923653	0.000139009	0.533450577	0.253868325	0.261688327	0.349725884	0.915669104	0.036295235	0.00023899	0.000137427	0.025689004	0.068731167	0.26825972	1.03236E-05	0.002814962	0.000267722	0.000178408	0.022930505	0.007234936	0.060164948	0.415513892
Design 3	0.081614341	0.150032196	0.591022444	0.03604866	0.115151515	0.265905383	0.288135593	0.85915493	0.761904762	0	1	1	0.034743855	0.036502308	0.036674436	1.31971E-06	0.006854733	2.82794E-08	0.004891294	0.191403332	0.085720936	0.023844382	0.711864407	0.210084131	0.789915869	0.150032196	0.135820461	0.150032196	0.205466391	0.288135593	0.138249677	0.1862409	0.001715624	0.004309076	0.005932393	0.00624588	0.101351761	0.273830831	0.17952316	0.10490787	0.002261206	0.28222186	0.082917007	0.061399872	0.041075487	0.028987261	0.000298523	0.068831718	0.026854528	0.183745588	0.217939001	0.170445181	1.92133E-05	9.73501E-06	2.59829E-08	0.002939258	0.250189222	0.163339273	4.73198E-05	0.333669731	0.224183686	0.198406111	0.250140983	0.731131179	0.007145714	0.000107748	8.84393E-06	0.026693887	0.054784709	0.141333774	4.06701E-06	0.00232295	6.84007E-05	5.08175E-05	0.00776484	0.002237154	0.056734311	0.510827808
Design 3	0.041036593	0.391500322	0.286783042	0.143829682	0.763636364	0.592169657	0.050847458	0.85915493	0.761904762	0	1	1	0.110801805	0.1359536	0.111995154	2.49571E-06	0.031435928	1.87631E-07	0.000527671	0.231173799	0.07864305	0.050687957	0.949152542	0.08896464	0.91103536	0.391500322	0.354415622	0.391500322	0.205466391	0.050847458	0.441579031	0.255404545	0.024152127	0.057259988	0.066541481	0.007936382	0.013874647	0.427680348	0.312425285	0.128074928	0.00637903	0.061088171	0.01931852	0.014331666	0.032795215	0.006826111	0.000419201	0.168747337	0.063956003	0.064909283	0.096541546	0.054880387	4.72348E-05	1.35129E-05	3.60662E-08	0.001721331	0.277923055	0.254296964	7.30199E-05	0.40846245	0.198586588	0.209985431	0.277876599	0.949269815	0.007673156	0.000150185	5.95878E-05	0.015621597	0.047730347	0.148800524	6.50735E-06	0.00105399	0.000173012	7.2491E-05	0.010258867	0.003730806	0.041061385	0.697030576
Design 3	0.022641347	0.459111397	0.142144638	0.078129412	0.151515152	0.42903752	0.118644068	0.85915493	0.761904762	0	1	1	0.037088438	0.078105129	0.07749664	3.84291E-05	0.320934303	1.00004E-06	0.001385057	0.177532996	0.052490627	0.027873954	0.881355932	0.140488317	0.859511683	0.459111397	0.415622268	0.459111397	0.205466391	0.118644068	0.275552038	0.202123917	0.014300842	0.074903108	0.102413051	0.003047605	0.034697236	0.42903752	0.456332045	0.167382556	0.016456787	0.026081964	0.001760886	0.001992734	0.018049756	0.005257213	0.000974738	0.156544443	0.060637264	0.011728943	0.017340361	0.017021803	0.000155327	5.7219E-05	1.52718E-07	0.002143583	0.098336178	0.136241966	0.000250682	0.234116448	0.07064033	0.069190373	0.098278168	0.850214731	0.003466721	0.000116626	8.11572E-05	0.024328402	0.047836192	0.128137888	6.41718E-06	0.001606244	0.000470437	0.000199487	0.019547876	0.009984614	0.034907681	0.417799318
Design 3	0.108666172	0.227301996	0.367082294	0.314673655	0.103030303	0.306688418	0.084745763	0.85915493	0.761904762	0	1	1	0.093848966	0.315198561	0.317850452	1.80634E-06	0.003516197	1.68594E-08	0.000931159	0.336564787	0.179714296	0.085329923	0.915254237	0.289593465	0.710406535	0.227301996	0.205770912	0.227301996	0.205466391	0.084745763	0.337888429	0.342922298	0.020924189	0.013449099	0.016185704	0.028191654	0.023932463	0.317961777	0.137554067	0.065344326	0.002846188	0.125941305	0.149851721	0.133486785	0.092915062	0.006737903	7.67615E-05	0.160753427	0.071963566	0.280415438	0.351596483	0.1351377	1.19728E-05	3.57135E-06	9.53199E-09	0.004317881	0.688049759	0.312252796	6.56063E-06	0.792751274	0.583337559	0.602435276	0.68802969	0.91823763	0.028237439	4.50263E-05	1.10129E-05	0.004336503	0.025713332	0.197250031	1.61138E-06	0.00037265	1.43466E-05	0	0.002314623	0	0.026823985	1
Design 3	0.050978141	0.678042498	0.457356608	0.266662814	0.285454545	0.4045677	0.016949153	0.85915493	0.761904762	0	1	1	0.049011818	0.264868065	0.251622414	2.88236E-07	0.002537875	6.43431E-08	0.000166637	0.430042452	0.173240565	0.164583346	0.983050847	0.084306691	0.915693309	0.678042498	0.613815214	0.678042498	0.205466391	0.016949153	0.673659193	0.508724791	0.412058978	0.226887616	0.301595785	0.029932772	0.004471341	0.371077338	0.265776258	0.067057367	0.002178625	0.058261421	0.196280525	0.085839961	0.074513549	0.006852847	0.000452992	0.581289514	0.221695924	0.340038016	0.430021358	0.176742127	9.2333E-06	1.82975E-06	4.88362E-09	0.001190725	0.729211878	0.564669945	2.47637E-05	0.786019904	0.612966157	0.664935159	0.729194457	0.984125162	0.033110245	0.000232931	0.000129041	0.006615459	0.059933017	0.23248441	8.05165E-06	0.001113905	7.62087E-05	4.3546E-05	0.010915757	0.001521988	0.051355255	0.614339453
Design 3	0.051857326	0.034127495	0.092269327	0.041284514	0.151515152	0.42903752	0.796610169	0.85915493	0.761904762	0	1	1	0.107387289	0.041271317	0.040949787	0.000778814	0.821548014	3.21636E-07	0.981557974	0.048468015	0.017954589	0.002179647	0.203389831	0.526091496	0.473908504	0.034127495	0.030894783	0.034127495	0.205466391	0.796610169	0.022301272	0.040751031	8.03595E-06	0.000290333	0.000334738	0.000424409	0.556694677	0.42903752	0.26227354	0.317945358	0.043030466	0.113895334	0.000279908	0.001028144	0.007709874	0.004237202	0	0.005183825	0.002476875	0.003152933	0.002316953	0.004861517	0.00035732	0.000591646	0.014092208	0.013934961	0.00020129	0.032223339	0.000509881	0.131278374	0.028440042	0.009950302	0.019644694	0.054415783	0.000410807	1.41371E-05	0	0.019054316	0	0.040069806	1.29977E-06	0	0.000228272	4.51056E-05	0	0.005217061	0	0.240625044
Design 3	0.069814737	0.439418867	0.49127182	0.046326447	0.151515152	0.42903752	0.457627119	0.85915493	0.761904762	0	1	1	0.071928858	0.046311733	0.045950935	3.60216E-06	0.015215435	4.26259E-07	0.014226222	0.38545719	0.167174232	0.124907157	0.542372881	0.34757256	0.65242744	0.439418867	0.397795103	0.439418867	0.364373113	0.457627119	0.08113481	0.429097071	0.1194366	0.072025444	0.09089482	0.028770086	0.197313863	0.42903752	0.20576327	0.076583509	0.002201918	0.094104065	0.039132095	0.03420748	0.080155436	0.045756403	0.002266189	0.306679802	0.128713356	0.107468103	0.122216177	0.174925323	3.14829E-05	1.98335E-05	5.2936E-08	0.004817604	0.207925899	0.131031144	0.000232172	0.340105306	0.194308374	0.149607604	0.20787494	0.585484268	0.030212629	0.000317514	8.72702E-05	0.054408098	0.109525551	0.277401242	1.27535E-05	0.008394537	0.000280926	0.000298099	0.034968024	0.009864361	0.096065709	0.336756873
Design 3	0.069814737	0.439418867	0.366583541	0.046326447	0.151515152	0.42903752	0.457627119	0.85915493	0.761904762	0	1	1	0.071928858	0.046311733	0.045950935	8.58293E-06	0.036879921	8.57547E-07	0.014226222	0.38545719	0.167174232	0.124907157	0.542372881	0.34757256	0.65242744	0.439418867	0.397795103	0.439418867	0.523279835	0.457627119	0.08113481	0.429097071	0.1194366	0.072025444	0.09089482	0.028770086	0.197313863	0.42903752	0.20576327	0.076583509	0.003208125	0.070209416	0.016508817	0.019240682	0.080155436	0.045756403	0.003103801	0.306679802	0.128713356	0.058016379	0.069021189	0.119173357	5.14394E-05	2.96015E-05	7.90068E-08	0.004968304	0.156565846	0.111657756	0.000344857	0.291624107	0.139840102	0.106904744	0.156511583	0.578510247	0.030212629	0.000415838	0.000137301	0.063846575	0.117980022	0.289980703	1.80535E-05	0.010005736	0.000424115	0.000416215	0.042845632	0.013624247	0.102888038	0.283994294
Design 3	0.069814737	0.439418867	0.241895262	0.046326447	0.151515152	0.42903752	0.457627119	0.85915493	0.761904762	0	1	1	0.071928858	0.046311733	0.045950935	2.90445E-05	0.124455784	2.22364E-06	0.014226222	0.38545719	0.167174232	0.124907157	0.542372881	0.34757256	0.65242744	0.439418867	0.397795103	0.439418867	0.682186556	0.457627119	0.08113481	0.429097071	0.1194366	0.072025444	0.09089482	0.028770086	0.197313863	0.42903752	0.20576327	0.076583509	0.005220541	0.046314766	0.004891458	0.008550112	0.080155436	0.045756403	0.004779026	0.306679802	0.128713356	0.024333406	0.029648713	0.069373162	9.56043E-05	5.38506E-05	1.43728E-07	0.005182336	0.100879881	0.089134163	0.000596121	0.234116448	0.087949158	0.065317509	0.100822035	0.550823557	0.030212629	0.000617514	0.000262859	0.079135779	0.130752913	0.308551168	2.98715E-05	0.012756288	0.000725341	0.0006489	0.056060465	0.020577838	0.113077483	0.161151198
Design 3	0.069814737	0.439418867	0.117206983	0.046326447	0.151515152	0.42903752	0.457627119	0.85915493	0.761904762	0	1	1	0.071928858	0.046311733	0.045950935	0.000232583	0.642610723	1.09878E-05	0.014226222	0.38545719	0.167174232	0.124907157	0.542372881	0.34757256	0.65242744	0.439418867	0.397795103	0.439418867	0.841093278	0.457627119	0.08113481	0.429097071	0.1194366	0.072025444	0.09089482	0.028770086	0.197313863	0.42903752	0.20576327	0.076583509	0.011257788	0.022420117	0.000611379	0.002135771	0.080155436	0.045756403	0.009804701	0.306679802	0.128713356	0.00550914	0.005987598	0.02748476	0.000251934	0.000186546	4.97892E-07	0.006314421	0.040744715	0.056914193	0.001644164	0.159171008	0.039783128	0.024884702	0.040683	0.402480564	0.030212629	0.001362653	0.000891234	0.11176415	0.155136749	0.342721132	7.91652E-05	0.019142264	0.00170669	0.001329967	0.085889682	0.038948793	0.132176965	0.045521466
Design 3	0.069814737	0.439418867	0.017456359	0.046326447	0.151515152	0.42903752	0.457627119	0.85915493	0.761904762	0	1	1	0.071928858	0.046311733	0.045950935	0.029076892	0.996837436	0.002611072	0.014226222	0.38545719	0.167174232	0.124907157	0.542372881	0.34757256	0.65242744	0.439418867	0.397795103	0.439418867	1	0.457627119	0.08113481	0.429097071	0.1194366	0.072025444	0.09089482	0.028770086	0.197313863	0.42903752	0.20576327	0.076583509	0.059555761	0.003304398	4.83011E-06	8.31811E-05	0.080155436	0.045756403	0.050010101	0.306679802	0.128713356	7.07097E-05	6.83629E-05	0.003147294	0.012540885	0.011788947	3.14648E-05	0.068542494	0.002345599	0.006998464	0.029270873	0.059152988	0.002507036	0.001396464	0.002281414	0.314777525	0.030212629	0.006320526	0.011247114	0.233530677	0.226664799	0.435387771	0.001378562	0.047819475	0.027515414	0.01858731	0.211774943	0.149036922	0.186057807	0.00379583
Design 4	0.107648725	0.064713458	0.105735661	0.056798155	0.327272727	0.42903752	0.389830508	0.85915493	1	0	1	1	0.094656244	0.054531489	0.051065531	0.000266306	0.663533881	1.21318E-06	0.009095243	0.143143756	0.061484762	0.012438453	0.610169492	0.317045195	0.682954805	0.064713458	0.068638881	0.064713458	0.160495789	0.389830508	0.099959617	0.126995115	0.000225253	0.000932285	0.001117222	0.004119954	0.154547848	0.384322662	0.138810198	0.149628965	0.020148236	0.093413003	0.000567689	0.002807943	0.036591635	0.018310589	0.000809547	0.022664174	0.009511472	0.005224953	0.005922606	0.013130478	0.00026049	0.000176506	4.71097E-07	0.006072048	0.041953047	0.058209553	0.000464134	0.159726026	0.039275168	0.026664066	0.04189141	0.469936141	0.004117722	0.000168634	2.62082E-05	0.054585118	0.042754647	0.137750437	1.01827E-05	0.002933485	0.000510674	0.000182131	0.017059943	0.012672647	0.049252459	0.318693003
Design 4	0.150141643	0.064713458	0.105735661	0.056798155	0.327272727	0.42903752	0.389830508	0.85915493	1	0	1	1	0.094656244	0.054531489	0.051065531	0.000266306	0.663533881	2.1859E-06	0.009095243	0.198284167	0.096270756	0.022259464	0.610169492	0.317045195	0.682954805	0.064713458	0.068638881	0.064713458	0.160495789	0.389830508	0.099959617	0.175514843	0.000534191	0.000932285	0.001117222	0.009781315	0.154547848	0.384322662	0.099150141	0.110865449	0.016079516	0.093413003	0.000567689	0.003744705	0.065733172	0.033596843	0.001631033	0.030746832	0.012876638	0.005224953	0.005922606	0.017532725	0.00026049	0.000176506	4.71097E-07	0.006072048	0.041953047	0.058209553	0.000635527	0.159726026	0.039275168	0.026664066	0.04189141	0.469936141	0.009779096	0.000420577	6.70302E-05	0.080441797	0.06808252	0.198297918	2.485E-05	0.005996013	0.00070987	0.000315535	0.028064469	0.01787916	0.079855062	0.084370137
Design 4	0.192634561	0.064713458	0.105735661	0.056798155	0.327272727	0.42903752	0.389830508	0.85915493	1	0	1	1	0.094656244	0.054531489	0.051065531	0.000266306	0.663533881	3.43653E-06	0.009095243	0.253424578	0.135727709	0.034886477	0.610169492	0.317045195	0.682954805	0.064713458	0.068638881	0.064713458	0.160495789	0.389830508	0.099959617	0.224034572	0.001043522	0.000932285	0.001117222	0.019114911	0.154547848	0.384322662	0.075354108	0.086058917	0.013475758	0.093413003	0.000567689	0.004681467	0.103200863	0.053250599	0.002687229	0.038829491	0.016241804	0.005224953	0.005922606	0.021934972	0.00026049	0.000176506	4.71097E-07	0.006072048	0.041953047	0.058209553	0.00080692	0.159726026	0.039275168	0.026664066	0.04189141	0.469936141	0.019112713	0.000835941	0.000134331	0.106298476	0.093410392	0.2588454	4.9031E-05	0.009933549	0.000909066	0.000465151	0.039068995	0.022945436	0.110457665	0.053221206
Design 4	0.235127479	0.064713458	0.105735661	0.056798155	0.327272727	0.42903752	0.389830508	0.85915493	1	0	1	1	0.094656244	0.054531489	0.051065531	0.000266306	0.663533881	4.96508E-06	0.009095243	0.308564989	0.179356462	0.050319493	0.610169492	0.317045195	0.682954805	0.064713458	0.068638881	0.064713458	0.160495789	0.389830508	0.099959617	0.2725543	0.001803343	0.000932285	0.001117222	0.0330388	0.154547848	0.384322662	0.059490085	0.068656198	0.011649123	0.093413003	0.000567689	0.005618229	0.148994707	0.077271855	0.003978135	0.046912149	0.01960697	0.005224953	0.005922606	0.026337219	0.00026049	0.000176506	4.71097E-07	0.006072048	0.041953047	0.058209553	0.000978313	0.159726026	0.039275168	0.026664066	0.04189141	0.469936141	0.033036633	0.001455583	0.000234731	0.132155155	0.118738264	0.319392881	8.51045E-05	0.014746094	0.001108262	0.000629097	0.05007352	0.027902689	0.141060267	0.043135913
Design 4	0.277620397	0.064713458	0.105735661	0.056798155	0.327272727	0.42903752	0.389830508	0.85915493	1	0	1	1	0.094656244	0.054531489	0.051065531	0.000266306	0.663533881	6.77156E-06	0.009095243	0.363705401	0.22679057	0.068558512	0.610169492	0.317045195	0.682954805	0.064713458	0.068638881	0.064713458	0.160495789	0.389830508	0.099959617	0.321074028	0.002863753	0.000932285	0.001117222	0.052471041	0.154547848	0.384322662	0.04815864	0.055689481	0.010288103	0.093413003	0.000567689	0.006554991	0.203114705	0.105660613	0.005503752	0.054994808	0.022972136	0.005224953	0.005922606	0.030739467	0.00026049	0.000176506	4.71097E-07	0.006072048	0.041953047	0.058209553	0.001149706	0.159726026	0.039275168	0.026664066	0.04189141	0.469936141	0.052468917	0.002320357	0.00037485	0.158011834	0.144066136	0.379940363	0.000135449	0.020433646	0.001307458	0.000806009	0.061078046	0.032771076	0.17166287	0.038270049
Design 4	0.320113314	0.064713458	0.105735661	0.056798155	0.327272727	0.42903752	0.389830508	0.85915493	1	0	1	1	0.094656244	0.054531489	0.051065531	0.000266306	0.663533881	8.85595E-06	0.009095243	0.418845812	0.277746109	0.089603534	0.610169492	0.317045195	0.682954805	0.064713458	0.068638881	0.064713458	0.160495789	0.389830508	0.099959617	0.369593757	0.00427485	0.000932285	0.001117222	0.078329692	0.154547848	0.384322662	0.039660057	0.045607274	0.009229848	0.093413003	0.000567689	0.007491753	0.265560857	0.138416871	0.007264078	0.063077466	0.026337302	0.005224953	0.005922606	0.035141714	0.00026049	0.000176506	4.71097E-07	0.006072048	0.041953047	0.058209553	0.001321099	0.159726026	0.039275168	0.026664066	0.04189141	0.469936141	0.078327626	0.00347112	0.000561307	0.183868512	0.169394009	0.440487845	0.000202442	0.026996207	0.001506653	0.000994834	0.072082572	0.03756466	0.202265473	0.035926137
Design 4	0.362606232	0.064713458	0.105735661	0.056798155	0.327272727	0.42903752	0.389830508	0.85915493	1	0	1	1	0.094656244	0.054531489	0.051065531	0.000266306	0.663533881	1.12183E-05	0.009095243	0.473986223	0.331994651	0.113454559	0.610169492	0.317045195	0.682954805	0.064713458	0.068638881	0.064713458	0.160495789	0.389830508	0.099959617	0.418113485	0.006086732	0.000932285	0.001117222	0.111532811	0.154547848	0.384322662	0.033050047	0.037514722	0.008380433	0.093413003	0.000567689	0.008428515	0.336333162	0.175540631	0.009259115	0.071160125	0.029702468	0.005224953	0.005922606	0.039543961	0.00026049	0.000176506	4.71097E-07	0.006072048	0.041953047	0.058209553	0.001492492	0.159726026	0.039275168	0.026664066	0.04189141	0.469936141	0.11153082	0.004948728	0.000800722	0.209725191	0.194721881	0.501035326	0.000288464	0.034433775	0.001705849	0.001194733	0.083087097	0.042293789	0.232868075	0.035064661
Design 4	0.40509915	0.064713458	0.105735661	0.056798155	0.327272727	0.42903752	0.389830508	0.85915493	1	0	1	1	0.094656244	0.054531489	0.051065531	0.000266306	0.663533881	1.38585E-05	0.009095243	0.529126634	0.389347225	0.140111587	0.610169492	0.317045195	0.682954805	0.064713458	0.068638881	0.064713458	0.160495789	0.389830508	0.099959617	0.466633213	0.008349497	0.000932285	0.001117222	0.152998459	0.154547848	0.384322662	0.02776204	0.030857222	0.007681644	0.093413003	0.000567689	0.009365278	0.415431621	0.217031892	0.011488862	0.079242783	0.033067634	0.005224953	0.005922606	0.043946208	0.00026049	0.000176506	4.71097E-07	0.006072048	0.041953047	0.058209553	0.001663886	0.159726026	0.039275168	0.026664066	0.04189141	0.469936141	0.152996561	0.006794034	0.001099715	0.23558187	0.220049753	0.561582808	0.000395891	0.042746352	0.001905045	0.001405014	0.094091623	0.046966386	0.263470678	0.035133817
Design 4	0.54674221	0.064713458	0.105735661	0.056798155	0.327272727	0.42903752	0.389830508	0.85915493	1	0	1	1	0.094656244	0.054531489	0.051065531	0.000266306	0.663533881	2.46664E-05	0.009095243	0.712928005	0.601048038	0.249233924	0.610169492	0.317045195	0.682954805	0.064713458	0.068638881	0.064713458	0.160495789	0.389830508	0.099959617	0.628365641	0.019791659	0.000932285	0.001117222	0.362678513	0.154547848	0.384322662	0.015864023	0.015144042	0.006032348	0.093413003	0.000567689	0.012487818	0.73922648	0.38687916	0.020616481	0.106184978	0.044284854	0.005224953	0.005922606	0.058620365	0.00026049	0.000176506	4.71097E-07	0.006072048	0.041953047	0.058209553	0.002235196	0.159726026	0.039275168	0.026664066	0.04189141	0.469936141	0.362677085	0.016125228	0.002611638	0.3217708	0.304475994	0.763407747	0.000939121	0.076774443	0.002569031	0.00217407	0.130773375	0.062205329	0.365479353	0.038478886
Design 5	0.054617564	0.207984546	0.105735661	0.056798155	0.327272727	0.42903752	0.389830508	0.85915493	0	0	0	1	0.094656244	0.054531489	0.051065531	0.000266306	0.663533881	2.19906E-06	0.009095243	0.173084885	0.080810297	0.036339457	0.610169492	0.317045195	0.682954805	0.207984546	0.114602157	0.207984546	0.093278246	0.389830508	0.099959617	0.176088642	0.002826724	0.007326025	0.00880028	0.00696814	0.154547848	0.384322662	0.251814195	0.125087838	0.017572335	0.039963695	0.000567689	0.001638864	0.028385042	0.014005804	0.001642152	0.072667543	0.030330072	0.005224953	0.005922606	0.015653002	0.00026049	0.000176506	4.71097E-07	0.006072048	0.041953047	0.058209553	0.000637554	0.159726026	0.039275168	0.026664066	0.04189141	0.469936141	0.006965915	0.000295385	0.000111659	0.051486845	0.05650763	0.153571197	1.75617E-05	0.00384607	0.000712226	0.000917266	0.028194609	0.016748717	0.050616433	0.270883111
Design 5	0.079433428	0.207984546	0.105735661	0.056798155	0.327272727	0.42903752	0.389830508	0.85915493	0	0	0	1	0.094656244	0.054531489	0.051065531	0.000266306	0.663533881	3.93857E-06	0.009095243	0.238205673	0.126024363	0.064750137	0.610169492	0.317045195	0.682954805	0.207984546	0.114602157	0.207984546	0.093278246	0.389830508	0.099959617	0.240972879	0.006700642	0.007326025	0.00880028	0.016532572	0.154547848	0.384322662	0.183903139	0.091087082	0.014003527	0.039963695	0.000567689	0.002185933	0.051143674	0.025943892	0.00311122	0.097417991	0.040634772	0.005224953	0.005922606	0.020896091	0.00026049	0.000176506	4.71097E-07	0.006072048	0.041953047	0.058209553	0.000866753	0.159726026	0.039275168	0.026664066	0.04189141	0.469936141	0.016530368	0.000721021	0.00026958	0.076310767	0.086419829	0.219392266	4.23408E-05	0.007618387	0.000978605	0.001432792	0.04291069	0.023147661	0.081673693	0.065207333
Design 5	0.104249292	0.207984546	0.105735661	0.056798155	0.327272727	0.42903752	0.389830508	0.85915493	0	0	0	1	0.094656244	0.054531489	0.051065531	0.000266306	0.663533881	6.17509E-06	0.009095243	0.30332646	0.177309639	0.101278154	0.610169492	0.317045195	0.682954805	0.207984546	0.114602157	0.207984546	0.093278246	0.389830508	0.099959617	0.305857116	0.013087371	0.007326025	0.00880028	0.03230096	0.154547848	0.384322662	0.143156506	0.069328455	0.011719685	0.039963695	0.000567689	0.002733002	0.080404772	0.041292862	0.005000021	0.122168439	0.050939471	0.005224953	0.005922606	0.026139179	0.00026049	0.000176506	4.71097E-07	0.006072048	0.041953047	0.058209553	0.001095953	0.159726026	0.039275168	0.026664066	0.04189141	0.469936141	0.032298792	0.001422747	0.000529936	0.101134688	0.116332029	0.285213334	8.31929E-05	0.012468509	0.001244985	0.002010964	0.057626771	0.029374248	0.112730954	0.039874298
Design 5	0.129065156	0.207984546	0.105735661	0.056798155	0.327272727	0.42903752	0.389830508	0.85915493	0	0	0	1	0.094656244	0.054531489	0.051065531	0.000266306	0.663533881	8.90861E-06	0.009095243	0.368447248	0.234017329	0.145923508	0.610169492	0.317045195	0.682954805	0.207984546	0.114602157	0.207984546	0.093278246	0.389830508	0.099959617	0.370741354	0.022615115	0.007326025	0.00880028	0.055824294	0.154547848	0.384322662	0.115992083	0.054063957	0.010117484	0.039963695	0.000567689	0.003280071	0.116168336	0.060052714	0.007308555	0.146918887	0.06124417	0.005224953	0.005922606	0.031382268	0.00026049	0.000176506	4.71097E-07	0.006072048	0.041953047	0.058209553	0.001325153	0.159726026	0.039275168	0.026664066	0.04189141	0.469936141	0.055822178	0.002469584	0.000918336	0.12595861	0.146244229	0.351034403	0.000144136	0.018396436	0.001511365	0.002644519	0.072342853	0.035466843	0.143788214	0.03192031
Design 5	0.15388102	0.207984546	0.105735661	0.056798155	0.327272727	0.42903752	0.389830508	0.85915493	0	0	0	1	0.094656244	0.054531489	0.051065531	0.000266306	0.663533881	1.21391E-05	0.009095243	0.433568035	0.295671135	0.198686199	0.610169492	0.317045195	0.682954805	0.207984546	0.114602157	0.207984546	0.093278246	0.389830508	0.099959617	0.435625591	0.035912075	0.007326025	0.00880028	0.088653561	0.154547848	0.384322662	0.096588925	0.042690422	0.008923688	0.039963695	0.000567689	0.00382714	0.158434367	0.082223448	0.010036823	0.171669336	0.07154887	0.005224953	0.005922606	0.036625356	0.00026049	0.000176506	4.71097E-07	0.006072048	0.041953047	0.058209553	0.001554353	0.159726026	0.039275168	0.026664066	0.04189141	0.469936141	0.088651518	0.003930554	0.001460389	0.150782531	0.176156428	0.416855471	0.000229189	0.025402168	0.001777745	0.003328174	0.087058934	0.041450221	0.174845474	0.02787774
Design 5	0.178696884	0.207984546	0.105735661	0.056798155	0.327272727	0.42903752	0.389830508	0.85915493	0	0	0	1	0.094656244	0.054531489	0.051065531	0.000266306	0.663533881	1.58667E-05	0.009095243	0.498688823	0.361902019	0.259566227	0.610169492	0.317045195	0.682954805	0.207984546	0.114602157	0.207984546	0.093278246	0.389830508	0.099959617	0.500509828	0.053606456	0.007326025	0.00880028	0.132339751	0.154547848	0.384322662	0.082036555	0.033846987	0.007995458	0.039963695	0.000567689	0.004374209	0.207202863	0.107805064	0.013184825	0.196419784	0.081853569	0.005224953	0.005922606	0.041868444	0.00026049	0.000176506	4.71097E-07	0.006072048	0.041953047	0.058209553	0.001783553	0.159726026	0.039275168	0.026664066	0.04189141	0.469936141	0.132337806	0.005874679	0.002181704	0.175606452	0.206068628	0.48267654	0.000342369	0.033485705	0.002044124	0.004057867	0.101775015	0.047341663	0.205902735	0.025696977
Design 5	0.203512748	0.207984546	0.105735661	0.056798155	0.327272727	0.42903752	0.389830508	0.85915493	0	0	0	1	0.094656244	0.054531489	0.051065531	0.000266306	0.663533881	2.00912E-05	0.009095243	0.56380961	0.432413076	0.328563592	0.610169492	0.317045195	0.682954805	0.207984546	0.114602157	0.207984546	0.093278246	0.389830508	0.099959617	0.565394065	0.07632646	0.007326025	0.00880028	0.188433853	0.154547848	0.384322662	0.070718046	0.026748743	0.007250407	0.039963695	0.000567689	0.004921278	0.262473826	0.136797563	0.01675256	0.221170232	0.092158268	0.005224953	0.005922606	0.047111533	0.00026049	0.000176506	4.71097E-07	0.006072048	0.041953047	0.058209553	0.002012753	0.159726026	0.039275168	0.026664066	0.04189141	0.469936141	0.188432034	0.008370982	0.00310789	0.200430374	0.235980828	0.548497608	0.000487696	0.042647046	0.002310504	0.004830354	0.116491096	0.053153889	0.236959995	0.024632929
Design 5	0.228328612	0.207984546	0.105735661	0.056798155	0.327272727	0.42903752	0.389830508	0.85915493	0	0	0	1	0.094656244	0.054531489	0.051065531	0.000266306	0.663533881	2.48127E-05	0.009095243	0.628930398	0.506958685	0.405678295	0.610169492	0.317045195	0.682954805	0.207984546	0.114602157	0.207984546	0.093278246	0.389830508	0.099959617	0.630278303	0.10470029	0.007326025	0.00880028	0.258486856	0.154547848	0.384322662	0.061663239	0.02090923	0.006637477	0.039963695	0.000567689	0.005468347	0.324247255	0.169200944	0.020740028	0.24592068	0.102462968	0.005224953	0.005922606	0.052354621	0.00026049	0.000176506	4.71097E-07	0.006072048	0.041953047	0.058209553	0.002241952	0.159726026	0.039275168	0.026664066	0.04189141	0.469936141	0.258485194	0.011488485	0.004264554	0.225254295	0.265893027	0.614318677	0.000669186	0.052886192	0.002576884	0.005642964	0.131207177	0.058896634	0.268017256	0.024296334
Design 5	0.015580737	0.207984546	0.038703242	0.056798155	0.327272727	0.42903752	0.118644068	0.85915493	0	0	0	1	0.050097588	0.054531489	0.051065531	0.001307816	0.974818685	3.8911E-06	0.001385057	0.070646021	0.023186061	0.007301114	0.881355932	0.109310629	0.890689371	0.207984546	0.114602157	0.207984546	0.093278246	0.118644068	0.275552038	0.074021885	0.000275509	0.00663358	0.00880028	0.000669369	0.034697236	0.384322662	0.551274787	0.255778695	0.07788977	0.015429344	3.84787E-05	0.000127559	0.005743973	0.002129384	0.000800891	0.033733619	0.012742247	0.000764163	0.000663718	0.002187199	0.000853432	0.000997744	2.66299E-06	0.002153195	0.011531486	0.061073044	0.00061982	0.094152775	0.014041704	0.012995938	0.011467892	0.779599606	0.000737511	0.000146308	0.000101379	0.027719084	0.026347602	0.061974288	1.14358E-05	0.00079275	0.001119297	0.000719065	0.016924375	0.017522751	0.01840929	0.263339846
Design 5	0.050991501	0.207984546	0.038703242	0.056798155	0.327272727	0.42903752	0.118644068	0.85915493	0	0	0	1	0.050097588	0.054531489	0.051065531	0.001307816	0.974818685	1.56768E-05	0.001385057	0.163569519	0.071031376	0.029770134	0.881355932	0.109310629	0.890689371	0.207984546	0.114602157	0.207984546	0.093278246	0.118644068	0.275552038	0.16660784	0.002205396	0.00663358	0.00880028	0.005434126	0.034697236	0.384322662	0.265722379	0.131773206	0.045982445	0.015429344	3.84787E-05	0.000257462	0.025604062	0.012547035	0.003943509	0.069051039	0.026068521	0.000764163	0.000663718	0.004450661	0.000853432	0.000997744	2.66299E-06	0.002153195	0.011531486	0.061073044	0.001289686	0.094152775	0.014041704	0.012995938	0.011467892	0.779599606	0.00599495	0.001276975	0.000836095	0.078423086	0.085924174	0.167840585	9.51288E-05	0.006183155	0.002325508	0.002101137	0.049802385	0.036903254	0.07937393	0.112884807
Design 5	0.105949009	0.207984546	0.038703242	0.056798155	0.327272727	0.42903752	0.118644068	0.85915493	0	0	0	1	0.050097588	0.054531489	0.051065531	0.001307816	0.974818685	4.95279E-05	0.001385057	0.307786788	0.172193215	0.094306433	0.881355932	0.109310629	0.890689371	0.207984546	0.114602157	0.207984546	0.093278246	0.118644068	0.275552038	0.310301242	0.012355095	0.00663358	0.00880028	0.030493023	0.034697236	0.384322662	0.140953985	0.068115892	0.029603052	0.015429344	3.84787E-05	0.000459071	0.082646896	0.042468973	0.012969846	0.123863675	0.046750897	0.000764163	0.000663718	0.007963555	0.000853432	0.000997744	2.66299E-06	0.002153195	0.011531486	0.061073044	0.002329318	0.094152775	0.014041704	0.012995938	0.011467892	0.779599606	0.03364497	0.007223401	0.004700128	0.157115698	0.178387013	0.332145077	0.000535289	0.021665663	0.004197546	0.004943465	0.100829055	0.065027525	0.17399105	0.020249982
Design 5	0.147592068	0.207984546	0.038703242	0.056798155	0.327272727	0.42903752	0.118644068	0.85915493	0	0	0	1	0.050097588	0.054531489	0.051065531	0.001307816	0.974818685	8.77813E-05	0.001385057	0.417064822	0.266034499	0.167235481	0.881355932	0.109310629	0.890689371	0.207984546	0.114602157	0.207984546	0.093278246	0.118644068	0.275552038	0.419182325	0.02913825	0.00663358	0.00880028	0.071929458	0.034697236	0.384322662	0.100962022	0.045292714	0.023730517	0.015429344	3.84787E-05	0.000611837	0.147107977	0.076282167	0.02317003	0.165396962	0.062422594	0.000764163	0.000663718	0.010625387	0.000853432	0.000997744	2.66299E-06	0.002153195	0.011531486	0.061073044	0.00311708	0.094152775	0.014041704	0.012995938	0.011467892	0.779599606	0.079365986	0.017056182	0.011089545	0.216743604	0.248449061	0.456643841	0.00126312	0.039161624	0.00561605	0.007533065	0.139493594	0.085413509	0.245685465	0.013826501
Design 5	0.192634561	0.207984546	0.038703242	0.056798155	0.327272727	0.42903752	0.118644068	0.85915493	0	0	0	1	0.050097588	0.054531489	0.051065531	0.001307816	0.974818685	0.00014139	0.001385057	0.535263512	0.38160031	0.269439684	0.881355932	0.109310629	0.890689371	0.207984546	0.114602157	0.207984546	0.093278246	0.118644068	0.275552038	0.53695166	0.059550614	0.00663358	0.00880028	0.147015461	0.034697236	0.384322662	0.075354108	0.029681555	0.019713676	0.015429344	3.84787E-05	0.000777073	0.237445005	0.123668643	0.037464769	0.21032072	0.079373614	0.000764163	0.000663718	0.013504511	0.000853432	0.000997744	2.66299E-06	0.002153195	0.011531486	0.061073044	0.00396915	0.094152775	0.014041704	0.012995938	0.011467892	0.779599606	0.162215979	0.034873938	0.02266766	0.281239095	0.32423046	0.59130577	0.002582007	0.063680809	0.00715035	0.010685203	0.181314422	0.106852739	0.323232486	0.011077072
Design 5	0.298866856	0.207984546	0.038703242	0.056798155	0.327272727	0.42903752	0.118644068	0.85915493	0	0	0	1	0.050097588	0.054531489	0.051065531	0.001307816	0.974818685	0.000318175	0.001385057	0.814034006	0.703540325	0.606474989	0.881355932	0.109310629	0.890689371	0.207984546	0.114602157	0.207984546	0.093278246	0.118644068	0.275552038	0.814709525	0.200983771	0.00663358	0.00880028	0.496204044	0.034697236	0.384322662	0.043626062	0.0087597	0.014330363	0.015429344	3.84787E-05	0.001166781	0.535346332	0.279933404	0.084604041	0.316272981	0.119352434	0.000764163	0.000663718	0.020294898	0.000853432	0.000997744	2.66299E-06	0.002153195	0.011531486	0.061073044	0.005978748	0.094152775	0.014041704	0.012995938	0.011467892	0.779599606	0.547511114	0.117735677	0.076511857	0.433351102	0.502960175	0.90890466	0.008715508	0.144536884	0.010768981	0.019334955	0.27994845	0.155644908	0.506126404	0.009426864
Design 4	0.158640227	0.064713458	0.263840399	0.056798155	0.327272727	0.42903752	0.389830508	0.85915493	1	0	1	1	0.094656244	0.054531489	0.051065531	1.93191E-05	0.078292008	2.95045E-07	0.009095243	0.209312249	0.103806956	0.024560386	0.610169492	0.317045195	0.682954805	0.064713458	0.068638881	0.064713458	0.160495789	0.389830508	0.099959617	0.185218789	0.000618423	0.000932285	0.001117222	0.011324878	0.154547848	0.384322662	0.093484419	0.105081469	0.005980409	0.225921146	0.007813991	0.022593299	0.072560618	0.037178194	0.00061718	0.032363364	0.013549671	0.034002934	0.043111537	0.05921915	7.58314E-05	3.81366E-05	1.01787E-07	0.005163038	0.127433059	0.098140863	0.000174881	0.259192241	0.106782163	0.08543199	0.127376921	0.623466777	0.011322662	0.000183997	1.51121E-05	0.053573476	0.056087879	0.182401645	8.65643E-06	0.003768113	0.000221215	0.000106888	0.013902536	0.007048183	0.068520325	0.409856161
Design 4	0.181586402	0.064713458	0.263840399	0.056798155	0.327272727	0.42903752	0.389830508	0.85915493	1	0	1	1	0.094656244	0.054531489	0.051065531	1.93191E-05	0.078292008	3.86041E-07	0.009095243	0.239088071	0.125050292	0.031333516	0.610169492	0.317045195	0.682954805	0.064713458	0.068638881	0.064713458	0.160495789	0.389830508	0.099959617	0.211419442	0.000889023	0.000932285	0.001117222	0.016283683	0.154547848	0.384322662	0.080575178	0.091623174	0.005390953	0.225921146	0.007813991	0.025498453	0.092658287	0.047720469	0.000853587	0.036728	0.015366861	0.034002934	0.043111537	0.066842845	7.58314E-05	3.81366E-05	1.01787E-07	0.005163038	0.127433059	0.098140863	0.0002038	0.259192241	0.106782163	0.08543199	0.127376921	0.623466777	0.016281478	0.000271139	2.3289E-05	0.063416698	0.067571474	0.211496543	1.26707E-05	0.005074128	0.000260832	0.000141794	0.017741187	0.008434979	0.082801483	0.329323519
Design 4	0.207082153	0.064713458	0.263840399	0.056798155	0.327272727	0.42903752	0.389830508	0.85915493	1	0	1	1	0.094656244	0.054531489	0.051065531	1.93191E-05	0.078292008	5.00041E-07	0.009095243	0.272172318	0.150113902	0.039818869	0.610169492	0.317045195	0.682954805	0.064713458	0.068638881	0.064713458	0.160495789	0.389830508	0.099959617	0.240531279	0.001271245	0.000932285	0.001117222	0.023287993	0.154547848	0.384322662	0.069293694	0.079503376	0.004860121	0.225921146	0.007813991	0.028726402	0.117836576	0.060927792	0.001149757	0.041577595	0.01738596	0.034002934	0.043111537	0.075313619	7.58314E-05	3.81366E-05	1.01787E-07	0.005163038	0.127433059	0.098140863	0.000235932	0.259192241	0.106782163	0.08543199	0.127376921	0.623466777	0.023285804	0.000394226	3.48387E-05	0.074353611	0.080331023	0.243824208	1.83408E-05	0.006710299	0.00030485	0.000182756	0.022006354	0.009956017	0.098669436	0.234250261
Design 4	0.230878187	0.064713458	0.263840399	0.056798155	0.327272727	0.42903752	0.389830508	0.85915493	1	0	1	1	0.094656244	0.054531489	0.051065531	1.93191E-05	0.078292008	6.18685E-07	0.009095243	0.303050948	0.174817062	0.048649921	0.610169492	0.317045195	0.682954805	0.064713458	0.068638881	0.064713458	0.160495789	0.389830508	0.099959617	0.267702327	0.001714661	0.000932285	0.001117222	0.031413683	0.154547848	0.384322662	0.060834494	0.07016274	0.004451013	0.225921146	0.007813991	0.031739154	0.144040646	0.074673192	0.001457993	0.046103883	0.019270453	0.034002934	0.043111537	0.083219674	7.58314E-05	3.81366E-05	1.01787E-07	0.005163038	0.127433059	0.098140863	0.000265922	0.259192241	0.106782163	0.08543199	0.127376921	0.623466777	0.031411512	0.00053702	4.82376E-05	0.084561397	0.092239936	0.273996695	2.49186E-05	0.008413129	0.000345934	0.000222931	0.025987177	0.01135902	0.113479526	0.182798851
Design 4	0.255524079	0.064713458	0.263840399	0.056798155	0.327272727	0.42903752	0.389830508	0.85915493	1	0	1	1	0.094656244	0.054531489	0.051065531	1.93191E-05	0.078292008	7.5403E-07	0.009095243	0.335032387	0.201668951	0.058724033	0.610169492	0.317045195	0.682954805	0.064713458	0.068638881	0.064713458	0.160495789	0.389830508	0.099959617	0.29584377	0.002271742	0.000932285	0.001117222	0.04162231	0.154547848	0.384322662	0.053614521	0.061995111	0.004093281	0.225921146	0.007813991	0.034859504	0.173933203	0.090353395	0.001809616	0.050791825	0.02122225	0.034002934	0.043111537	0.091408088	7.58314E-05	3.81366E-05	1.01787E-07	0.005163038	0.127433059	0.098140863	0.000296983	0.259192241	0.106782163	0.08543199	0.127376921	0.623466777	0.041620162	0.000716418	6.50712E-05	0.095133747	0.104574168	0.305246771	3.31827E-05	0.010355649	0.000388485	0.00026641	0.030110171	0.012797041	0.128818548	0.14253253
Design 4	0.264872521	0.064713458	0.263840399	0.056798155	0.327272727	0.42903752	0.389830508	0.85915493	1	0	1	1	0.094656244	0.054531489	0.051065531	1.93191E-05	0.078292008	8.08685E-07	0.009095243	0.347163277	0.212178924	0.062792176	0.610169492	0.317045195	0.682954805	0.064713458	0.068638881	0.064713458	0.160495789	0.389830508	0.099959617	0.30651811	0.002511088	0.000932285	0.001117222	0.046008367	0.154547848	0.384322662	0.051202909	0.059222867	0.00397186	0.225921146	0.007813991	0.036043086	0.18600446	0.096685398	0.001951609	0.05257001	0.021962586	0.034002934	0.043111537	0.094514038	7.58314E-05	3.81366E-05	1.01787E-07	0.005163038	0.127433059	0.098140863	0.000308765	0.259192241	0.106782163	0.08543199	0.127376921	0.623466777	0.046006229	0.000793495	7.23036E-05	0.099143948	0.109252669	0.317100248	3.67332E-05	0.011140081	0.000404625	0.000283381	0.031674066	0.0133388	0.134636797	0.134143713
Design 4	0.320113314	0.064713458	0.263840399	0.056798155	0.327272727	0.42903752	0.389830508	0.85915493	1	0	1	1	0.094656244	0.054531489	0.051065531	1.93191E-05	0.078292008	1.16889E-06	0.009095243	0.418845812	0.277746109	0.089603534	0.610169492	0.317045195	0.682954805	0.064713458	0.068638881	0.064713458	0.160495789	0.389830508	0.099959617	0.369593757	0.00427485	0.000932285	0.001117222	0.078329692	0.154547848	0.384322662	0.039660057	0.045607274	0.003375514	0.225921146	0.007813991	0.043036975	0.265560857	0.138416871	0.002887423	0.063077466	0.026337302	0.034002934	0.043111537	0.11286738	7.58314E-05	3.81366E-05	1.01787E-07	0.005163038	0.127433059	0.098140863	0.000378385	0.259192241	0.106782163	0.08543199	0.127376921	0.623466777	0.078327626	0.001361482	0.0001256	0.122840594	0.13689836	0.387143521	6.28978E-05	0.016309926	0.000499998	0.000388733	0.040915262	0.016503064	0.169017363	0.103943973
Design 4	0.490084986	0.064713458	0.263840399	0.056798155	0.327272727	0.42903752	0.389830508	0.85915493	1	0	1	1	0.094656244	0.054531489	0.051065531	1.93191E-05	0.078292008	2.67683E-06	0.009095243	0.639407457	0.512747974	0.201843652	0.610169492	0.317045195	0.682954805	0.064713458	0.068638881	0.064713458	0.160495789	0.389830508	0.099959617	0.56367267	0.014428069	0.000932285	0.001117222	0.264389571	0.154547848	0.384322662	0.019830028	0.020509504	0.002276264	0.225921146	0.007813991	0.064556634	0.598606998	0.313116918	0.006805013	0.0954081	0.039797966	0.034002934	0.043111537	0.169339202	7.58314E-05	3.81366E-05	1.01787E-07	0.005163038	0.127433059	0.098140863	0.000592601	0.259192241	0.106782163	0.08543199	0.127376921	0.623466777	0.264387922	0.004631137	0.000432404	0.19575335	0.221962025	0.602661286	0.000213516	0.037952399	0.000793454	0.000761139	0.069349709	0.025926983	0.274803719	0.076540504
Design 4	0.005072238	1	0.012468828	0.134366361	0.151515152	0.143556281	0.16	0.85915493	1	0	1	1	0.075984561	0.134325158	0.133278679	0.021174848	0.988997077	5.6919E-05	0.002021936	0.195166281	0.060763026	0.040891752	0.84	0.256257153	0.743742847	1	1	1	0.160495789	0.16	0.22486203	0.24929413	0.119773345	0.799508843	1	0.00261422	0.048871676	0.143556281	0.792275107	0.117145289	0.098810021	0.000300389	1.68061E-05	4.48606E-05	0.012592571	0.001408043	0.007657454	0.609648158	0.258086182	0.000423101	0.000307919	0.001576787	0.001221664	0.002033639	5.42781E-06	0.010342643	0.008527102	0.029707231	0.002281723	0.100321724	0.012379262	0.010793724	0.008463314	0.711788254	0.002719297	0.000180793	0.001090396	0.041609238	0.06609004	0.168208147	1.50992E-05	0.003913162	0.003479586	0.001038089	0.074358607	0.04872608	0.033332506	0.019888028
Design 4	0.00723796	1	0.092269327	0.056798155	0.151515152	0.143556281	0.002711864	0.85915493	1	0	1	1	0.008775769	0.056780291	0.056337936	1.87897E-05	0.523229889	4.36109E-06	2.60855E-05	0.214077122	0.063731774	0.041207154	0.997288136	0.007837999	0.992162001	1	1	1	0.160495789	0.002711864	0.9204167	0.272589459	0.131189477	0.681875	1	0.002864471	0.000705461	0.143556281	0.727298196	0.107004879	0.017900587	0.007400073	0.000903553	0.000710286	0.015037145	0.006241466	0.004111415	0.662806321	0.239216952	0.007282239	0.011161636	0.015286282	0.000211082	7.33497E-05	1.95771E-07	0.000140191	0.061712773	0.264662029	0.000539337	0.156950871	0.042731577	0.046562021	0.061652407	0.988979699	0.003496124	0.001738697	0.003216664	0.036040673	0.132340559	0.164351037	9.74364E-05	0.004589615	0.001500643	0.000471929	0.051106918	0.021939141	0.09252841	0.094436647
Design 6	0.047781792	0.207984546	0.105735661	0.056798155	0.327272727	0.42903752	0.389830508	0.85915493	0	0	0	0	0.094656244	0.054531489	0.051065531	0.000266306	0.663533881	1.8072E-06	0.009095243	0.15514673	0.069538791	0.029939422	0.610169492	0.317045195	0.682954805	0.207984546	0.114602157	0.207984546	0	0.389830508	0.099959617	0.158215647	0.002117335	0.007326025	0.00880028	0.005216709	0.154547848	0.384322662	0.279278296	0.138211309	0.018949809	0.039963695	0.000567689	0.001488168	0.023258236	0.011316527	0.001311218	0.065849791	0.027491542	0.005224953	0.005922606	0.014208742	0.00026049	0.000176506	4.71097E-07	0.006072048	0.041953047	0.058209553	0.000574418	0.159726026	0.039275168	0.026664066	0.04189141	0.469936141	0.005214479	0.000217442	8.27405E-05	0.044648855	0.048268023	0.135440143	1.30242E-05	0.002996286	0.000638849	0.000787582	0.024140921	0.01494801	0.042061408	0.352211998
Design 6	0.064544937	0.207984546	0.105735661	0.056798155	0.327272727	0.42903752	0.389830508	0.85915493	0	0	0	0	0.094656244	0.054531489	0.051065531	0.000266306	0.663533881	2.8353E-06	0.009095243	0.199135898	0.098117266	0.046730792	0.610169492	0.317045195	0.682954805	0.207984546	0.114602157	0.207984546	0	0.389830508	0.099959617	0.202045024	0.004115109	0.007326025	0.00880028	0.010149073	0.154547848	0.384322662	0.219853131	0.109388627	0.015924505	0.039963695	0.000567689	0.001857714	0.036709114	0.018372214	0.00217947	0.082568747	0.034452379	0.005224953	0.005922606	0.017750455	0.00026049	0.000176506	4.71097E-07	0.006072048	0.041953047	0.058209553	0.000729243	0.159726026	0.039275168	0.026664066	0.04189141	0.469936141	0.010146855	0.000436943	0.00016418	0.061417442	0.068473749	0.179902351	2.58027E-05	0.005225812	0.000818789	0.001115395	0.034081651	0.019332595	0.063040623	0.166612503
Design 6	0.081308082	0.207984546	0.105735661	0.056798155	0.327272727	0.42903752	0.389830508	0.85915493	0	0	0	0	0.094656244	0.054531489	0.051065531	0.000266306	0.663533881	4.09017E-06	0.009095243	0.243125065	0.1296961	0.067226117	0.610169492	0.317045195	0.682954805	0.207984546	0.114602157	0.207984546	0	0.389830508	0.099959617	0.245874402	0.007087505	0.007326025	0.00880028	0.017487712	0.154547848	0.384322662	0.180126825	0.089119644	0.01379702	0.039963695	0.000567689	0.00222726	0.05312708	0.026984292	0.003239248	0.099287704	0.041413215	0.005224953	0.005922606	0.021292167	0.00026049	0.000176506	4.71097E-07	0.006072048	0.041953047	0.058209553	0.000884068	0.159726026	0.039275168	0.026664066	0.04189141	0.469936141	0.01748551	0.000763527	0.00028535	0.07818603	0.088679474	0.22436456	4.48154E-05	0.007947143	0.000998728	0.001474388	0.044022381	0.023623455	0.084019839	0.065901753
Design 6	0.098071227	0.207984546	0.105735661	0.056798155	0.327272727	0.42903752	0.389830508	0.85915493	0	0	0	0	0.094656244	0.054531489	0.051065531	0.000266306	0.663533881	5.57183E-06	0.009095243	0.287114233	0.164013296	0.091425398	0.610169492	0.317045195	0.682954805	0.207984546	0.114602157	0.207984546	0	0.389830508	0.099959617	0.28970378	0.011228156	0.007326025	0.00880028	0.027710689	0.154547848	0.384322662	0.151697053	0.073992255	0.01220921	0.039963695	0.000567689	0.002596806	0.072512133	0.037152761	0.004490552	0.11600666	0.048374052	0.005224953	0.005922606	0.024833879	0.00026049	0.000176506	4.71097E-07	0.006072048	0.041953047	0.058209553	0.001038892	0.159726026	0.039275168	0.026664066	0.04189141	0.469936141	0.02770851	0.001218471	0.000454145	0.094954618	0.1088852	0.268826768	7.13006E-05	0.011160279	0.001178668	0.001861606	0.053963111	0.027837821	0.104999054	0.041192478
Design 6	0.114834372	0.207984546	0.105735661	0.056798155	0.327272727	0.42903752	0.389830508	0.85915493	0	0	0	0	0.094656244	0.054531489	0.051065531	0.000266306	0.663533881	7.28028E-06	0.009095243	0.331103401	0.200865561	0.119328635	0.610169492	0.317045195	0.682954805	0.207984546	0.114602157	0.207984546	0	0.389830508	0.099959617	0.333533158	0.016730695	0.007326025	0.00880028	0.041296072	0.154547848	0.384322662	0.130345209	0.062215802	0.010973122	0.039963695	0.000567689	0.002966351	0.094864272	0.048877623	0.00593338	0.132725617	0.055334888	0.005224953	0.005922606	0.028375592	0.00026049	0.000176506	4.71097E-07	0.006072048	0.041953047	0.058209553	0.001193717	0.159726026	0.039275168	0.026664066	0.04189141	0.469936141	0.041293923	0.001823048	0.000678457	0.111723206	0.129090926	0.313288976	0.000106497	0.014865218	0.001358608	0.002274772	0.063903841	0.031987739	0.12597827	0.034188961
Design 6	0.174951852	0.207984546	0.105735661	0.056798155	0.327272727	0.42903752	0.389830508	0.85915493	0	0	0	0	0.094656244	0.054531489	0.051065531	0.000266306	0.663533881	1.52723E-05	0.009095243	0.488861261	0.351626068	0.24985858	0.610169492	0.317045195	0.682954805	0.207984546	0.114602157	0.207984546	0	0.389830508	0.099959617	0.490717965	0.050629601	0.007326025	0.00880028	0.124990104	0.154547848	0.384322662	0.083995124	0.035054743	0.008122227	0.039963695	0.000567689	0.004291649	0.199426465	0.103725939	0.012682859	0.192684624	0.080298458	0.005224953	0.005922606	0.041077195	0.00026049	0.000176506	4.71097E-07	0.006072048	0.041953047	0.058209553	0.001748964	0.159726026	0.039275168	0.026664066	0.04189141	0.469936141	0.124988142	0.005547605	0.002060352	0.171860204	0.201554494	0.472743297	0.000323328	0.032196741	0.002003924	0.003944933	0.099554169	0.046457917	0.201215796	0.025179232
Design 6	0.369733732	0.207984546	0.105735661	0.056798155	0.327272727	0.42903752	0.389830508	0.85915493	0	0	0	0	0.094656244	0.054531489	0.051065531	0.000266306	0.663533881	6.12015E-05	0.009095243	1	1	1	0.610169492	0.317045195	0.682954805	0.207984546	0.114602157	0.207984546	0	0.389830508	0.099959617	1	0.405038131	0.007326025	0.00880028	1	0.154547848	0.384322662	0.032082548	0.000529959	0.004498415	0.039963695	0.000567689	0.008585642	0.800334028	0.418933252	0.051471381	0.386953049	0.161180941	0.005224953	0.005922606	0.082230654	0.00026049	0.000176506	4.71097E-07	0.006072048	0.041953047	0.058209553	0.003547973	0.159726026	0.039275168	0.026664066	0.04189141	0.469936141	1	0.044487346	0.016507883	0.366705327	0.436337956	0.989378602	0.002590268	0.13179912	0.004094761	0.010945066	0.215061973	0.090599601	0.444986941	0.028063087
Design 7	0.674220963	0	0.49127182	0.056216394	0.606060606	0.42903752	0.33559322	0.85915493	0.761904762	1	0	0	0.116981924	0.050382839	0.043291462	2.66755E-06	0.012067891	2.00142E-07	0.00652669	0.406277667	0.363849063	0.074906972	0.66440678	0.258829895	0.741170105	0	0	0	0.254091848	0.33559322	0.118454212	0.312213904	0.000482357	5.63814E-06	0	0.133755988	0.124710612	0.322646996	0.009307972	0.029455406	0.001079019	1	0.048843551	0.295144952	0.462685559	0.284147721	0.001207003	0.023415508	0.009441218	0.12590624	0.151377841	0.325325646	2.74416E-05	1.41917E-05	3.78778E-08	0.00435397	0.223946957	0.133692979	0.000135064	0.329789098	0.197953987	0.168542744	0.223897029	0.688596541	0.127755035	0.001801146	4.50819E-05	0.122964424	0.130629524	0.386547719	7.05212E-05	0.014644868	0.000189909	0.000230863	0.022776639	0.008129335	0.198774374	0.207238271
Design 7	0.848441926	0	0.49127182	0.056216394	0.606060606	0.42903752	0.33559322	0.85915493	0.761904762	1	0	0	0.116981924	0.050382839	0.043291462	2.66755E-06	0.012067891	3.34397E-07	0.00652669	0.513853754	0.510307637	0.117339857	0.66440678	0.258829895	0.741170105	0	0	0	0.254091848	0.33559322	0.118454212	0.395245926	0.000944593	5.63814E-06	0	0.261893298	0.124710612	0.322646996	0.003461359	0.017153229	0.000785901	1	0.048843551	0.369232946	0.724622005	0.445464934	0.002028393	0.029690845	0.011957759	0.12590624	0.151377841	0.407008166	2.74416E-05	1.41917E-05	3.78778E-08	0.00435397	0.223946957	0.133692979	0.000181531	0.329789098	0.197953987	0.168542744	0.223897029	0.688596541	0.250146105	0.003541061	9.16964E-05	0.159600688	0.17176135	0.494596875	0.000138573	0.023487323	0.000259397	0.000348501	0.032498729	0.011060127	0.25935306	0.153997246
Design 7	0.490084986	0	0.49127182	0.056216394	0.606060606	0.42903752	0.06779661	0.85915493	0.761904762	1	0	0	0.076245284	0.050382839	0.043291462	6.16587E-07	0.012067891	9.07944E-08	0.000723654	0.292579363	0.218372261	0.037029208	0.93220339	0.059241703	0.940758297	0	0	0	0.254091848	0.06779661	0.3820292	0.224456482	0.000175515	0	0	0.048695827	0.018818576	0.322646996	0.019830028	0.050153422	0.001572181	1	0.048843551	0.216840567	0.249342958	0.152757704	0.000537997	0.016783038	0.006178746	0.12590624	0.174787247	0.238994527	2.74416E-05	8.03741E-06	2.14519E-08	0.001073138	0.258579851	0.256687988	6.07394E-05	0.329789098	0.197953987	0.206911782	0.258532151	0.933895109	0.050655567	0.002425745	6.18157E-05	0.08424317	0.113267808	0.272349424	9.49505E-05	0.007442845	0.000155173	0.000120479	0.012501261	0.004942643	0.178274415	0.434631133
Design 7	0.617563739	0	0.49127182	0.056216394	0.606060606	0.42903752	0.06779661	0.85915493	0.761904762	1	0	0	0.076245284	0.050382839	0.043291462	6.16587E-07	0.012067891	1.62934E-07	0.000723654	0.371293574	0.306369749	0.057964203	0.93220339	0.059241703	0.940758297	0	0	0	0.254091848	0.06779661	0.3820292	0.28521162	0.000342983	0	0	0.095119817	0.018818576	0.322646996	0.011898017	0.034702795	0.001204046	1	0.048843551	0.271051295	0.390091153	0.239439443	0.000979359	0.021374748	0.007869439	0.12590624	0.174787247	0.298762225	2.74416E-05	8.03741E-06	2.14519E-08	0.001073138	0.258579851	0.256687988	8.84358E-05	0.329789098	0.197953987	0.206911782	0.258532151	0.933895109	0.098949571	0.004752286	0.000124147	0.111050192	0.149892002	0.351409782	0.000185946	0.012194225	0.000215694	0.000195275	0.019614985	0.007159835	0.233481856	0.316963995
Design 7	0.745042493	0	0.49127182	0.056216394	0.606060606	0.42903752	0.06779661	0.85915493	0.761904762	1	0	0	0.076245284	0.050382839	0.043291462	6.16587E-07	0.012067891	2.51105E-07	0.000723654	0.450007784	0.40367125	0.083551418	0.93220339	0.059241703	0.940758297	0	0	0	0.254091848	0.06779661	0.3820292	0.345966758	0.000592811	0	0	0.164375277	0.018818576	0.322646996	0.006610009	0.023863597	0.000945786	1	0.048843551	0.325262023	0.562116725	0.345383792	0.001518803	0.025966458	0.009560132	0.12590624	0.174787247	0.358529922	2.74416E-05	8.03741E-06	2.14519E-08	0.001073138	0.258579851	0.256687988	0.000116132	0.329789098	0.197953987	0.206911782	0.258532151	0.933895109	0.170994724	0.008223026	0.000217132	0.137857215	0.186516196	0.43047014	0.000321694	0.018001467	0.000276216	0.000277236	0.026728708	0.009329315	0.288689297	0.254495272
Design 7	1	0	0.49127182	0.056216394	0.606060606	0.42903752	0.06779661	0.85915493	0.761904762	1	0	0	0.076245284	0.050382839	0.043291462	6.16587E-07	0.012067891	4.7554E-07	0.000723654	0.607436204	0.623101317	0.148682512	0.93220339	0.059241703	0.940758297	0	0	0	0.254091848	0.06779661	0.3820292	0.467477035	0.001405441	0	0	0.389645786	0.018818576	0.322646996	0	0.009507687	0.000603735	1	0.048843551	0.433683478	1	0.615060314	0.002891932	0.035149878	0.012941518	0.12590624	0.174787247	0.478065318	2.74416E-05	8.03741E-06	2.14519E-08	0.001073138	0.258579851	0.256687988	0.000171525	0.329789098	0.197953987	0.206911782	0.258532151	0.933895109	0.405339398	0.019512469	0.000519591	0.191471259	0.259764585	0.588590856	0.000763247	0.032783537	0.000397259	0.000460075	0.040956156	0.013557756	0.399104179	0.182239597
Design 8	0.086402266	0.436574372	0.017456359	0.014135642	0.151515152	0.42903752	0.223728814	0	0.761904762	0	1	1	0.01638504	0.014130613	0.014020527	0.014746122	0.998998648	0.014377825	0.003239019	0.458496938	0.168322721	0.10680405	0.776271186	0.118780899	0.881219101	0.436574372	0.325561061	0.388280747	0.139679008	0.223728814	0.173430894	0.456085446	0.099989091	0.052176349	0.07506403	0.029159925	0.073215174	0.42903752	0.215192529	0.072093579	0.057416174	0.003332545	1.52933E-06	5.49214E-05	0.100938321	0.18063418	0.173488146	0.290856966	0.107029223	2.23884E-05	2.67708E-05	0.003306172	0.038590419	0.024092108	6.43021E-05	0.016158903	0.000930335	0.008349567	0.067049843	0.024380508	0.000758947	0.000623418	0.000866059	0.613760018	0.034905778	0.062844662	0.074098529	0.314817568	0.5112352	0.613062336	0.035309301	0.1682228	0.102582567	0.106630731	0.345562349	0.320861894	0.44202764	0.001600407
Design 8	0.086402266	0.436574372	0.740648379	0.014135642	0.151515152	0.42903752	0.223728814	0	0.761904762	0	1	1	0.01638504	0.014130613	0.014020527	5.13702E-07	0.013808363	4.94477E-07	0.003239019	0.458496938	0.168322721	0.10680405	0.776271186	0.118780899	0.881219101	0.436574372	0.325561061	0.388280747	0.139679008	0.223728814	0.173430894	0.456085446	0.099989091	0.052176349	0.07506403	0.029159925	0.073215174	0.42903752	0.215192529	0.072093579	0.00112439	0.1427378	0.042949866	0.051536024	0.100938321	0.18063418	0.005544511	0.290856966	0.107029223	0.114856989	0.14821607	0.315224147	2.97389E-05	1.2154E-05	3.24393E-08	0.001172642	0.1681043	0.177222575	0.000297933	0.230976701	0.138421182	0.128643729	0.168050779	0.787141608	0.034905778	0.002717804	0.000380922	0.063674214	0.242539782	0.373303382	0.000182596	0.025060639	0.000537572	0.000918295	0.050049852	0.017995899	0.232037306	0.087166339
Design 8	0.086402266	0.436574372	0.740648379	0.059125201	0.151515152	0.42903752	0.029830508	0	0.761904762	0	1	1	0.013730679	0.059106637	0.058646158	7.37019E-08	0.003080325	1.24888E-07	0.000299263	0.458496938	0.167749416	0.106089101	0.970169492	0.035086338	0.964913662	0.436574372	0.325561061	0.388280747	0.139679008	0.029830508	0.556028437	0.456085446	0.09932094	0.051827272	0.07506403	0.028964996	0.007970637	0.42903752	0.215192529	0.072093579	0.00112439	0.1427378	0.167504656	0.094239244	0.100938321	0.045317692	0.001238264	0.290856966	0.106310127	0.303632704	0.387270652	0.315224147	1.08039E-05	2.46993E-06	6.59227E-09	0.000508575	0.439249581	0.495898169	6.3756E-05	0.4773582	0.366061805	0.393452143	0.439213505	0.971454864	0.034905778	0.001316243	0.000218477	0.03048688	0.139094385	0.303990327	7.84816E-05	0.005679202	0.000183084	0.000243835	0.01746853	0.005403723	0.136385304	0.290734961
Design 9	0.065155807	0.051835158	0.082294264	0.061840088	0.151515152	0.42903752	0.457627119	0.85915493	0.761904762	0	0	0	0.093559273	0.061820707	0.061339084	0.000623187	0.808047666	6.07287E-07	0.014226222	0.0770361	0.029517631	0.004625032	0.542372881	0.392677134	0.607322866	0.051835158	0.046925095	0.051835158	0.078658827	0.457627119	0.08113481	0.067224435	3.57994E-05	0.000560628	0.000672352	0.00103862	0.197313863	0.42903752	0.218130311	0.243185736	0.038006479	0.083634385	0.000302375	0.001236933	0.013845549	0.005113908	0.000140225	0.01035773	0.004663987	0.003331701	0.003302274	0.005731368	0.000345267	0.000309809	8.26885E-07	0.009068229	0.031211797	0.046393794	0.000358241	0.154974083	0.03340576	0.01977954	0.031149469	0.360237152	0.001038808	2.75339E-05	3.55706E-06	0.025935316	0.009020827	0.067297342	2.1123E-06	0.000369337	0.000316017	8.53843E-05	0.004026792	0.007146946	0.009774926	0.550101171
Design 9	0.107648725	0.051835158	0.082294264	0.061840088	0.151515152	0.42903752	0.457627119	0.85915493	0.761904762	0	0	0	0.093559273	0.061820707	0.061339084	0.000623187	0.808047666	1.41321E-06	0.014226222	0.126692889	0.056723141	0.010642021	0.542372881	0.392677134	0.607322866	0.051835158	0.046925095	0.051835158	0.078658827	0.457627119	0.08113481	0.110118688	0.000121271	0.000560628	0.000672352	0.003532203	0.197313863	0.42903752	0.138810198	0.166280511	0.027826572	0.083634385	0.000302375	0.001856572	0.032247555	0.01318525	0.000623816	0.016328496	0.007287994	0.003331701	0.003302274	0.008635183	0.000345267	0.000309809	8.26885E-07	0.009068229	0.031211797	0.046393794	0.000562385	0.154974083	0.03340576	0.01977954	0.031149469	0.360237152	0.003538163	0.000129063	2.05093E-05	0.050395434	0.030145725	0.122892016	8.36489E-06	0.002086073	0.000517483	0.000213928	0.014017005	0.012494104	0.035940063	0.449585344
Design 9	0.150141643	0.051835158	0.082294264	0.061840088	0.151515152	0.42903752	0.457627119	0.85915493	0.761904762	0	0	0	0.093559273	0.061820707	0.061339084	0.000623187	0.808047666	2.54151E-06	0.014226222	0.176349678	0.08893976	0.019065806	0.542372881	0.392677134	0.607322866	0.051835158	0.046925095	0.051835158	0.078658827	0.457627119	0.08113481	0.15301294	0.000287717	0.000560628	0.000672352	0.008388128	0.197313863	0.42903752	0.099150141	0.124285387	0.022267698	0.083634385	0.000302375	0.00247621	0.058010363	0.02448513	0.001300845	0.022299262	0.009912	0.003331701	0.003302274	0.011538998	0.000345267	0.000309809	8.26885E-07	0.009068229	0.031211797	0.046393794	0.000766528	0.154974083	0.03340576	0.01977954	0.031149469	0.360237152	0.008405328	0.000326779	5.35217E-05	0.074855551	0.051270623	0.178486691	2.0541E-05	0.004489504	0.000718948	0.000363859	0.024007218	0.017648385	0.062105201	0.324308922
Design 9	0.192634561	0.051835158	0.082294264	0.061840088	0.151515152	0.42903752	0.457627119	0.85915493	0.761904762	0	0	0	0.093559273	0.061820707	0.061339084	0.000623187	0.808047666	3.99218E-06	0.014226222	0.226006467	0.12548233	0.029896386	0.542372881	0.392677134	0.607322866	0.051835158	0.046925095	0.051835158	0.078658827	0.457627119	0.08113481	0.195907193	0.000562128	0.000560628	0.000672352	0.016393842	0.197313863	0.42903752	0.075354108	0.097410803	0.018710323	0.083634385	0.000302375	0.003095849	0.091133974	0.039013546	0.00217131	0.028270028	0.012536007	0.003331701	0.003302274	0.014442814	0.000345267	0.000309809	8.26885E-07	0.009068229	0.031211797	0.046393794	0.000970672	0.154974083	0.03340576	0.01977954	0.031149469	0.360237152	0.016429572	0.000652741	0.000107947	0.099315668	0.072395521	0.234081366	4.06151E-05	0.007579629	0.000920413	0.000532011	0.033997431	0.022663836	0.088270338	0.193117931
Design 9	0.235127479	0.051835158	0.082294264	0.061840088	0.151515152	0.42903752	0.457627119	0.85915493	0.761904762	0	0	0	0.093559273	0.061820707	0.061339084	0.000623187	0.808047666	5.76522E-06	0.014226222	0.275663256	0.165888563	0.043133763	0.542372881	0.392677134	0.607322866	0.051835158	0.046925095	0.051835158	0.078658827	0.457627119	0.08113481	0.238801445	0.000971494	0.000560628	0.000672352	0.028336793	0.197313863	0.42903752	0.059490085	0.078557267	0.016214689	0.083634385	0.000302375	0.003715487	0.131618387	0.056770499	0.003235212	0.034240794	0.015160013	0.003331701	0.003302274	0.017346629	0.000345267	0.000309809	8.26885E-07	0.009068229	0.031211797	0.046393794	0.001174815	0.154974083	0.03340576	0.01977954	0.031149469	0.360237152	0.028400166	0.001139014	0.00018914	0.123775786	0.09352042	0.289676041	7.05618E-05	0.011356449	0.001121879	0.000716269	0.043987643	0.027571357	0.114435475	0.106947128
Design 9	0.277620397	0.051835158	0.082294264	0.061840088	0.151515152	0.42903752	0.457627119	0.85915493	0.761904762	0	0	0	0.093559273	0.061820707	0.061339084	0.000623187	0.808047666	7.86063E-06	0.014226222	0.325320045	0.209819077	0.058777935	0.542372881	0.392677134	0.607322866	0.051835158	0.046925095	0.051835158	0.078658827	0.457627119	0.08113481	0.281695698	0.001542808	0.000560628	0.000672352	0.045004429	0.197313863	0.42903752	0.04815864	0.06450955	0.0143552	0.083634385	0.000302375	0.004335126	0.179463603	0.07775599	0.00449255	0.04021156	0.01778402	0.003331701	0.003302274	0.020250445	0.000345267	0.000309809	8.26885E-07	0.009068229	0.031211797	0.046393794	0.001378959	0.154974083	0.03340576	0.01977954	0.031149469	0.360237152	0.04510638	0.001817658	0.000302453	0.148235903	0.114645318	0.345270716	0.000112355	0.015819963	0.001323344	0.000915099	0.053977856	0.032390905	0.140600613	0.067820363
Design 9	0.320113314	0.051835158	0.082294264	0.061840088	0.151515152	0.42903752	0.457627119	0.85915493	0.761904762	0	0	0	0.093559273	0.061820707	0.061339084	0.000623187	0.808047666	1.02784E-05	0.014226222	0.374976834	0.257010921	0.076828902	0.542372881	0.392677134	0.607322866	0.051835158	0.046925095	0.051835158	0.078658827	0.457627119	0.08113481	0.324589951	0.002303059	0.000560628	0.000672352	0.067184195	0.197313863	0.42903752	0.039660057	0.053586817	0.012909363	0.083634385	0.000302375	0.004954764	0.234669621	0.101970017	0.005943325	0.046182326	0.020408026	0.003331701	0.003302274	0.02315426	0.000345267	0.000309809	8.26885E-07	0.009068229	0.031211797	0.046393794	0.001583102	0.154974083	0.03340576	0.01977954	0.031149469	0.360237152	0.067337483	0.002720736	0.000453239	0.17269602	0.135770216	0.400865391	0.000167971	0.020970171	0.001524809	0.001127317	0.063968069	0.0371364	0.16676575	0.051914835
Design 9	0.362606232	0.051835158	0.082294264	0.061840088	0.151515152	0.42903752	0.457627119	0.85915493	0.761904762	0	0	0	0.093559273	0.061820707	0.061339084	0.000623187	0.808047666	1.30186E-05	0.014226222	0.424633623	0.30725254	0.097286666	0.542372881	0.392677134	0.607322866	0.051835158	0.046925095	0.051835158	0.078658827	0.457627119	0.08113481	0.367484203	0.003279241	0.000560628	0.000672352	0.09566354	0.197313863	0.42903752	0.033050047	0.044819611	0.011748852	0.083634385	0.000302375	0.005574402	0.297236441	0.129412581	0.007587537	0.052153092	0.023032032	0.003331701	0.003302274	0.026058075	0.000345267	0.000309809	8.26885E-07	0.009068229	0.031211797	0.046393794	0.001787246	0.154974083	0.03340576	0.01977954	0.031149469	0.360237152	0.095882745	0.003880309	0.000646852	0.197156138	0.156895114	0.456460066	0.000239382	0.026807074	0.001726275	0.001351982	0.073958282	0.041818086	0.192930887	0.041205244
Design 9	0.065155807	0.051835158	0.082294264	0.061840088	0.151515152	0.42903752	0.457627119	0.85915493	0.761904762	0	1	0	0.093559273	0.061820707	0.061339084	0.000623187	0.808047666	6.07287E-07	0.014226222	0.0770361	0.029517631	0.004625032	0.542372881	0.392677134	0.607322866	0.051835158	0.046925095	0.051835158	0.144764024	0.457627119	0.08113481	0.067224435	3.57994E-05	0.000560628	0.000672352	0.00103862	0.197313863	0.42903752	0.218130311	0.243185736	0.038006479	0.083634385	0.000302375	0.001236933	0.013845549	0.005113908	0.000140225	0.01035773	0.004663987	0.003331701	0.003302274	0.005731368	0.000345267	0.000309809	8.26885E-07	0.009068229	0.031211797	0.046393794	0.000358241	0.154974083	0.03340576	0.01977954	0.031149469	0.360237152	0.001038808	2.75339E-05	3.55706E-06	0.025935316	0.009020827	0.067297342	2.1123E-06	0.000369337	0.000316017	8.53843E-05	0.004026792	0.007146946	0.009774926	0.38132518
Design 9	0.107648725	0.051835158	0.082294264	0.061840088	0.151515152	0.42903752	0.457627119	0.85915493	0.761904762	0	1	0	0.093559273	0.061820707	0.061339084	0.000623187	0.808047666	1.41321E-06	0.014226222	0.126692889	0.056723141	0.010642021	0.542372881	0.392677134	0.607322866	0.051835158	0.046925095	0.051835158	0.144764024	0.457627119	0.08113481	0.110118688	0.000121271	0.000560628	0.000672352	0.003532203	0.197313863	0.42903752	0.138810198	0.166280511	0.027826572	0.083634385	0.000302375	0.001856572	0.032247555	0.01318525	0.000623816	0.016328496	0.007287994	0.003331701	0.003302274	0.008635183	0.000345267	0.000309809	8.26885E-07	0.009068229	0.031211797	0.046393794	0.000562385	0.154974083	0.03340576	0.01977954	0.031149469	0.360237152	0.003538163	0.000129063	2.05093E-05	0.050395434	0.030145725	0.122892016	8.36489E-06	0.002086073	0.000517483	0.000213928	0.014017005	0.012494104	0.035940063	0.335142263
Design 9	0.150141643	0.051835158	0.082294264	0.061840088	0.151515152	0.42903752	0.457627119	0.85915493	0.761904762	0	1	0	0.093559273	0.061820707	0.061339084	0.000623187	0.808047666	2.54151E-06	0.014226222	0.176349678	0.08893976	0.019065806	0.542372881	0.392677134	0.607322866	0.051835158	0.046925095	0.051835158	0.144764024	0.457627119	0.08113481	0.15301294	0.000287717	0.000560628	0.000672352	0.008388128	0.197313863	0.42903752	0.099150141	0.124285387	0.022267698	0.083634385	0.000302375	0.00247621	0.058010363	0.02448513	0.001300845	0.022299262	0.009912	0.003331701	0.003302274	0.011538998	0.000345267	0.000309809	8.26885E-07	0.009068229	0.031211797	0.046393794	0.000766528	0.154974083	0.03340576	0.01977954	0.031149469	0.360237152	0.008405328	0.000326779	5.35217E-05	0.074855551	0.051270623	0.178486691	2.0541E-05	0.004489504	0.000718948	0.000363859	0.024007218	0.017648385	0.062105201	0.236588156
Design 9	0.192634561	0.051835158	0.082294264	0.061840088	0.151515152	0.42903752	0.457627119	0.85915493	0.761904762	0	1	0	0.093559273	0.061820707	0.061339084	0.000623187	0.808047666	3.99218E-06	0.014226222	0.226006467	0.12548233	0.029896386	0.542372881	0.392677134	0.607322866	0.051835158	0.046925095	0.051835158	0.144764024	0.457627119	0.08113481	0.195907193	0.000562128	0.000560628	0.000672352	0.016393842	0.197313863	0.42903752	0.075354108	0.097410803	0.018710323	0.083634385	0.000302375	0.003095849	0.091133974	0.039013546	0.00217131	0.028270028	0.012536007	0.003331701	0.003302274	0.014442814	0.000345267	0.000309809	8.26885E-07	0.009068229	0.031211797	0.046393794	0.000970672	0.154974083	0.03340576	0.01977954	0.031149469	0.360237152	0.016429572	0.000652741	0.000107947	0.099315668	0.072395521	0.234081366	4.06151E-05	0.007579629	0.000920413	0.000532011	0.033997431	0.022663836	0.088270338	0.136210735
Design 9	0.235127479	0.051835158	0.082294264	0.061840088	0.151515152	0.42903752	0.457627119	0.85915493	0.761904762	0	1	0	0.093559273	0.061820707	0.061339084	0.000623187	0.808047666	5.76522E-06	0.014226222	0.275663256	0.165888563	0.043133763	0.542372881	0.392677134	0.607322866	0.051835158	0.046925095	0.051835158	0.144764024	0.457627119	0.08113481	0.238801445	0.000971494	0.000560628	0.000672352	0.028336793	0.197313863	0.42903752	0.059490085	0.078557267	0.016214689	0.083634385	0.000302375	0.003715487	0.131618387	0.056770499	0.003235212	0.034240794	0.015160013	0.003331701	0.003302274	0.017346629	0.000345267	0.000309809	8.26885E-07	0.009068229	0.031211797	0.046393794	0.001174815	0.154974083	0.03340576	0.01977954	0.031149469	0.360237152	0.028400166	0.001139014	0.00018914	0.123775786	0.09352042	0.289676041	7.05618E-05	0.011356449	0.001121879	0.000716269	0.043987643	0.027571357	0.114435475	0.07270031
Design 9	0.277620397	0.051835158	0.082294264	0.061840088	0.151515152	0.42903752	0.457627119	0.85915493	0.761904762	0	1	0	0.093559273	0.061820707	0.061339084	0.000623187	0.808047666	7.86063E-06	0.014226222	0.325320045	0.209819077	0.058777935	0.542372881	0.392677134	0.607322866	0.051835158	0.046925095	0.051835158	0.144764024	0.457627119	0.08113481	0.281695698	0.001542808	0.000560628	0.000672352	0.045004429	0.197313863	0.42903752	0.04815864	0.06450955	0.0143552	0.083634385	0.000302375	0.004335126	0.179463603	0.07775599	0.00449255	0.04021156	0.01778402	0.003331701	0.003302274	0.020250445	0.000345267	0.000309809	8.26885E-07	0.009068229	0.031211797	0.046393794	0.001378959	0.154974083	0.03340576	0.01977954	0.031149469	0.360237152	0.04510638	0.001817658	0.000302453	0.148235903	0.114645318	0.345270716	0.000112355	0.015819963	0.001323344	0.000915099	0.053977856	0.032390905	0.140600613	0.058727186
Design 9	0.320113314	0.051835158	0.082294264	0.061840088	0.151515152	0.42903752	0.457627119	0.85915493	0.761904762	0	1	0	0.093559273	0.061820707	0.061339084	0.000623187	0.808047666	1.02784E-05	0.014226222	0.374976834	0.257010921	0.076828902	0.542372881	0.392677134	0.607322866	0.051835158	0.046925095	0.051835158	0.144764024	0.457627119	0.08113481	0.324589951	0.002303059	0.000560628	0.000672352	0.067184195	0.197313863	0.42903752	0.039660057	0.053586817	0.012909363	0.083634385	0.000302375	0.004954764	0.234669621	0.101970017	0.005943325	0.046182326	0.020408026	0.003331701	0.003302274	0.02315426	0.000345267	0.000309809	8.26885E-07	0.009068229	0.031211797	0.046393794	0.001583102	0.154974083	0.03340576	0.01977954	0.031149469	0.360237152	0.067337483	0.002720736	0.000453239	0.17269602	0.135770216	0.400865391	0.000167971	0.020970171	0.001524809	0.001127317	0.063968069	0.0371364	0.16676575	0.050087233
Design 9	0.362606232	0.051835158	0.082294264	0.061840088	0.151515152	0.42903752	0.457627119	0.85915493	0.761904762	0	1	0	0.093559273	0.061820707	0.061339084	0.000623187	0.808047666	1.30186E-05	0.014226222	0.424633623	0.30725254	0.097286666	0.542372881	0.392677134	0.607322866	0.051835158	0.046925095	0.051835158	0.144764024	0.457627119	0.08113481	0.367484203	0.003279241	0.000560628	0.000672352	0.09566354	0.197313863	0.42903752	0.033050047	0.044819611	0.011748852	0.083634385	0.000302375	0.005574402	0.297236441	0.129412581	0.007587537	0.052153092	0.023032032	0.003331701	0.003302274	0.026058075	0.000345267	0.000309809	8.26885E-07	0.009068229	0.031211797	0.046393794	0.001787246	0.154974083	0.03340576	0.01977954	0.031149469	0.360237152	0.095882745	0.003880309	0.000646852	0.197156138	0.156895114	0.456460066	0.000239382	0.026807074	0.001726275	0.001351982	0.073958282	0.041818086	0.192930887	0.039185642
Design 9	0.065155807	0.051835158	0.082294264	0.061840088	0.151515152	0.42903752	0.457627119	0.85915493	0.761904762	0	1	1	0.093559273	0.061820707	0.061339084	0.000623187	0.808047666	6.07287E-07	0.014226222	0.0770361	0.029517631	0.004625032	0.542372881	0.392677134	0.607322866	0.051835158	0.046925095	0.051835158	0.147147624	0.457627119	0.08113481	0.067224435	3.57994E-05	0.000560628	0.000672352	0.00103862	0.197313863	0.42903752	0.218130311	0.243185736	0.038006479	0.083634385	0.000302375	0.001236933	0.013845549	0.005113908	0.000140225	0.01035773	0.004663987	0.003331701	0.003302274	0.005731368	0.000345267	0.000309809	8.26885E-07	0.009068229	0.031211797	0.046393794	0.000358241	0.154974083	0.03340576	0.01977954	0.031149469	0.360237152	0.001038808	2.75339E-05	3.55706E-06	0.025935316	0.009020827	0.067297342	2.1123E-06	0.000369337	0.000316017	8.53843E-05	0.004026792	0.007146946	0.009774926	0.368300099
Design 9	0.107648725	0.051835158	0.082294264	0.061840088	0.151515152	0.42903752	0.457627119	0.85915493	0.761904762	0	1	1	0.093559273	0.061820707	0.061339084	0.000623187	0.808047666	1.41321E-06	0.014226222	0.126692889	0.056723141	0.010642021	0.542372881	0.392677134	0.607322866	0.051835158	0.046925095	0.051835158	0.147147624	0.457627119	0.08113481	0.110118688	0.000121271	0.000560628	0.000672352	0.003532203	0.197313863	0.42903752	0.138810198	0.166280511	0.027826572	0.083634385	0.000302375	0.001856572	0.032247555	0.01318525	0.000623816	0.016328496	0.007287994	0.003331701	0.003302274	0.008635183	0.000345267	0.000309809	8.26885E-07	0.009068229	0.031211797	0.046393794	0.000562385	0.154974083	0.03340576	0.01977954	0.031149469	0.360237152	0.003538163	0.000129063	2.05093E-05	0.050395434	0.030145725	0.122892016	8.36489E-06	0.002086073	0.000517483	0.000213928	0.014017005	0.012494104	0.035940063	0.33399784
Design 9	0.150141643	0.051835158	0.082294264	0.061840088	0.151515152	0.42903752	0.457627119	0.85915493	0.761904762	0	1	1	0.093559273	0.061820707	0.061339084	0.000623187	0.808047666	2.54151E-06	0.014226222	0.176349678	0.08893976	0.019065806	0.542372881	0.392677134	0.607322866	0.051835158	0.046925095	0.051835158	0.147147624	0.457627119	0.08113481	0.15301294	0.000287717	0.000560628	0.000672352	0.008388128	0.197313863	0.42903752	0.099150141	0.124285387	0.022267698	0.083634385	0.000302375	0.00247621	0.058010363	0.02448513	0.001300845	0.022299262	0.009912	0.003331701	0.003302274	0.011538998	0.000345267	0.000309809	8.26885E-07	0.009068229	0.031211797	0.046393794	0.000766528	0.154974083	0.03340576	0.01977954	0.031149469	0.360237152	0.008405328	0.000326779	5.35217E-05	0.074855551	0.051270623	0.178486691	2.0541E-05	0.004489504	0.000718948	0.000363859	0.024007218	0.017648385	0.062105201	0.230079701
Design 9	0.192634561	0.051835158	0.082294264	0.061840088	0.151515152	0.42903752	0.457627119	0.85915493	0.761904762	0	1	1	0.093559273	0.061820707	0.061339084	0.000623187	0.808047666	3.99218E-06	0.014226222	0.226006467	0.12548233	0.029896386	0.542372881	0.392677134	0.607322866	0.051835158	0.046925095	0.051835158	0.147147624	0.457627119	0.08113481	0.195907193	0.000562128	0.000560628	0.000672352	0.016393842	0.197313863	0.42903752	0.075354108	0.097410803	0.018710323	0.083634385	0.000302375	0.003095849	0.091133974	0.039013546	0.00217131	0.028270028	0.012536007	0.003331701	0.003302274	0.014442814	0.000345267	0.000309809	8.26885E-07	0.009068229	0.031211797	0.046393794	0.000970672	0.154974083	0.03340576	0.01977954	0.031149469	0.360237152	0.016429572	0.000652741	0.000107947	0.099315668	0.072395521	0.234081366	4.06151E-05	0.007579629	0.000920413	0.000532011	0.033997431	0.022663836	0.088270338	0.086266777
Design 9	0.235127479	0.051835158	0.082294264	0.061840088	0.151515152	0.42903752	0.457627119	0.85915493	0.761904762	0	1	1	0.093559273	0.061820707	0.061339084	0.000623187	0.808047666	5.76522E-06	0.014226222	0.275663256	0.165888563	0.043133763	0.542372881	0.392677134	0.607322866	0.051835158	0.046925095	0.051835158	0.147147624	0.457627119	0.08113481	0.238801445	0.000971494	0.000560628	0.000672352	0.028336793	0.197313863	0.42903752	0.059490085	0.078557267	0.016214689	0.083634385	0.000302375	0.003715487	0.131618387	0.056770499	0.003235212	0.034240794	0.015160013	0.003331701	0.003302274	0.017346629	0.000345267	0.000309809	8.26885E-07	0.009068229	0.031211797	0.046393794	0.001174815	0.154974083	0.03340576	0.01977954	0.031149469	0.360237152	0.028400166	0.001139014	0.00018914	0.123775786	0.09352042	0.289676041	7.05618E-05	0.011356449	0.001121879	0.000716269	0.043987643	0.027571357	0.114435475	0.061445821
Design 9	0.277620397	0.051835158	0.082294264	0.061840088	0.151515152	0.42903752	0.457627119	0.85915493	0.761904762	0	1	1	0.093559273	0.061820707	0.061339084	0.000623187	0.808047666	7.86063E-06	0.014226222	0.325320045	0.209819077	0.058777935	0.542372881	0.392677134	0.607322866	0.051835158	0.046925095	0.051835158	0.147147624	0.457627119	0.08113481	0.281695698	0.001542808	0.000560628	0.000672352	0.045004429	0.197313863	0.42903752	0.04815864	0.06450955	0.0143552	0.083634385	0.000302375	0.004335126	0.179463603	0.07775599	0.00449255	0.04021156	0.01778402	0.003331701	0.003302274	0.020250445	0.000345267	0.000309809	8.26885E-07	0.009068229	0.031211797	0.046393794	0.001378959	0.154974083	0.03340576	0.01977954	0.031149469	0.360237152	0.04510638	0.001817658	0.000302453	0.148235903	0.114645318	0.345270716	0.000112355	0.015819963	0.001323344	0.000915099	0.053977856	0.032390905	0.140600613	0.053707048
Design 9	0.320113314	0.051835158	0.082294264	0.061840088	0.151515152	0.42903752	0.457627119	0.85915493	0.761904762	0	1	1	0.093559273	0.061820707	0.061339084	0.000623187	0.808047666	1.02784E-05	0.014226222	0.374976834	0.257010921	0.076828902	0.542372881	0.392677134	0.607322866	0.051835158	0.046925095	0.051835158	0.147147624	0.457627119	0.08113481	0.324589951	0.002303059	0.000560628	0.000672352	0.067184195	0.197313863	0.42903752	0.039660057	0.053586817	0.012909363	0.083634385	0.000302375	0.004954764	0.234669621	0.101970017	0.005943325	0.046182326	0.020408026	0.003331701	0.003302274	0.02315426	0.000345267	0.000309809	8.26885E-07	0.009068229	0.031211797	0.046393794	0.001583102	0.154974083	0.03340576	0.01977954	0.031149469	0.360237152	0.067337483	0.002720736	0.000453239	0.17269602	0.135770216	0.400865391	0.000167971	0.020970171	0.001524809	0.001127317	0.063968069	0.0371364	0.16676575	0.040894844
Design 9	0.362606232	0.051835158	0.082294264	0.061840088	0.151515152	0.42903752	0.457627119	0.85915493	0.761904762	0	1	1	0.093559273	0.061820707	0.061339084	0.000623187	0.808047666	1.30186E-05	0.014226222	0.424633623	0.30725254	0.097286666	0.542372881	0.392677134	0.607322866	0.051835158	0.046925095	0.051835158	0.147147624	0.457627119	0.08113481	0.367484203	0.003279241	0.000560628	0.000672352	0.09566354	0.197313863	0.42903752	0.033050047	0.044819611	0.011748852	0.083634385	0.000302375	0.005574402	0.297236441	0.129412581	0.007587537	0.052153092	0.023032032	0.003331701	0.003302274	0.026058075	0.000345267	0.000309809	8.26885E-07	0.009068229	0.031211797	0.046393794	0.001787246	0.154974083	0.03340576	0.01977954	0.031149469	0.360237152	0.095882745	0.003880309	0.000646852	0.197156138	0.156895114	0.456460066	0.000239382	0.026807074	0.001726275	0.001351982	0.073958282	0.041818086	0.192930887	0.035408983
Design 10	0.065155807	0.051835158	0.082294264	0.061840088	0.151515152	0.42903752	0.457627119	0.85915493	0.761904762	0	0	0	0.093559273	0.061820707	0.061339084	0.000623187	0.808047666	6.07287E-07	0.014226222	0.0770361	0.029517631	0.004625032	0.542372881	0.392677134	0.607322866	0.051835158	0.046925095	0.051835158	0	0.457627119	0.08113481	0.067224435	3.57994E-05	0.000560628	0.000672352	0.00103862	0.197313863	0.42903752	0.218130311	0.243185736	0.038006479	0.083634385	0.000302375	0.001236933	0.013845549	0.005113908	0.000140225	0.01035773	0.004663987	0.003331701	0.003302274	0.005731368	0.000345267	0.000309809	8.26885E-07	0.009068229	0.031211797	0.046393794	0.000358241	0.154974083	0.03340576	0.01977954	0.031149469	0.360237152	0.001038808	2.75339E-05	3.55706E-06	0.025935316	0.009020827	0.067297342	2.1123E-06	0.000369337	0.000316017	8.53843E-05	0.004026792	0.007146946	0.009774926	0.603766317
Design 10	0.107648725	0.051835158	0.082294264	0.061840088	0.151515152	0.42903752	0.457627119	0.85915493	0.761904762	0	0	0	0.093559273	0.061820707	0.061339084	0.000623187	0.808047666	1.41321E-06	0.014226222	0.126692889	0.056723141	0.010642021	0.542372881	0.392677134	0.607322866	0.051835158	0.046925095	0.051835158	0	0.457627119	0.08113481	0.110118688	0.000121271	0.000560628	0.000672352	0.003532203	0.197313863	0.42903752	0.138810198	0.166280511	0.027826572	0.083634385	0.000302375	0.001856572	0.032247555	0.01318525	0.000623816	0.016328496	0.007287994	0.003331701	0.003302274	0.008635183	0.000345267	0.000309809	8.26885E-07	0.009068229	0.031211797	0.046393794	0.000562385	0.154974083	0.03340576	0.01977954	0.031149469	0.360237152	0.003538163	0.000129063	2.05093E-05	0.050395434	0.030145725	0.122892016	8.36489E-06	0.002086073	0.000517483	0.000213928	0.014017005	0.012494104	0.035940063	0.521988573
Design 10	0.150141643	0.051835158	0.082294264	0.061840088	0.151515152	0.42903752	0.457627119	0.85915493	0.761904762	0	0	0	0.093559273	0.061820707	0.061339084	0.000623187	0.808047666	2.54151E-06	0.014226222	0.176349678	0.08893976	0.019065806	0.542372881	0.392677134	0.607322866	0.051835158	0.046925095	0.051835158	0	0.457627119	0.08113481	0.15301294	0.000287717	0.000560628	0.000672352	0.008388128	0.197313863	0.42903752	0.099150141	0.124285387	0.022267698	0.083634385	0.000302375	0.00247621	0.058010363	0.02448513	0.001300845	0.022299262	0.009912	0.003331701	0.003302274	0.011538998	0.000345267	0.000309809	8.26885E-07	0.009068229	0.031211797	0.046393794	0.000766528	0.154974083	0.03340576	0.01977954	0.031149469	0.360237152	0.008405328	0.000326779	5.35217E-05	0.074855551	0.051270623	0.178486691	2.0541E-05	0.004489504	0.000718948	0.000363859	0.024007218	0.017648385	0.062105201	0.447433197
Design 10	0.192634561	0.051835158	0.082294264	0.061840088	0.151515152	0.42903752	0.457627119	0.85915493	0.761904762	0	0	0	0.093559273	0.061820707	0.061339084	0.000623187	0.808047666	3.99218E-06	0.014226222	0.226006467	0.12548233	0.029896386	0.542372881	0.392677134	0.607322866	0.051835158	0.046925095	0.051835158	0	0.457627119	0.08113481	0.195907193	0.000562128	0.000560628	0.000672352	0.016393842	0.197313863	0.42903752	0.075354108	0.097410803	0.018710323	0.083634385	0.000302375	0.003095849	0.091133974	0.039013546	0.00217131	0.028270028	0.012536007	0.003331701	0.003302274	0.014442814	0.000345267	0.000309809	8.26885E-07	0.009068229	0.031211797	0.046393794	0.000970672	0.154974083	0.03340576	0.01977954	0.031149469	0.360237152	0.016429572	0.000652741	0.000107947	0.099315668	0.072395521	0.234081366	4.06151E-05	0.007579629	0.000920413	0.000532011	0.033997431	0.022663836	0.088270338	0.505055537
Design 10	0.235127479	0.051835158	0.082294264	0.061840088	0.151515152	0.42903752	0.457627119	0.85915493	0.761904762	0	0	0	0.093559273	0.061820707	0.061339084	0.000623187	0.808047666	5.76522E-06	0.014226222	0.275663256	0.165888563	0.043133763	0.542372881	0.392677134	0.607322866	0.051835158	0.046925095	0.051835158	0	0.457627119	0.08113481	0.238801445	0.000971494	0.000560628	0.000672352	0.028336793	0.197313863	0.42903752	0.059490085	0.078557267	0.016214689	0.083634385	0.000302375	0.003715487	0.131618387	0.056770499	0.003235212	0.034240794	0.015160013	0.003331701	0.003302274	0.017346629	0.000345267	0.000309809	8.26885E-07	0.009068229	0.031211797	0.046393794	0.001174815	0.154974083	0.03340576	0.01977954	0.031149469	0.360237152	0.028400166	0.001139014	0.00018914	0.123775786	0.09352042	0.289676041	7.05618E-05	0.011356449	0.001121879	0.000716269	0.043987643	0.027571357	0.114435475	0.450453949
Design 10	0.277620397	0.051835158	0.082294264	0.061840088	0.151515152	0.42903752	0.457627119	0.85915493	0.761904762	0	0	0	0.093559273	0.061820707	0.061339084	0.000623187	0.808047666	7.86063E-06	0.014226222	0.325320045	0.209819077	0.058777935	0.542372881	0.392677134	0.607322866	0.051835158	0.046925095	0.051835158	0	0.457627119	0.08113481	0.281695698	0.001542808	0.000560628	0.000672352	0.045004429	0.197313863	0.42903752	0.04815864	0.06450955	0.0143552	0.083634385	0.000302375	0.004335126	0.179463603	0.07775599	0.00449255	0.04021156	0.01778402	0.003331701	0.003302274	0.020250445	0.000345267	0.000309809	8.26885E-07	0.009068229	0.031211797	0.046393794	0.001378959	0.154974083	0.03340576	0.01977954	0.031149469	0.360237152	0.04510638	0.001817658	0.000302453	0.148235903	0.114645318	0.345270716	0.000112355	0.015819963	0.001323344	0.000915099	0.053977856	0.032390905	0.140600613	0.400785811
Design 10	0.320113314	0.051835158	0.082294264	0.061840088	0.151515152	0.42903752	0.457627119	0.85915493	0.761904762	0	0	0	0.093559273	0.061820707	0.061339084	0.000623187	0.808047666	1.02784E-05	0.014226222	0.374976834	0.257010921	0.076828902	0.542372881	0.392677134	0.607322866	0.051835158	0.046925095	0.051835158	0	0.457627119	0.08113481	0.324589951	0.002303059	0.000560628	0.000672352	0.067184195	0.197313863	0.42903752	0.039660057	0.053586817	0.012909363	0.083634385	0.000302375	0.004954764	0.234669621	0.101970017	0.005943325	0.046182326	0.020408026	0.003331701	0.003302274	0.02315426	0.000345267	0.000309809	8.26885E-07	0.009068229	0.031211797	0.046393794	0.001583102	0.154974083	0.03340576	0.01977954	0.031149469	0.360237152	0.067337483	0.002720736	0.000453239	0.17269602	0.135770216	0.400865391	0.000167971	0.020970171	0.001524809	0.001127317	0.063968069	0.0371364	0.16676575	0.339963094
Design 10	0.362606232	0.051835158	0.082294264	0.061840088	0.151515152	0.42903752	0.457627119	0.85915493	0.761904762	0	0	0	0.093559273	0.061820707	0.061339084	0.000623187	0.808047666	1.30186E-05	0.014226222	0.424633623	0.30725254	0.097286666	0.542372881	0.392677134	0.607322866	0.051835158	0.046925095	0.051835158	0	0.457627119	0.08113481	0.367484203	0.003279241	0.000560628	0.000672352	0.09566354	0.197313863	0.42903752	0.033050047	0.044819611	0.011748852	0.083634385	0.000302375	0.005574402	0.297236441	0.129412581	0.007587537	0.052153092	0.023032032	0.003331701	0.003302274	0.026058075	0.000345267	0.000309809	8.26885E-07	0.009068229	0.031211797	0.046393794	0.001787246	0.154974083	0.03340576	0.01977954	0.031149469	0.360237152	0.095882745	0.003880309	0.000646852	0.197156138	0.156895114	0.456460066	0.000239382	0.026807074	0.001726275	0.001351982	0.073958282	0.041818086	0.192930887	0.229573014
Design 10	0.40509915	0.051835158	0.082294264	0.061840088	0.151515152	0.42903752	0.457627119	0.85915493	0.761904762	0	0	0	0.093559273	0.061820707	0.061339084	0.000623187	0.808047666	1.60811E-05	0.014226222	0.474290412	0.360368919	0.120151225	0.542372881	0.392677134	0.607322866	0.051835158	0.046925095	0.051835158	0	0.457627119	0.08113481	0.410378456	0.004498343	0.000560628	0.000672352	0.131229911	0.197313863	0.42903752	0.02776204	0.037607094	0.010794135	0.083634385	0.000302375	0.006194041	0.367164064	0.160083682	0.009425185	0.058123858	0.025656039	0.003331701	0.003302274	0.028961891	0.000345267	0.000309809	8.26885E-07	0.009068229	0.031211797	0.046393794	0.00199139	0.154974083	0.03340576	0.01977954	0.031149469	0.360237152	0.131531437	0.005328439	0.000888645	0.221616255	0.178020012	0.512054741	0.000328564	0.033330671	0.00192774	0.001588316	0.083948495	0.046443807	0.219096024	0.119175559
Design 10	0.447592068	0.051835158	0.082294264	0.061840088	0.151515152	0.42903752	0.457627119	0.85915493	0.761904762	0	0	0	0.093559273	0.061820707	0.061339084	0.000623187	0.808047666	1.9466E-05	0.014226222	0.523947201	0.416212134	0.145422579	0.542372881	0.392677134	0.607322866	0.051835158	0.046925095	0.051835158	0	0.457627119	0.08113481	0.453272708	0.005987357	0.000560628	0.000672352	0.174670755	0.197313863	0.42903752	0.023435488	0.031555825	0.009993131	0.083634385	0.000302375	0.006813679	0.444452489	0.19398332	0.01145627	0.064094624	0.028280045	0.003331701	0.003302274	0.031865706	0.000345267	0.000309809	8.26885E-07	0.009068229	0.031211797	0.046393794	0.002195533	0.154974083	0.03340576	0.01977954	0.031149469	0.360237152	0.175072828	0.007097189	0.001183971	0.246076373	0.19914491	0.567649416	0.000437491	0.040540963	0.002129205	0.001835665	0.093938708	0.051019752	0.245261162	0.082777243
Design 10	0.490084986	0.051835158	0.082294264	0.061840088	0.151515152	0.42903752	0.457627119	0.85915493	0.761904762	0	0	0	0.093559273	0.061820707	0.061339084	0.000623187	0.808047666	2.31732E-05	0.014226222	0.57360399	0.474655002	0.17310073	0.542372881	0.392677134	0.607322866	0.051835158	0.046925095	0.051835158	0	0.457627119	0.08113481	0.496166961	0.007773274	0.000560628	0.000672352	0.22677352	0.197313863	0.42903752	0.019830028	0.026396714	0.009310222	0.083634385	0.000302375	0.007433318	0.529101717	0.231111495	0.013680792	0.07006539	0.030904052	0.003331701	0.003302274	0.034769522	0.000345267	0.000309809	8.26885E-07	0.009068229	0.031211797	0.046393794	0.002399677	0.154974083	0.03340576	0.01977954	0.031149469	0.360237152	0.227296189	0.00921862	0.001538185	0.27053649	0.220269808	0.623244091	0.000568137	0.048437949	0.002330671	0.002093472	0.103928921	0.055550924	0.271426299	0.057520811
Design 10	0.532577904	0.051835158	0.082294264	0.061840088	0.151515152	0.42903752	0.457627119	0.85915493	0.761904762	0	0	0	0.093559273	0.061820707	0.061339084	0.000623187	0.808047666	2.72029E-05	0.014226222	0.623260779	0.535586641	0.203185676	0.542372881	0.392677134	0.607322866	0.051835158	0.046925095	0.051835158	0	0.457627119	0.08113481	0.539061213	0.009883085	0.000560628	0.000672352	0.288325652	0.197313863	0.42903752	0.016779255	0.021939103	0.008720171	0.083634385	0.000302375	0.008052956	0.621111747	0.271468207	0.01609875	0.076036156	0.033528058	0.003331701	0.003302274	0.037673337	0.000345267	0.000309809	8.26885E-07	0.009068229	0.031211797	0.046393794	0.00260382	0.154974083	0.03340576	0.01977954	0.031149469	0.360237152	0.288990788	0.011724794	0.001956639	0.294996607	0.241394707	0.678838766	0.000722478	0.05702163	0.002532136	0.002361251	0.113919134	0.06004145	0.297591436	0.047705365
Design 10	0.575070822	0.051835158	0.082294264	0.061840088	0.151515152	0.42903752	0.457627119	0.85915493	0.761904762	0	0	0	0.093559273	0.061820707	0.061339084	0.000623187	0.808047666	3.15549E-05	0.014226222	0.672917568	0.598909261	0.235677417	0.542372881	0.392677134	0.607322866	0.051835158	0.046925095	0.051835158	0	0.457627119	0.08113481	0.581955466	0.012343782	0.000560628	0.000672352	0.3601146	0.197313863	0.42903752	0.014164306	0.018043892	0.008204563	0.083634385	0.000302375	0.008672595	0.720482579	0.315053456	0.018710145	0.082006922	0.036152065	0.003331701	0.003302274	0.040577152	0.000345267	0.000309809	8.26885E-07	0.009068229	0.031211797	0.046393794	0.002807964	0.154974083	0.03340576	0.01977954	0.031149469	0.360237152	0.360945897	0.014647773	0.002444686	0.319456725	0.262519605	0.734433441	0.000902487	0.066292005	0.002733601	0.002638576	0.123909347	0.064494785	0.323756574	0.039184423
Design 10	0.617563739	0.051835158	0.082294264	0.061840088	0.151515152	0.42903752	0.457627119	0.85915493	0.761904762	0	0	0	0.093559273	0.061820707	0.061339084	0.000623187	0.808047666	3.62293E-05	0.014226222	0.722574357	0.664535769	0.270575955	0.542372881	0.392677134	0.607322866	0.051835158	0.046925095	0.051835158	0	0.457627119	0.08113481	0.624849719	0.015182356	0.000560628	0.000672352	0.442927811	0.197313863	0.42903752	0.011898017	0.014607067	0.007749633	0.083634385	0.000302375	0.009292233	0.827214214	0.361867242	0.021514977	0.087977688	0.038776071	0.003331701	0.003302274	0.043480968	0.000345267	0.000309809	8.26885E-07	0.009068229	0.031211797	0.046393794	0.003012107	0.154974083	0.03340576	0.01977954	0.031149469	0.360237152	0.443950785	0.018019619	0.00300768	0.343916842	0.283644503	0.790028116	0.001110139	0.076249075	0.002935067	0.002925067	0.133899559	0.068913868	0.349921711	0.035912423
Design 10	0.660056657	0.051835158	0.082294264	0.061840088	0.151515152	0.42903752	0.457627119	0.85915493	0.761904762	0	0	0	0.093559273	0.061820707	0.061339084	0.000623187	0.808047666	4.1226E-05	0.014226222	0.772231146	0.732387953	0.307881288	0.542372881	0.392677134	0.607322866	0.051835158	0.046925095	0.051835158	0	0.457627119	0.08113481	0.667743971	0.018425797	0.000560628	0.000672352	0.537552731	0.197313863	0.42903752	0.009915014	0.011549196	0.007344864	0.083634385	0.000302375	0.009911872	0.941306651	0.411909565	0.024513245	0.093948454	0.041400078	0.003331701	0.003302274	0.046384783	0.000345267	0.000309809	8.26885E-07	0.009068229	0.031211797	0.046393794	0.003216251	0.154974083	0.03340576	0.01977954	0.031149469	0.360237152	0.538794721	0.021872394	0.003650975	0.36837696	0.304769401	0.84562279	0.001347408	0.086892839	0.003136532	0.003220388	0.143889772	0.073301223	0.376086848	0.034088207
Design 11	0.065155807	0.051835158	0.082294264	0.061840088	0.151515152	0.42903752	0.457627119	0.85915493	0.761904762	0	0	0	0.093559273	0.061820707	0.061339084	0.000623187	0.808047666	6.07287E-07	0.014226222	0.0770361	0.029517631	0.004625032	0.542372881	0.392677134	0.607322866	0.051835158	0.046925095	0.051835158	0.01843318	0.457627119	0.08113481	0.067224435	3.57994E-05	0.000560628	0.000672352	0.00103862	0.197313863	0.42903752	0.218130311	0.243185736	0.038006479	0.083634385	0.000302375	0.001236933	0.013845549	0.005113908	0.000140225	0.01035773	0.004663987	0.003331701	0.003302274	0.005731368	0.000345267	0.000309809	8.26885E-07	0.009068229	0.031211797	0.046393794	0.000358241	0.154974083	0.03340576	0.01977954	0.031149469	0.360237152	0.001038808	2.75339E-05	3.55706E-06	0.025935316	0.009020827	0.067297342	2.1123E-06	0.000369337	0.000316017	8.53843E-05	0.004026792	0.007146946	0.009774926	0.490796488
Design 11	0.107648725	0.051835158	0.082294264	0.061840088	0.151515152	0.42903752	0.457627119	0.85915493	0.761904762	0	0	0	0.093559273	0.061820707	0.061339084	0.000623187	0.808047666	1.41321E-06	0.014226222	0.126692889	0.056723141	0.010642021	0.542372881	0.392677134	0.607322866	0.051835158	0.046925095	0.051835158	0.01843318	0.457627119	0.08113481	0.110118688	0.000121271	0.000560628	0.000672352	0.003532203	0.197313863	0.42903752	0.138810198	0.166280511	0.027826572	0.083634385	0.000302375	0.001856572	0.032247555	0.01318525	0.000623816	0.016328496	0.007287994	0.003331701	0.003302274	0.008635183	0.000345267	0.000309809	8.26885E-07	0.009068229	0.031211797	0.046393794	0.000562385	0.154974083	0.03340576	0.01977954	0.031149469	0.360237152	0.003538163	0.000129063	2.05093E-05	0.050395434	0.030145725	0.122892016	8.36489E-06	0.002086073	0.000517483	0.000213928	0.014017005	0.012494104	0.035940063	0.433855387
Design 11	0.150141643	0.051835158	0.082294264	0.061840088	0.151515152	0.42903752	0.457627119	0.85915493	0.761904762	0	0	0	0.093559273	0.061820707	0.061339084	0.000623187	0.808047666	2.54151E-06	0.014226222	0.176349678	0.08893976	0.019065806	0.542372881	0.392677134	0.607322866	0.051835158	0.046925095	0.051835158	0.01843318	0.457627119	0.08113481	0.15301294	0.000287717	0.000560628	0.000672352	0.008388128	0.197313863	0.42903752	0.099150141	0.124285387	0.022267698	0.083634385	0.000302375	0.00247621	0.058010363	0.02448513	0.001300845	0.022299262	0.009912	0.003331701	0.003302274	0.011538998	0.000345267	0.000309809	8.26885E-07	0.009068229	0.031211797	0.046393794	0.000766528	0.154974083	0.03340576	0.01977954	0.031149469	0.360237152	0.008405328	0.000326779	5.35217E-05	0.074855551	0.051270623	0.178486691	2.0541E-05	0.004489504	0.000718948	0.000363859	0.024007218	0.017648385	0.062105201	0.467316654
Design 11	0.192634561	0.051835158	0.082294264	0.061840088	0.151515152	0.42903752	0.457627119	0.85915493	0.761904762	0	0	0	0.093559273	0.061820707	0.061339084	0.000623187	0.808047666	3.99218E-06	0.014226222	0.226006467	0.12548233	0.029896386	0.542372881	0.392677134	0.607322866	0.051835158	0.046925095	0.051835158	0.01843318	0.457627119	0.08113481	0.195907193	0.000562128	0.000560628	0.000672352	0.016393842	0.197313863	0.42903752	0.075354108	0.097410803	0.018710323	0.083634385	0.000302375	0.003095849	0.091133974	0.039013546	0.00217131	0.028270028	0.012536007	0.003331701	0.003302274	0.014442814	0.000345267	0.000309809	8.26885E-07	0.009068229	0.031211797	0.046393794	0.000970672	0.154974083	0.03340576	0.01977954	0.031149469	0.360237152	0.016429572	0.000652741	0.000107947	0.099315668	0.072395521	0.234081366	4.06151E-05	0.007579629	0.000920413	0.000532011	0.033997431	0.022663836	0.088270338	0.398109765
Design 11	0.235127479	0.051835158	0.082294264	0.061840088	0.151515152	0.42903752	0.457627119	0.85915493	0.761904762	0	0	0	0.093559273	0.061820707	0.061339084	0.000623187	0.808047666	5.76522E-06	0.014226222	0.275663256	0.165888563	0.043133763	0.542372881	0.392677134	0.607322866	0.051835158	0.046925095	0.051835158	0.01843318	0.457627119	0.08113481	0.238801445	0.000971494	0.000560628	0.000672352	0.028336793	0.197313863	0.42903752	0.059490085	0.078557267	0.016214689	0.083634385	0.000302375	0.003715487	0.131618387	0.056770499	0.003235212	0.034240794	0.015160013	0.003331701	0.003302274	0.017346629	0.000345267	0.000309809	8.26885E-07	0.009068229	0.031211797	0.046393794	0.001174815	0.154974083	0.03340576	0.01977954	0.031149469	0.360237152	0.028400166	0.001139014	0.00018914	0.123775786	0.09352042	0.289676041	7.05618E-05	0.011356449	0.001121879	0.000716269	0.043987643	0.027571357	0.114435475	0.246219527
Design 11	0.277620397	0.051835158	0.082294264	0.061840088	0.151515152	0.42903752	0.457627119	0.85915493	0.761904762	0	0	0	0.093559273	0.061820707	0.061339084	0.000623187	0.808047666	7.86063E-06	0.014226222	0.325320045	0.209819077	0.058777935	0.542372881	0.392677134	0.607322866	0.051835158	0.046925095	0.051835158	0.01843318	0.457627119	0.08113481	0.281695698	0.001542808	0.000560628	0.000672352	0.045004429	0.197313863	0.42903752	0.04815864	0.06450955	0.0143552	0.083634385	0.000302375	0.004335126	0.179463603	0.07775599	0.00449255	0.04021156	0.01778402	0.003331701	0.003302274	0.020250445	0.000345267	0.000309809	8.26885E-07	0.009068229	0.031211797	0.046393794	0.001378959	0.154974083	0.03340576	0.01977954	0.031149469	0.360237152	0.04510638	0.001817658	0.000302453	0.148235903	0.114645318	0.345270716	0.000112355	0.015819963	0.001323344	0.000915099	0.053977856	0.032390905	0.140600613	0.14070305
Design 11	0.320113314	0.051835158	0.082294264	0.061840088	0.151515152	0.42903752	0.457627119	0.85915493	0.761904762	0	0	0	0.093559273	0.061820707	0.061339084	0.000623187	0.808047666	1.02784E-05	0.014226222	0.374976834	0.257010921	0.076828902	0.542372881	0.392677134	0.607322866	0.051835158	0.046925095	0.051835158	0.01843318	0.457627119	0.08113481	0.324589951	0.002303059	0.000560628	0.000672352	0.067184195	0.197313863	0.42903752	0.039660057	0.053586817	0.012909363	0.083634385	0.000302375	0.004954764	0.234669621	0.101970017	0.005943325	0.046182326	0.020408026	0.003331701	0.003302274	0.02315426	0.000345267	0.000309809	8.26885E-07	0.009068229	0.031211797	0.046393794	0.001583102	0.154974083	0.03340576	0.01977954	0.031149469	0.360237152	0.067337483	0.002720736	0.000453239	0.17269602	0.135770216	0.400865391	0.000167971	0.020970171	0.001524809	0.001127317	0.063968069	0.0371364	0.16676575	0.091748042
Design 11	0.362606232	0.051835158	0.082294264	0.061840088	0.151515152	0.42903752	0.457627119	0.85915493	0.761904762	0	0	0	0.093559273	0.061820707	0.061339084	0.000623187	0.808047666	1.30186E-05	0.014226222	0.424633623	0.30725254	0.097286666	0.542372881	0.392677134	0.607322866	0.051835158	0.046925095	0.051835158	0.01843318	0.457627119	0.08113481	0.367484203	0.003279241	0.000560628	0.000672352	0.09566354	0.197313863	0.42903752	0.033050047	0.044819611	0.011748852	0.083634385	0.000302375	0.005574402	0.297236441	0.129412581	0.007587537	0.052153092	0.023032032	0.003331701	0.003302274	0.026058075	0.000345267	0.000309809	8.26885E-07	0.009068229	0.031211797	0.046393794	0.001787246	0.154974083	0.03340576	0.01977954	0.031149469	0.360237152	0.095882745	0.003880309	0.000646852	0.197156138	0.156895114	0.456460066	0.000239382	0.026807074	0.001726275	0.001351982	0.073958282	0.041818086	0.192930887	0.058264043
Design 12	0.065155807	0.051835158	0.082294264	0.061840088	0.151515152	0.42903752	0.457627119	0.85915493	0.761904762	0.333333333	0	0	0.093559273	0.061820707	0.061339084	0.000623187	0.808047666	6.07287E-07	0.014226222	0.0770361	0.029517631	0.004625032	0.542372881	0.392677134	0.607322866	0.051835158	0.046925095	0.051835158	0.138566661	0.457627119	0.08113481	0.067224435	3.57994E-05	0.000560628	0.000672352	0.00103862	0.197313863	0.42903752	0.218130311	0.243185736	0.038006479	0.083634385	0.000302375	0.001236933	0.013845549	0.005113908	0.000140225	0.01035773	0.004663987	0.003331701	0.003302274	0.005731368	0.000345267	0.000309809	8.26885E-07	0.009068229	0.031211797	0.046393794	0.000358241	0.154974083	0.03340576	0.01977954	0.031149469	0.360237152	0.001038808	2.75339E-05	3.55706E-06	0.025935316	0.009020827	0.067297342	2.1123E-06	0.000369337	0.000316017	8.53843E-05	0.004026792	0.007146946	0.009774926	0.45678491
Design 12	0.107648725	0.051835158	0.082294264	0.061840088	0.151515152	0.42903752	0.457627119	0.85915493	0.761904762	0.333333333	0	0	0.093559273	0.061820707	0.061339084	0.000623187	0.808047666	1.41321E-06	0.014226222	0.126692889	0.056723141	0.010642021	0.542372881	0.392677134	0.607322866	0.051835158	0.046925095	0.051835158	0.138566661	0.457627119	0.08113481	0.110118688	0.000121271	0.000560628	0.000672352	0.003532203	0.197313863	0.42903752	0.138810198	0.166280511	0.027826572	0.083634385	0.000302375	0.001856572	0.032247555	0.01318525	0.000623816	0.016328496	0.007287994	0.003331701	0.003302274	0.008635183	0.000345267	0.000309809	8.26885E-07	0.009068229	0.031211797	0.046393794	0.000562385	0.154974083	0.03340576	0.01977954	0.031149469	0.360237152	0.003538163	0.000129063	2.05093E-05	0.050395434	0.030145725	0.122892016	8.36489E-06	0.002086073	0.000517483	0.000213928	0.014017005	0.012494104	0.035940063	0.434039218
Design 12	0.150141643	0.051835158	0.082294264	0.061840088	0.151515152	0.42903752	0.457627119	0.85915493	0.761904762	0.333333333	0	0	0.093559273	0.061820707	0.061339084	0.000623187	0.808047666	2.54151E-06	0.014226222	0.176349678	0.08893976	0.019065806	0.542372881	0.392677134	0.607322866	0.051835158	0.046925095	0.051835158	0.138566661	0.457627119	0.08113481	0.15301294	0.000287717	0.000560628	0.000672352	0.008388128	0.197313863	0.42903752	0.099150141	0.124285387	0.022267698	0.083634385	0.000302375	0.00247621	0.058010363	0.02448513	0.001300845	0.022299262	0.009912	0.003331701	0.003302274	0.011538998	0.000345267	0.000309809	8.26885E-07	0.009068229	0.031211797	0.046393794	0.000766528	0.154974083	0.03340576	0.01977954	0.031149469	0.360237152	0.008405328	0.000326779	5.35217E-05	0.074855551	0.051270623	0.178486691	2.0541E-05	0.004489504	0.000718948	0.000363859	0.024007218	0.017648385	0.062105201	0.296606248
Design 12	0.192634561	0.051835158	0.082294264	0.061840088	0.151515152	0.42903752	0.457627119	0.85915493	0.761904762	0.333333333	0	0	0.093559273	0.061820707	0.061339084	0.000623187	0.808047666	3.99218E-06	0.014226222	0.226006467	0.12548233	0.029896386	0.542372881	0.392677134	0.607322866	0.051835158	0.046925095	0.051835158	0.138566661	0.457627119	0.08113481	0.195907193	0.000562128	0.000560628	0.000672352	0.016393842	0.197313863	0.42903752	0.075354108	0.097410803	0.018710323	0.083634385	0.000302375	0.003095849	0.091133974	0.039013546	0.00217131	0.028270028	0.012536007	0.003331701	0.003302274	0.014442814	0.000345267	0.000309809	8.26885E-07	0.009068229	0.031211797	0.046393794	0.000970672	0.154974083	0.03340576	0.01977954	0.031149469	0.360237152	0.016429572	0.000652741	0.000107947	0.099315668	0.072395521	0.234081366	4.06151E-05	0.007579629	0.000920413	0.000532011	0.033997431	0.022663836	0.088270338	0.169872462
Design 12	0.235127479	0.051835158	0.082294264	0.061840088	0.151515152	0.42903752	0.457627119	0.85915493	0.761904762	0.333333333	0	0	0.093559273	0.061820707	0.061339084	0.000623187	0.808047666	5.76522E-06	0.014226222	0.275663256	0.165888563	0.043133763	0.542372881	0.392677134	0.607322866	0.051835158	0.046925095	0.051835158	0.138566661	0.457627119	0.08113481	0.238801445	0.000971494	0.000560628	0.000672352	0.028336793	0.197313863	0.42903752	0.059490085	0.078557267	0.016214689	0.083634385	0.000302375	0.003715487	0.131618387	0.056770499	0.003235212	0.034240794	0.015160013	0.003331701	0.003302274	0.017346629	0.000345267	0.000309809	8.26885E-07	0.009068229	0.031211797	0.046393794	0.001174815	0.154974083	0.03340576	0.01977954	0.031149469	0.360237152	0.028400166	0.001139014	0.00018914	0.123775786	0.09352042	0.289676041	7.05618E-05	0.011356449	0.001121879	0.000716269	0.043987643	0.027571357	0.114435475	0.073580805
Design 12	0.277620397	0.051835158	0.082294264	0.061840088	0.151515152	0.42903752	0.457627119	0.85915493	0.761904762	0.333333333	0	0	0.093559273	0.061820707	0.061339084	0.000623187	0.808047666	7.86063E-06	0.014226222	0.325320045	0.209819077	0.058777935	0.542372881	0.392677134	0.607322866	0.051835158	0.046925095	0.051835158	0.138566661	0.457627119	0.08113481	0.281695698	0.001542808	0.000560628	0.000672352	0.045004429	0.197313863	0.42903752	0.04815864	0.06450955	0.0143552	0.083634385	0.000302375	0.004335126	0.179463603	0.07775599	0.00449255	0.04021156	0.01778402	0.003331701	0.003302274	0.020250445	0.000345267	0.000309809	8.26885E-07	0.009068229	0.031211797	0.046393794	0.001378959	0.154974083	0.03340576	0.01977954	0.031149469	0.360237152	0.04510638	0.001817658	0.000302453	0.148235903	0.114645318	0.345270716	0.000112355	0.015819963	0.001323344	0.000915099	0.053977856	0.032390905	0.140600613	0.044045268
Design 12	0.320113314	0.051835158	0.082294264	0.061840088	0.151515152	0.42903752	0.457627119	0.85915493	0.761904762	0.333333333	0	0	0.093559273	0.061820707	0.061339084	0.000623187	0.808047666	1.02784E-05	0.014226222	0.374976834	0.257010921	0.076828902	0.542372881	0.392677134	0.607322866	0.051835158	0.046925095	0.051835158	0.138566661	0.457627119	0.08113481	0.324589951	0.002303059	0.000560628	0.000672352	0.067184195	0.197313863	0.42903752	0.039660057	0.053586817	0.012909363	0.083634385	0.000302375	0.004954764	0.234669621	0.101970017	0.005943325	0.046182326	0.020408026	0.003331701	0.003302274	0.02315426	0.000345267	0.000309809	8.26885E-07	0.009068229	0.031211797	0.046393794	0.001583102	0.154974083	0.03340576	0.01977954	0.031149469	0.360237152	0.067337483	0.002720736	0.000453239	0.17269602	0.135770216	0.400865391	0.000167971	0.020970171	0.001524809	0.001127317	0.063968069	0.0371364	0.16676575	0.034323264
Design 13	0.065155807	0.051835158	0.082294264	0.061840088	0.151515152	0.42903752	0.457627119	0.85915493	0.761904762	0.333333333	0	0	0.093559273	0.061820707	0.061339084	0.000623187	0.808047666	6.07287E-07	0.014226222	0.0770361	0.029517631	0.004625032	0.542372881	0.392677134	0.607322866	0.051835158	0.046925095	0.051835158	0.105037343	0.457627119	0.08113481	0.067224435	3.57994E-05	0.000560628	0.000672352	0.00103862	0.197313863	0.42903752	0.218130311	0.243185736	0.038006479	0.083634385	0.000302375	0.001236933	0.013845549	0.005113908	0.000140225	0.01035773	0.004663987	0.003331701	0.003302274	0.005731368	0.000345267	0.000309809	8.26885E-07	0.009068229	0.031211797	0.046393794	0.000358241	0.154974083	0.03340576	0.01977954	0.031149469	0.360237152	0.001038808	2.75339E-05	3.55706E-06	0.025935316	0.009020827	0.067297342	2.1123E-06	0.000369337	0.000316017	8.53843E-05	0.004026792	0.007146946	0.009774926	0.479283607
Design 13	0.107648725	0.051835158	0.082294264	0.061840088	0.151515152	0.42903752	0.457627119	0.85915493	0.761904762	0.333333333	0	0	0.093559273	0.061820707	0.061339084	0.000623187	0.808047666	1.41321E-06	0.014226222	0.126692889	0.056723141	0.010642021	0.542372881	0.392677134	0.607322866	0.051835158	0.046925095	0.051835158	0.105037343	0.457627119	0.08113481	0.110118688	0.000121271	0.000560628	0.000672352	0.003532203	0.197313863	0.42903752	0.138810198	0.166280511	0.027826572	0.083634385	0.000302375	0.001856572	0.032247555	0.01318525	0.000623816	0.016328496	0.007287994	0.003331701	0.003302274	0.008635183	0.000345267	0.000309809	8.26885E-07	0.009068229	0.031211797	0.046393794	0.000562385	0.154974083	0.03340576	0.01977954	0.031149469	0.360237152	0.003538163	0.000129063	2.05093E-05	0.050395434	0.030145725	0.122892016	8.36489E-06	0.002086073	0.000517483	0.000213928	0.014017005	0.012494104	0.035940063	0.4640619
Design 13	0.150141643	0.051835158	0.082294264	0.061840088	0.151515152	0.42903752	0.457627119	0.85915493	0.761904762	0.333333333	0	0	0.093559273	0.061820707	0.061339084	0.000623187	0.808047666	2.54151E-06	0.014226222	0.176349678	0.08893976	0.019065806	0.542372881	0.392677134	0.607322866	0.051835158	0.046925095	0.051835158	0.105037343	0.457627119	0.08113481	0.15301294	0.000287717	0.000560628	0.000672352	0.008388128	0.197313863	0.42903752	0.099150141	0.124285387	0.022267698	0.083634385	0.000302375	0.00247621	0.058010363	0.02448513	0.001300845	0.022299262	0.009912	0.003331701	0.003302274	0.011538998	0.000345267	0.000309809	8.26885E-07	0.009068229	0.031211797	0.046393794	0.000766528	0.154974083	0.03340576	0.01977954	0.031149469	0.360237152	0.008405328	0.000326779	5.35217E-05	0.074855551	0.051270623	0.178486691	2.0541E-05	0.004489504	0.000718948	0.000363859	0.024007218	0.017648385	0.062105201	0.322132223
Design 13	0.192634561	0.051835158	0.082294264	0.061840088	0.151515152	0.42903752	0.457627119	0.85915493	0.761904762	0.333333333	0	0	0.093559273	0.061820707	0.061339084	0.000623187	0.808047666	3.99218E-06	0.014226222	0.226006467	0.12548233	0.029896386	0.542372881	0.392677134	0.607322866	0.051835158	0.046925095	0.051835158	0.105037343	0.457627119	0.08113481	0.195907193	0.000562128	0.000560628	0.000672352	0.016393842	0.197313863	0.42903752	0.075354108	0.097410803	0.018710323	0.083634385	0.000302375	0.003095849	0.091133974	0.039013546	0.00217131	0.028270028	0.012536007	0.003331701	0.003302274	0.014442814	0.000345267	0.000309809	8.26885E-07	0.009068229	0.031211797	0.046393794	0.000970672	0.154974083	0.03340576	0.01977954	0.031149469	0.360237152	0.016429572	0.000652741	0.000107947	0.099315668	0.072395521	0.234081366	4.06151E-05	0.007579629	0.000920413	0.000532011	0.033997431	0.022663836	0.088270338	0.189827311
Design 13	0.235127479	0.051835158	0.082294264	0.061840088	0.151515152	0.42903752	0.457627119	0.85915493	0.761904762	0.333333333	0	0	0.093559273	0.061820707	0.061339084	0.000623187	0.808047666	5.76522E-06	0.014226222	0.275663256	0.165888563	0.043133763	0.542372881	0.392677134	0.607322866	0.051835158	0.046925095	0.051835158	0.105037343	0.457627119	0.08113481	0.238801445	0.000971494	0.000560628	0.000672352	0.028336793	0.197313863	0.42903752	0.059490085	0.078557267	0.016214689	0.083634385	0.000302375	0.003715487	0.131618387	0.056770499	0.003235212	0.034240794	0.015160013	0.003331701	0.003302274	0.017346629	0.000345267	0.000309809	8.26885E-07	0.009068229	0.031211797	0.046393794	0.001174815	0.154974083	0.03340576	0.01977954	0.031149469	0.360237152	0.028400166	0.001139014	0.00018914	0.123775786	0.09352042	0.289676041	7.05618E-05	0.011356449	0.001121879	0.000716269	0.043987643	0.027571357	0.114435475	0.087523592
Design 13	0.277620397	0.051835158	0.082294264	0.061840088	0.151515152	0.42903752	0.457627119	0.85915493	0.761904762	0.333333333	0	0	0.093559273	0.061820707	0.061339084	0.000623187	0.808047666	7.86063E-06	0.014226222	0.325320045	0.209819077	0.058777935	0.542372881	0.392677134	0.607322866	0.051835158	0.046925095	0.051835158	0.105037343	0.457627119	0.08113481	0.281695698	0.001542808	0.000560628	0.000672352	0.045004429	0.197313863	0.42903752	0.04815864	0.06450955	0.0143552	0.083634385	0.000302375	0.004335126	0.179463603	0.07775599	0.00449255	0.04021156	0.01778402	0.003331701	0.003302274	0.020250445	0.000345267	0.000309809	8.26885E-07	0.009068229	0.031211797	0.046393794	0.001378959	0.154974083	0.03340576	0.01977954	0.031149469	0.360237152	0.04510638	0.001817658	0.000302453	0.148235903	0.114645318	0.345270716	0.000112355	0.015819963	0.001323344	0.000915099	0.053977856	0.032390905	0.140600613	0.051172934
Design 13	0.320113314	0.051835158	0.082294264	0.061840088	0.151515152	0.42903752	0.457627119	0.85915493	0.761904762	0.333333333	0	0	0.093559273	0.061820707	0.061339084	0.000623187	0.808047666	1.02784E-05	0.014226222	0.374976834	0.257010921	0.076828902	0.542372881	0.392677134	0.607322866	0.051835158	0.046925095	0.051835158	0.105037343	0.457627119	0.08113481	0.324589951	0.002303059	0.000560628	0.000672352	0.067184195	0.197313863	0.42903752	0.039660057	0.053586817	0.012909363	0.083634385	0.000302375	0.004954764	0.234669621	0.101970017	0.005943325	0.046182326	0.020408026	0.003331701	0.003302274	0.02315426	0.000345267	0.000309809	8.26885E-07	0.009068229	0.031211797	0.046393794	0.001583102	0.154974083	0.03340576	0.01977954	0.031149469	0.360237152	0.067337483	0.002720736	0.000453239	0.17269602	0.135770216	0.400865391	0.000167971	0.020970171	0.001524809	0.001127317	0.063968069	0.0371364	0.16676575	0.038244464
Design 14	0.065155807	0.051835158	0.082294264	0.061840088	0.151515152	0.42903752	0.457627119	0.85915493	0.761904762	0.333333333	0	0	0.093559273	0.061820707	0.061339084	0.000623187	0.808047666	6.07287E-07	0.014226222	0.0770361	0.029517631	0.004625032	0.542372881	0.392677134	0.607322866	0.051835158	0.046925095	0.051835158	0.074368346	0.457627119	0.08113481	0.067224435	3.57994E-05	0.000560628	0.000672352	0.00103862	0.197313863	0.42903752	0.218130311	0.243185736	0.038006479	0.083634385	0.000302375	0.001236933	0.013845549	0.005113908	0.000140225	0.01035773	0.004663987	0.003331701	0.003302274	0.005731368	0.000345267	0.000309809	8.26885E-07	0.009068229	0.031211797	0.046393794	0.000358241	0.154974083	0.03340576	0.01977954	0.031149469	0.360237152	0.001038808	2.75339E-05	3.55706E-06	0.025935316	0.009020827	0.067297342	2.1123E-06	0.000369337	0.000316017	8.53843E-05	0.004026792	0.007146946	0.009774926	0.491608522
Design 14	0.107648725	0.051835158	0.082294264	0.061840088	0.151515152	0.42903752	0.457627119	0.85915493	0.761904762	0.333333333	0	0	0.093559273	0.061820707	0.061339084	0.000623187	0.808047666	1.41321E-06	0.014226222	0.126692889	0.056723141	0.010642021	0.542372881	0.392677134	0.607322866	0.051835158	0.046925095	0.051835158	0.074368346	0.457627119	0.08113481	0.110118688	0.000121271	0.000560628	0.000672352	0.003532203	0.197313863	0.42903752	0.138810198	0.166280511	0.027826572	0.083634385	0.000302375	0.001856572	0.032247555	0.01318525	0.000623816	0.016328496	0.007287994	0.003331701	0.003302274	0.008635183	0.000345267	0.000309809	8.26885E-07	0.009068229	0.031211797	0.046393794	0.000562385	0.154974083	0.03340576	0.01977954	0.031149469	0.360237152	0.003538163	0.000129063	2.05093E-05	0.050395434	0.030145725	0.122892016	8.36489E-06	0.002086073	0.000517483	0.000213928	0.014017005	0.012494104	0.035940063	0.498377377
Design 14	0.150141643	0.051835158	0.082294264	0.061840088	0.151515152	0.42903752	0.457627119	0.85915493	0.761904762	0.333333333	0	0	0.093559273	0.061820707	0.061339084	0.000623187	0.808047666	2.54151E-06	0.014226222	0.176349678	0.08893976	0.019065806	0.542372881	0.392677134	0.607322866	0.051835158	0.046925095	0.051835158	0.074368346	0.457627119	0.08113481	0.15301294	0.000287717	0.000560628	0.000672352	0.008388128	0.197313863	0.42903752	0.099150141	0.124285387	0.022267698	0.083634385	0.000302375	0.00247621	0.058010363	0.02448513	0.001300845	0.022299262	0.009912	0.003331701	0.003302274	0.011538998	0.000345267	0.000309809	8.26885E-07	0.009068229	0.031211797	0.046393794	0.000766528	0.154974083	0.03340576	0.01977954	0.031149469	0.360237152	0.008405328	0.000326779	5.35217E-05	0.074855551	0.051270623	0.178486691	2.0541E-05	0.004489504	0.000718948	0.000363859	0.024007218	0.017648385	0.062105201	0.386911587
Design 14	0.192634561	0.051835158	0.082294264	0.061840088	0.151515152	0.42903752	0.457627119	0.85915493	0.761904762	0.333333333	0	0	0.093559273	0.061820707	0.061339084	0.000623187	0.808047666	3.99218E-06	0.014226222	0.226006467	0.12548233	0.029896386	0.542372881	0.392677134	0.607322866	0.051835158	0.046925095	0.051835158	0.074368346	0.457627119	0.08113481	0.195907193	0.000562128	0.000560628	0.000672352	0.016393842	0.197313863	0.42903752	0.075354108	0.097410803	0.018710323	0.083634385	0.000302375	0.003095849	0.091133974	0.039013546	0.00217131	0.028270028	0.012536007	0.003331701	0.003302274	0.014442814	0.000345267	0.000309809	8.26885E-07	0.009068229	0.031211797	0.046393794	0.000970672	0.154974083	0.03340576	0.01977954	0.031149469	0.360237152	0.016429572	0.000652741	0.000107947	0.099315668	0.072395521	0.234081366	4.06151E-05	0.007579629	0.000920413	0.000532011	0.033997431	0.022663836	0.088270338	0.240964108
Design 14	0.235127479	0.051835158	0.082294264	0.061840088	0.151515152	0.42903752	0.457627119	0.85915493	0.761904762	0.333333333	0	0	0.093559273	0.061820707	0.061339084	0.000623187	0.808047666	5.76522E-06	0.014226222	0.275663256	0.165888563	0.043133763	0.542372881	0.392677134	0.607322866	0.051835158	0.046925095	0.051835158	0.074368346	0.457627119	0.08113481	0.238801445	0.000971494	0.000560628	0.000672352	0.028336793	0.197313863	0.42903752	0.059490085	0.078557267	0.016214689	0.083634385	0.000302375	0.003715487	0.131618387	0.056770499	0.003235212	0.034240794	0.015160013	0.003331701	0.003302274	0.017346629	0.000345267	0.000309809	8.26885E-07	0.009068229	0.031211797	0.046393794	0.001174815	0.154974083	0.03340576	0.01977954	0.031149469	0.360237152	0.028400166	0.001139014	0.00018914	0.123775786	0.09352042	0.289676041	7.05618E-05	0.011356449	0.001121879	0.000716269	0.043987643	0.027571357	0.114435475	0.135553468
Design 14	0.277620397	0.051835158	0.082294264	0.061840088	0.151515152	0.42903752	0.457627119	0.85915493	0.761904762	0.333333333	0	0	0.093559273	0.061820707	0.061339084	0.000623187	0.808047666	7.86063E-06	0.014226222	0.325320045	0.209819077	0.058777935	0.542372881	0.392677134	0.607322866	0.051835158	0.046925095	0.051835158	0.074368346	0.457627119	0.08113481	0.281695698	0.001542808	0.000560628	0.000672352	0.045004429	0.197313863	0.42903752	0.04815864	0.06450955	0.0143552	0.083634385	0.000302375	0.004335126	0.179463603	0.07775599	0.00449255	0.04021156	0.01778402	0.003331701	0.003302274	0.020250445	0.000345267	0.000309809	8.26885E-07	0.009068229	0.031211797	0.046393794	0.001378959	0.154974083	0.03340576	0.01977954	0.031149469	0.360237152	0.04510638	0.001817658	0.000302453	0.148235903	0.114645318	0.345270716	0.000112355	0.015819963	0.001323344	0.000915099	0.053977856	0.032390905	0.140600613	0.070369499
Design 14	0.320113314	0.051835158	0.082294264	0.061840088	0.151515152	0.42903752	0.457627119	0.85915493	0.761904762	0.333333333	0	0	0.093559273	0.061820707	0.061339084	0.000623187	0.808047666	1.02784E-05	0.014226222	0.374976834	0.257010921	0.076828902	0.542372881	0.392677134	0.607322866	0.051835158	0.046925095	0.051835158	0.074368346	0.457627119	0.08113481	0.324589951	0.002303059	0.000560628	0.000672352	0.067184195	0.197313863	0.42903752	0.039660057	0.053586817	0.012909363	0.083634385	0.000302375	0.004954764	0.234669621	0.101970017	0.005943325	0.046182326	0.020408026	0.003331701	0.003302274	0.02315426	0.000345267	0.000309809	8.26885E-07	0.009068229	0.031211797	0.046393794	0.001583102	0.154974083	0.03340576	0.01977954	0.031149469	0.360237152	0.067337483	0.002720736	0.000453239	0.17269602	0.135770216	0.400865391	0.000167971	0.020970171	0.001524809	0.001127317	0.063968069	0.0371364	0.16676575	0.050609383
